,6PG5,6PG8,6PG9,6PG10,6PG11,6PG12,6PG15,6PG25,6PG27,6PG28,6PG30,ML11,ML12,ML15,ML17,6PG33,6PG35
0,,,,,,,,,,,,,,,,,
1,0.08826673963053054,0.08115817690426914,0.35862749525899495,0.34567903243973946,0.24573578529294288,0.3145485569340382,0.0686466659515102,0.1640008497106866,0.23895525164848674,0.004272686289378247,0.3696678730282448,0.10271692436880185,0.36416756000085454,0.6114068806139014,0.5876189539449349,0.2592965836346015,0.3404721532727161
2,0.1249733088858497,0.22909483600228864,0.22953571445777082,0.3287723292613549,0.07721113787456076,0.6255767713333599,0.5774007677857065,0.5310654895084248,0.04345811334722892,0.11253618356081586,0.2367132787244971,0.10181479848039697,0.2185789488523599,0.16297240907811295,0.0896385547593205,0.07836771718827734,0.3962394770816235
3,0.03094580283997641,0.36785904095520433,0.12829082984104564,0.0012770560446317123,0.5217362846465882,0.6018953136370551,0.05636253027746329,0.672083075570555,0.2016767269056458,0.41419178000111234,0.38347854151762534,0.1878350115634227,0.11382895092440659,0.5206113858130917,0.058284322283222736,0.42984540858524806,0.3849374464537227
4,0.05673436476632692,0.07188763898268291,0.03795874820162959,0.226927844098621,0.21861328626679072,0.3686894276684885,0.2347378509233648,0.05218965920371706,0.06813776706924965,0.1770483211710229,0.07150966814160126,0.09259988273690829,0.057072873895336974,0.07316867042705498,0.26564089411285113,0.1112800509050976,0.008595009985006412
5,0.07042167584837998,0.09857400640871843,0.07041919671074855,0.04552832361630089,0.06362285362986718,0.06487516528941725,0.09601323250107163,0.05364359923600362,0.29219331895349265,0.10054718273741013,0.35495605402155855,0.09993175800624582,0.30385330727203236,0.12266822305016566,0.07312557429546757,0.3498868270719477,0.3955703968185826
6,0.022914245677103085,0.08138124412166467,0.01930449031547309,0.1442459611882892,0.1980035117786721,0.08021490608287421,0.38156372933352434,0.18073174545575071,0.34197720392131403,0.6686869798188364,0.05665703899558367,0.0028649682646416327,0.37162728652104393,0.2516231205902173,0.2732987847143897,0.06895155652587114,0.32389797557928807
7,0.02729994630532981,0.3119461850888075,0.15725041200629045,0.04412905221223675,0.03531283927081832,0.2727826078387339,0.24228105511326656,0.06902267457679571,0.05826846931411837,0.06695266307839956,0.2642239796863297,0.1363069496926969,0.22432193661545916,0.06439392354340152,0.06346530513876471,0.33936409149953944,0.005783022886429111
8,0.058679071546700746,0.08635465509926703,0.10538224436891842,0.014337611106744955,0.23966839971099985,0.3094610482898229,0.07108847711604487,0.26325523192900274,0.21747135199131795,0.11837055484118009,0.13136122962435087,0.07544612165234886,0.05650520551080449,0.09015106476159968,0.03811420285988929,0.06360893833612087,0.09783991036946772
9,0.009487690182640425,1.0,0.14930641283410803,0.15723053988633873,0.2195705213253044,0.2537445680899771,0.19156763593737353,0.053362794083702064,0.07288031960394992,0.11268095417792219,0.08426689441376295,0.020994484221943267,0.10629083477032625,0.21714894790544592,0.05898895961552101,0.13893922055505992,0.36334265413290057
10,0.0026181991654950945,0.22078737689659983,0.05883766146446291,0.03058020889554671,0.09381121085625047,0.5766101148788062,0.05458108343889806,0.4971062252220612,0.009017269277487066,0.05280105212004158,0.12032120867111046,0.030201230238507935,0.42905472306069575,0.06141510044918955,0.23812239718036668,0.26977832745955055,0.3752832014963291
11,0.037006566023139446,0.18293980787050565,0.004675389472961019,0.021828569077087717,0.0922139498376903,0.4260636732056658,0.08337395362886975,0.06102468298322045,0.11078573353121303,0.2971300778805847,0.100588993932134,0.11881008679720906,0.29729375259391544,0.15595399144052782,0.13673411826759382,0.05977411317176328,0.1000090858410252
12,0.03283571265440234,0.07638279395860818,0.009202855718718782,0.059579723568279876,0.07237276676858151,0.0015087588064467636,0.3385529441434505,0.05440276416037035,0.22963620695772965,0.10744230669411985,0.05889083217802205,0.040316287896994166,0.11644626176214382,0.346582959433141,0.20471894940666427,0.14368318139894623,0.46344383338935213
13,0.17046253429912442,0.3242794755352158,0.27510110130213083,0.030381599946456134,0.3197798456049602,0.0009475441216508189,0.05334184526627239,0.05947239323849431,0.041606620595023514,0.06851041408914997,0.32707307299306726,0.14908017443581928,0.31020297459917767,0.08249541743296826,0.07720776280357043,0.04779350398594862,0.061974836840524815
14,0.03652579120399842,0.13038213901342252,0.06845941836442448,0.1577553117214284,0.031045780402019052,0.3296187934145447,0.06891080426028007,0.03974776307649134,0.004440026641948894,0.2624814921955363,0.07090877937138124,0.054186710412849046,0.3264440932881424,0.4051295556476692,0.06438417337511454,0.25875763250657086,0.34763488481508353
15,0.03199285169238681,0.38633582761711216,0.049670874037138775,0.0017253575749357859,0.043885077968313375,0.004760361801859165,0.06491844878494976,0.14841191597346773,0.23325927477396888,0.07865063978517516,0.21658115279908396,0.05681952545852392,0.06048608843397179,0.09424935103026218,0.013645206541864616,0.062231342586466065,0.07420738643237339
16,0.12694013151404812,0.10057267426629074,0.1739592985392782,0.18120571354693904,0.036533106517993456,0.6608220764541065,0.06856466446699581,0.06195174419278955,0.042739276726423685,0.11002851215855267,0.05414497261836554,0.0709141110556483,0.08629914356426732,0.2506134757641934,0.22013255906481916,0.08864083345212388,0.09125429195955365
17,0.028403667660179443,0.15882728732842427,0.014322046272718611,0.027762420087529372,0.09727624697287375,0.35111836260529267,0.26880163979589217,0.03907432549668101,0.04700575579866001,0.200516596690996,0.007516746332926279,0.044191911980134335,0.21765727479904237,0.32319342683159713,0.09039444182541474,0.030305578732289853,0.017832587823361556
18,0.010743283354424689,0.3815505706578117,0.005540633637203481,0.05699325922453582,0.26682209740056867,0.28149012110924393,0.004742156149724748,0.1488699974428946,0.15705810829971584,0.15907938848030792,0.08787400799033313,0.09420886200869998,0.03169100736056352,0.059375198294729765,0.0459401139643783,0.40742557402901725,0.3321673561311141
19,0.03056213415727709,0.1316451566160115,0.1541499474627988,0.03154280800311324,0.05449041524147504,0.27781945733968144,0.0023015571819219624,0.04915504764750268,0.03825694973905782,0.007217504619629076,0.15655688555746994,0.0011978651696106827,0.3108714703291127,0.02300474795357325,0.3528524649876708,0.32886020182314357,0.14360619618333292
20,0.10266944730974074,0.1475493554807689,0.04689100891900574,0.14837775201581035,0.16658266235591296,0.23369575677730747,0.0003112708043462581,0.3153297309249968,0.06380702046748941,0.21113355007217982,0.057111301849678775,0.048706534959436866,0.06490717140506783,0.12314181825650726,0.08232409214899218,0.09206261010135036,0.053742955034625374
21,0.056748295364645596,0.5533840505504928,0.2645317391207083,0.47507584982864626,0.037025141519037505,0.37993635826584315,0.00037983891852365857,0.19699288644020319,0.01876011313268809,0.06808337428196266,0.3993075204285008,0.06950408429297097,0.17365201048890744,0.26021116774342257,0.5751668325783442,0.0570854974992403,0.25424750365289983
22,0.07414971021588147,0.1006361473829564,0.0023941265394866874,0.3934728021516874,0.33630428545979724,0.08882123229099675,0.001265370103902456,0.4223153983029,0.038439411904514734,0.36664683561761363,0.08160225391213023,0.13613622734187164,0.24030497189375782,0.107854551194957,0.06609496242165187,0.23593492574763625,0.015700966419413775
23,0.12379183271758178,0.10500844235280193,0.07179656944269833,0.11380453713466769,0.0573310079405782,0.19056861130977065,0.013714807403007918,0.05806302025515858,0.14622972289475347,0.09432341625257182,0.059282159730657084,0.03770323020953123,0.05570370102395965,0.24799856046071814,0.066297119220363,0.07894283386993278,0.10350403373891576
24,0.04898396874386924,0.11988777631193821,0.08065413799828275,0.17410414069929658,0.16080433044095546,0.1462332795795575,0.0,0.23893637832311054,0.03847562839766506,0.1268306504660254,0.2672544414248414,0.11976737129747261,0.043954316297194124,0.05337528969787069,0.012019199116780942,0.46468197781475973,0.26495320564893593
25,0.078964447845966,0.014305275476909856,0.006812792461216653,0.16007157468428096,0.03954645889609731,0.0695371485712053,0.0006994422771936481,0.2070186459309544,0.27408565258645756,0.33256731937940587,0.07408379897220568,0.026631774424390058,0.13938009056532158,0.10337535883503082,0.07697013164211464,0.13263398535784826,0.09107797640222844
26,0.015547181368958978,0.07977368277752032,0.14320498531767928,0.042849205852720014,0.05290130073983797,0.002195652368500932,0.00027563195389808414,0.047838366796262334,0.07326213237053772,0.1961201469803112,0.05944458978411398,0.02232209851710875,0.09861097445736423,0.1057961139480428,0.03431635172252049,0.636218190502486,0.06699042017863455
27,0.08575539450582337,0.019096810597922557,0.04321274412240725,0.5147264192457294,0.141566304988812,0.008649652075473956,0.014506434741418498,0.0944046400526235,0.1503844682037245,0.06607327079241093,0.2055750260120418,0.2710306219221557,0.3785837050412503,0.27324403168050015,0.05030355311050376,0.3017596114934632,0.2723267332969529
28,0.028530919491878085,0.3230911841402657,0.05725890249099964,0.03704211356701675,0.03466751436462127,0.0795939769194116,0.006837614430301935,0.19868106456265802,0.04523553963471686,0.061664750121650014,0.14020861002682372,0.162853534971863,0.08804395268923695,0.1692513920582454,0.051809751558505285,0.06819833001671706,0.3703948980950486
29,0.022092411529219418,0.13104694874447603,0.058952735675924586,0.000905335754533323,0.19122459544420442,0.047994809596000436,0.0010420020573818172,0.0514931283850135,0.047067991517932464,0.28272444635261046,0.050842760364476706,0.13836081880623716,0.05311714488547043,0.14021084200989403,0.3635142555197432,0.06402381734922583,0.36822404279069615
30,0.06028530733269602,0.38912987632174223,0.11667100823949239,0.04324235392640201,0.007589543844444196,0.40901267899728205,0.0019383866062675351,0.0502980148884319,0.0774044031089227,0.10081305158749705,0.23731396749881756,0.04092431823288477,0.2989972621603782,0.21529392599806202,0.10513679482314331,0.06245627585653962,0.007090806560745461
31,0.04424992187533464,0.12527889705810707,0.19746234341683622,0.04105856202626577,0.15101305626112183,0.0028213035161467667,0.028141326461547135,0.17148528372283076,0.2653672092325532,0.23016551950519548,0.05255668360927555,0.12483423949701207,0.31275372036076265,0.05405836509104048,0.05107435510805147,0.2635555722952081,0.11499512057643055
32,0.20636616189025023,0.08313706013401026,0.33735839462510225,0.04499373892742663,0.05326298431182221,0.13943158048492976,0.0035998367180973064,0.06282543720842163,0.0359509087626371,0.061662673754158244,0.0036656058025647882,0.02121617109405433,0.05251768355120342,0.15368440101435654,0.20005624384884338,0.13040412975448815,0.07192225640175859
33,0.44102500372602343,0.3681884999940508,0.00792590126602349,0.01741228051080093,0.18864034232325497,0.2112987226921425,0.0069564392951938885,0.14833959252697781,0.061116820429364165,0.05514255223101436,0.7196829040367388,0.03762829225073371,0.12309082073699923,0.7286483516011768,0.05208780363282688,0.43457868178654413,0.2654334078727525
34,0.028921223546871867,0.3277274616885755,0.0006852048193475339,0.3059010195813959,0.5247852009378473,0.00848546707924467,0.0018753560247877327,0.16075591047860657,0.1918042271727051,0.19305030300090037,0.051552706563093374,0.11501845593542495,0.20776519906335741,0.05164152846351447,0.08375881661575726,0.058823587634910475,0.10328729626279731
35,0.036914717556409224,0.08294262049860564,0.1306817413522564,0.002449700575106085,0.013802460569117568,0.07205692555637157,0.003138324084654943,0.045340658973097615,0.0488080313465021,0.13934196535147886,0.07336868038323326,0.02903226939430231,0.15442896674904188,0.10457138025288759,0.08561143874200296,0.5881123959646469,0.06693647581881809
36,0.06107542239275323,0.09274362427691163,0.1622044184748862,0.1206964688883076,0.037019637981876206,0.48360788668171656,0.002324485511776077,0.0006021160081805443,0.001954711564257627,0.06313004389377055,0.1548537399305244,0.09059306611151106,0.2839956839253731,0.09511563730638373,0.20155195941818568,0.14371625430851892,0.11545338357437251
37,0.0236799632031772,0.12756023210887144,0.04279206556342101,0.04464409273011125,0.04590448681430988,0.21532688789818102,0.0026579173456475575,0.002724145480551784,0.21062432861382643,0.011804769136530195,0.2578147355299359,0.006673136126089554,0.06105152356773262,0.07993156310289368,0.2833445310019789,0.2978326480540353,0.2825655236674092
38,0.12788213335904644,0.29193689709534665,0.04518185199295928,0.07842294175617624,0.049696206707602116,0.24459534654049125,0.04375448465342264,0.04490473461999196,0.0377743470669943,0.13733177013152068,0.004459169657475397,0.02982974245342021,0.42076834573126326,0.04859969207079294,0.046569115074268384,0.06327918286780586,0.0871514569895289
39,0.035532720582386344,0.1059023244490034,0.13016930483960365,0.0012150656488019715,0.2196731451600532,0.03813687192614326,0.06599110912099965,0.0038271253909802345,0.0377528249485139,0.5791091925535553,0.06794776783362996,0.019223726242604416,0.3836598475619084,0.48072155158340063,0.05271237429551152,0.09446946713985142,0.11417802060301989
40,0.028408579033052845,0.10223757024990178,0.180503548136165,0.20036030586107387,0.05976607129083793,0.010648075068635814,0.28599755638943325,0.06519441235335396,0.16187340459865032,0.07384401925887348,0.2749796612590452,0.033637517957741704,0.10231055590794076,0.004476216562783305,0.047536456149651046,0.38746378410144144,0.3204337894863605
41,0.12759980128602283,0.31294292400574264,0.015348518413895595,0.03846685355163322,0.004731743463911285,0.15597777148917227,0.006118224207798402,0.042069388973969495,0.037262491796282264,0.05421601222767094,0.06526917277912568,0.11897378593895783,0.24499728230111256,0.08066049169095016,0.3514019612694622,0.079488460015573,0.10612193048333665
42,0.010734610718896887,0.08220264326037598,0.014506867278816372,0.23001437568120228,0.071049707585191,0.04429123650017291,0.006337584770312365,0.001984146814468003,0.0808914550394331,0.447286627761405,0.17270995463858296,0.0319766538638669,0.05681170851631972,0.3969782973550525,0.2508930590674445,0.059760697389946354,0.3091058341986301
43,0.007267790699457977,0.20671076886170373,0.031405126808349476,0.2420921878227185,0.06567837715854279,0.002186510090004808,0.0015579816464127718,0.1541679226373653,0.21774246027046212,0.09280859042537787,0.3541369731703643,0.131515405770463,0.08884689359309383,0.06894413094926556,0.13675653408090932,0.11423006326625315,0.09116672473267207
44,0.04377404557996423,0.10279581357428165,0.21242485995114097,0.03298634971264562,0.05631080200284011,0.0019514755287401877,0.0024277671312193856,0.05834561328093252,0.003868343018546764,0.41367869381822603,0.18627125194780586,0.07927251950694159,0.2914272925821902,0.060461270795834535,0.014290776731804887,0.28619019654066447,0.07350083853293599
45,0.03176146448693025,0.08717856365959976,0.06666743137254559,0.04300213087011966,0.13917512610781557,0.0016028403651493067,0.006465954081904669,0.04442979619423323,0.05788002924080298,0.1155611382103706,0.06702833027095824,0.06881776370909416,0.057504903953622184,0.10836024905394812,0.26036568049449715,0.12861817412968754,0.4513973337061809
46,0.06335332068554286,0.11881545799616614,0.15424365420693723,0.39509771682425615,0.05464645940838699,0.01977232735947611,0.004674911099782936,0.1906103616421939,0.17508309367195066,0.2760463555957575,0.005731645752423867,0.01866885875243618,0.35301499275197046,0.3698376905275423,0.0951139430061222,0.10641063902993197,0.04934919759975188
47,0.032666840592856385,0.23476732317391036,0.03589513079756992,0.219451056057776,0.21337127483857138,0.0017620430421049068,0.0007253272453023707,0.05575638158074003,0.10357648899265633,0.0659198104618438,0.09977386089472938,0.017864749465037986,0.22325556870610716,0.1124475090827325,0.10748065628306575,0.06730193887435382,0.06099692313555422
48,0.03636725540848109,0.23024472304433813,0.06042110075450903,0.02952617891512347,0.0009036843175604527,0.07575781869329522,0.0011931597610118324,0.021064999687348145,0.1781486189313646,0.13036255365077462,0.11059421788118384,0.2752399012833304,0.057047217819209385,0.302320982047008,0.09631223993825547,0.29403944501752827,0.2042228822536995
49,0.17430433066709983,0.1717216512274477,0.23892571745350175,0.048802555792128714,0.047857380254615126,0.3233696192234848,0.0003232977535847533,0.08971142417074078,0.01853999322782311,0.059043274304608345,0.2141205634644434,0.14998440004306104,0.09357071942639968,0.08046531900644892,0.08015209097694127,0.07340017600038828,0.32319420881197586
50,0.043567177006491306,0.11114028487846246,0.036402055078650165,0.017997359535596603,0.005703586332598337,0.004113018202315914,0.11404444276143923,0.045082830364305715,0.03858081131400637,0.13770873760000066,0.09510472009156126,0.0904173020539255,0.357515539860312,0.22232840476444762,0.27854740127145383,0.41836585181798014,0.06697862886228792
51,0.04146646240431573,0.08233443344330073,0.05306930081470172,0.05144374917965278,0.003968735682847661,0.02858789895767204,0.3264724257687946,0.08828732417798273,0.03524992393249062,0.0846225601406033,0.3263043442519383,0.024435943887434305,0.062112782450147716,0.05417105638305953,0.07245742517274069,0.056817745891016964,0.24042538612629308
52,0.12115002679843281,0.32115421668678196,0.04777381030993381,0.18934761556087773,0.14138670558536331,0.18281664433698844,0.04128458369030668,0.09585402065709896,0.09866212256698387,0.11746912002060553,0.08432805654633074,0.03957148698856472,0.33425635309045765,0.004677748222699936,0.05797926459644893,0.14122559659141606,0.06068736835552521
53,0.017112999602271903,0.10376765927394781,0.09939712230163422,0.33152783592057644,0.19723179100330085,0.007317152830581145,0.018752039505322515,0.010479567642729008,0.24107627088475028,0.09350154918875768,0.16295240211337264,0.02725391280107064,0.2549955426739427,0.0929818251401052,0.18985235752729213,0.3256618590242921,0.10462103197434981
54,0.030502127837577764,0.4307847733536728,0.006374617721269726,0.14841253653386738,0.05424067196600408,0.002834701088971642,0.005445615346504868,0.06655598774588038,0.057062565640888664,0.38502224911413807,0.10797277597296027,0.08501483605713299,0.06111516510685349,0.26040660219401945,0.09010047277997335,0.10676296095398387,0.06546138640250197
55,0.028072444466218368,0.08063631479177091,0.03519193249270633,0.03224755312142434,0.3138806153224696,0.04857004585774706,0.006909556182532579,0.22720198595692287,0.20292178668525024,0.0941699902597617,0.0549858917666006,0.10563652819406545,0.4702884594385662,0.18692287809345867,0.06693711382155622,0.07710899303759752,0.06959052193216057
56,0.26131471318050137,0.0779076712805406,0.09353526101127381,0.001601876995438249,0.17461294644846956,0.7406095534849204,0.06714272619237115,0.17890851613669237,0.15043443710127255,0.21004546860856388,0.46319260542889984,0.021548827774611735,0.04920598546768458,0.05660209060554386,0.19454750563054346,0.06959447496871307,0.28711323096951796
57,0.015141152928176646,0.304675844727206,0.14747912639502422,0.03298403571481079,0.06362412278156494,0.0667330470302797,0.19327977364342402,0.06111812561888907,0.1736696758687768,0.0667579822827156,0.004319138298243084,0.010676247619344447,0.4057107421454302,0.06907381788592049,0.045546772475455376,0.23629918515046364,0.053403940093906574
58,0.13841491713088408,0.33651785110375504,0.061460024514059096,0.000288483725562496,0.16994594578435393,0.0328950264270828,0.061301385013940404,0.2879921142023927,0.06876301994065175,0.10628441006849469,0.28873802744383187,0.003785797983836628,0.2142437407007563,0.12003705998422268,0.04628232948056214,0.05973943430303174,0.09658143458634816
59,0.00434909830508738,0.07747288356117506,0.040082235974393976,0.11966409686118913,0.04028890985279609,0.046237233862990584,0.009691531912711795,0.1427205271008426,0.24147637896620103,0.014479318708361093,0.4014159741905966,0.026204306172952697,0.05659050540349792,0.05582880257641391,0.053443372429214965,0.012556211662483488,0.4843139211691867
60,0.228876060192134,0.09332669049346613,0.05924003593691154,0.21718702737872966,0.07711811067089067,0.00395506446968819,0.3116303814571944,0.043466122538539556,0.03163993632872351,0.12849415319363963,0.36458345993736513,0.003298295335819725,0.306250766922672,0.7989626479882257,0.32869833076344385,0.14103717799942042,0.07720660152810326
61,0.05103494523616929,0.4598034454442147,0.2057212219276981,0.05097713994839763,0.07612900753992272,0.0012095175762974674,0.003376694646574437,0.1079357386669839,0.05865588998321972,0.0024203519131743337,0.08926106787329194,0.015420269939016896,0.07408499821519028,0.6025068824289285,0.06953737291463478,0.39106136543107745,0.27406947674427196
62,0.11106955373662966,0.4980288161830359,0.0457269319148068,0.125997035051064,0.1651180688087534,0.32338888006264527,0.000931118970061327,0.03850152892521531,0.014664312096718089,0.15270117430684493,0.5861724478127457,0.09829609654198802,0.21404447318949454,0.1671601415847976,0.20043245269562945,0.10954615251223035,0.10179460477854957
63,0.1146800146981694,0.09222764582317103,0.04614653027456253,0.18270434453916315,0.05646607737985808,0.1832542478242993,0.1764108019063473,0.1577276675209945,0.1836015971446592,0.07627045360356641,0.08273098536465659,0.09818858383660543,0.05421581874153154,0.2478787495182431,0.05725086394767372,0.06452807060770373,0.4319497611833453
64,0.0307659314907049,0.4025259385368722,0.055813065981851595,0.06889432660583845,0.041922111503486945,0.04031342296306707,0.12124555030601308,0.11117902729484266,0.04558697294351047,0.08494991108366855,0.07554194451393235,0.04008861926533127,0.28620394387225573,0.22696422923257265,0.19608017117518234,0.2278875417369417,0.05792542137627593
65,0.011148265938612,0.41796928300414665,0.05331908873395779,0.0417860862737015,0.18497846723404937,0.07309243389809386,0.05164334493297956,0.31125815723224315,0.2906499087866215,0.39720896946080786,0.25127047321428686,0.001110372823477509,0.562295275711335,0.14670860023302776,0.2714589674425013,0.09367129539386261,0.10128034609595808
66,0.04671032404298169,0.07862434181590794,0.15457925368098033,0.24538099291745866,0.022715211221257893,0.011737486356341932,0.05312599620625346,0.05042986587968783,0.2509547873680974,0.20012431013230875,0.09265058673898571,0.09168160957875351,0.03784140591630981,0.25352762623682906,0.021088803497920125,0.5683201874727232,0.04075200858573743
67,0.03493430985272182,0.40016638598183135,0.07741914041671048,0.13442270748799343,0.03660662690940281,0.004159421260708355,0.05706811621736602,0.06683715583664325,0.03044969017241606,0.08288600444979695,0.20698526818048582,0.02328438194085067,0.3419862808254667,0.07084367113619827,0.06738098024555138,0.10291960067634136,0.3087440716587712
68,0.0031222048643317953,0.09726244349538761,0.12359032135508552,0.16320961021527658,0.06909412733850645,0.001571778749648656,0.1620507618141439,0.04974992492529709,0.001958992775569641,0.08509823504367046,0.05868600970544577,0.01937781068799149,0.2159440145779693,0.056326438588205324,0.07733102039575965,0.2251070509513287,0.07418586609473882
69,0.04965155822801253,0.25695187041310474,0.13688113441906452,0.04359361054426452,0.004629009843986823,0.0024762436697908525,0.06993501833617208,0.059437052375214364,0.024433617690506556,0.053812184261392636,0.07845569306480676,0.0197892975617131,0.046998037361487506,0.3840816001039606,0.1997734379633525,0.06544506315269526,0.055689977497558524
70,0.04945518966414884,0.3974739126645545,0.040275217262878596,0.11791414377306957,0.05019923032086457,0.003236538962031488,0.003366732318691856,0.039675585282289774,0.07421643087367706,0.32382912183015444,0.14111642025510476,0.0684589038486674,0.06993855644037364,0.2812780881815507,0.25200051537266555,0.14037240053020045,0.22390305093249493
71,0.002980200951342886,0.11775010912086355,0.05772623319435719,0.19195014183579787,0.026322519270037713,0.0014814443507637038,8.022803708802513e-05,0.2288267418559448,0.04259090328047787,0.17259641647320392,0.3742017820608883,0.05057503197369498,0.30696809135841857,0.30555226290871756,0.04455933566931892,0.3150319809461722,0.06259080704725055
72,0.09454285099054639,0.09549298994536487,0.051893165633092764,0.025572109599993516,0.03382636981883963,0.040530132846310234,0.0012906362404824458,0.12099644543164274,0.026656367565990387,0.3695557060722244,0.09357150590490167,0.03701856175017315,0.05646994823579702,0.1387286890652309,0.0711652587632465,0.06954042554268383,0.09680327264221746
73,0.14990062096412615,0.1180359063376831,0.20841055685991622,0.11532678689372874,0.07362557924059873,0.00267870813982484,0.0009679816609529197,0.13873121354614315,0.5495912341568951,0.03627555459310462,0.2317079801017528,0.06537493230827235,0.42329785707735157,0.08288755554324737,0.10573851598375221,0.09472057646756656,0.32127710731300885
74,0.03581783327717556,0.027693653561502104,0.07876724562796548,0.03388004323912061,0.001757982305671213,0.007537582553733163,0.003573078140090861,0.19288016667831942,0.034687811474303276,0.06031473700500489,0.07840715155883253,0.018205648526969462,0.0493988902325169,0.0028624887606767658,0.23568605798182005,0.45087931258162983,0.07568351311639167
75,0.04636906444337139,0.30398359569751443,0.17964727128153607,0.16957232442918324,0.1191112183973144,0.000935829955419343,0.0029099726453008265,0.058310838900759034,0.020036356390313044,0.1136858352345434,0.22180578609664092,0.02733567934614518,0.37086840575003743,0.08914394884828163,0.19556124396486158,0.06909337036639235,0.05869018420345729
76,0.16217350833243463,0.05627536806979011,0.03649031434335887,0.43606046204921556,0.03390320875415723,0.009093206044693911,0.006459993358528169,0.024543422116722644,0.2499034959871703,0.06135911397207686,0.23966423446505195,0.03087648911273392,0.3508398160488561,0.057889167715555134,0.049393684547281186,0.2730962788576206,0.15390737721477482
77,0.051140278379758854,0.3039254386960871,0.10054875696758055,0.03272538808780688,0.049978581271518586,0.004474812994020752,0.002667993858150566,0.10723487379985404,0.13048191158992267,0.1638495066877189,0.06128242781482312,0.091270853505446,0.10444251442237633,0.2305822170555362,0.052475485143284206,0.06277628824697423,0.09956925421103446
78,0.2275565956458564,0.08454013675267852,0.0043278571749660495,0.003579806675108278,0.11019593878666634,0.06579705498450036,0.037173555095548254,0.21286545626836423,0.04623590453803115,0.05256116367452278,0.3658100590580456,0.03396805212246392,0.07381075264667614,0.10755048302660017,0.056166016142175396,0.01724534785560963,0.06670412669720868
79,0.017747254268746866,0.10376423463700973,0.14437960696541996,0.023277386728035206,0.05679120085324028,0.05210646837943464,0.0032609667970664,0.040193261688118896,0.039623407209676,0.05988725288603091,0.1304971545785532,0.04376559009949766,0.08245987517398455,0.31299941130549097,0.2103556944875577,0.010301195149881438,0.44005518779394226
80,0.11203717626545989,0.1466053433848968,0.04577588536867362,0.03425582478106271,0.2651978726273941,0.0013289625756164887,0.004639145082249016,0.00261056127507697,0.03904944571732951,0.5659526459278551,0.09961673512216923,0.06869243748586709,0.13545486237047302,0.043996735607138106,0.04863711242135975,0.12245661277109701,0.3677416270091805
81,0.05449534390169844,0.4942329923470917,0.14697103416094368,0.0417203211358119,0.04659647490500917,0.0009847588501797223,0.005406766871229681,0.020597260005489112,0.12843201929438777,0.11375166765432959,0.21909368702252396,0.024324668854884046,0.4339202934769898,0.10668494986912078,0.12710143810104743,0.013279223471004315,0.04114715904613112
82,0.08448456080896087,0.09108114717970166,0.03529502662282954,0.06482158947343528,0.15978102617546514,0.12223915169405325,0.0017227397323485612,0.10148500173886624,0.0051287691273863775,0.15080686575414662,0.07195010044945242,0.005143046094616027,0.2291298710323045,0.12577181831961506,0.09389692932262629,0.11277752637450061,0.08564435551564428
83,0.18741260120201608,0.09513591700115225,0.055787944419129626,0.04135030681892836,0.04947985506211308,0.03332708002517676,0.0006158560488171604,0.06571427986077673,0.0034661601134095173,0.3138705366196782,0.2425485276443304,0.02210110666384084,0.06342213308684323,0.12201628804964897,0.015015634622329141,0.19151238559640169,0.3286536789369944
84,0.16880975630455405,0.46025478009307963,0.22090362399236924,0.00017636463478434781,0.08478417509996147,0.0032485873592882513,0.007231303076962354,0.08660993766671721,0.04424376614162334,0.06559632604125011,0.26492832301085506,0.19387375242522964,0.3408647648905715,0.29199724787708914,0.19581192968978495,0.09515993076037561,0.004822496408674633
85,0.0013735801283956519,0.06893023974085949,0.045133089754939786,0.025324755949904573,0.0710682730225745,0.035472490712424816,0.004823092215973051,0.12611004548348245,0.07859435433431862,0.20088161520760542,0.022260461770985774,0.06763263163000031,0.2780671663359578,0.05194096874076217,0.06916940407246601,0.25365229467502726,0.26419444156961625
86,0.005656116876448871,0.30889672486053554,0.23314521848459563,0.0015242004807750457,0.05545346427972083,0.3985804377327667,0.00019585099889734984,0.05875419304225526,0.23782805686260294,0.07856160162531185,0.09642362152254037,0.01958516454312735,0.1682840488886382,0.08951090763289214,0.07486296153091705,0.07426710266968914,0.050194739560359414
87,0.0271352774263402,0.12759207856968766,0.11141498542679626,0.1452454136911851,0.04166635038628558,0.002392947159073315,0.0010820555733911206,0.03652403428641616,0.0597411952040879,0.0839958253254431,0.19123344961671662,0.016252279297269606,0.22035480860095477,0.21350650922557873,0.24114177751891594,0.06334007243572687,0.1457276152816907
88,0.04227693693823076,0.02273324328353417,0.034424861999690186,0.0030340443820398868,0.1502220356390934,0.000433536569538175,0.00915485040623694,0.1607408035816646,0.29090136057953864,0.4476005877943899,0.05884584649264614,0.10150704042295805,0.05484219071556798,0.06290999109613189,0.049525135901495515,0.004758511776435592,0.38808406029203535
89,0.06450272012844291,0.0965540851083071,0.06498244642817293,0.001300713769504842,0.056323951648504136,0.06925435869112875,0.0041636304289398626,0.05075658873911772,0.034283497535463156,0.16415291230858212,0.10582183403792006,0.03091066957909652,0.09744860570687737,0.06090948219812887,0.0762777296808744,0.3165408803448087,0.06470579057372224
90,0.031532419597627405,0.108326888291304,0.16437354743606614,0.044014979194574005,0.06404384566759931,0.0040410503120595544,0.03556938337699779,0.040053263406682645,0.008210633277632417,0.6651210604105062,0.38097716691911904,0.08862778499012205,0.19775596464042466,0.17031996071538238,0.15293328013439134,0.059431439569708595,0.2013249325671062
91,0.09612362209230559,0.09317384646015521,0.05788679596247261,0.10061249912670583,0.04606227715714222,0.04537777708598659,0.32827380839448156,0.15787785929253131,0.04228726547537118,0.019671375513985113,0.05169810633571167,0.03272904409378355,0.09259132407345497,0.05221239225398638,0.11535071894398116,0.08981656701188735,0.3605730203869154
92,0.14568323116906262,0.15679021720567854,0.3152317181593493,0.030484650843360356,0.0015652461152827523,0.0037239890544669306,0.013007477930811251,0.01917746059539989,0.03845000231363149,0.21929150882994247,0.12450180069816576,0.032038704898662285,0.11269581180165837,0.6103001476931645,0.0501761104582863,0.3365826958659751,0.3115518098682202
93,0.027514472910118135,0.41319232233814873,0.034828554274848066,0.0020606268019616597,0.28288942141501827,0.05214419580627751,0.04599719775859265,0.03825233770209631,0.12423048938065341,0.15536808981906408,0.00357818743299535,0.08256124102024177,0.21913304205751902,0.052830663680839274,0.21943837570064958,0.08987319261565409,0.06983912958801736
94,0.033361357841964395,0.12698798481458592,0.057038460896020896,0.04715001427395828,0.18276163961964526,0.0028019125596417675,0.2778279618911273,0.02527438430154583,0.09684707504834951,0.009103136809204548,0.28351119283795934,0.07147557773406543,0.05775507810742749,0.5181833374101461,0.009156235120994992,0.36730412199281404,0.3499934417534178
95,0.005298380207132039,0.31441307936066787,0.03576588081727868,0.003021409971764788,0.009499586148699219,0.25747989836367957,0.05815291706139543,0.003551677643074897,0.08167188283559892,0.3242289832593457,0.05901821406650234,0.018454996523791123,0.6620773335957625,0.052127072674220724,0.08630344142401017,0.05173955864242891,0.14365735497446175
96,0.12169492167222853,0.07932147913493981,0.1339671263051295,0.012997270266647622,0.03259784694670198,0.42105521441612065,0.0020551561164338585,0.052995766490597375,0.0022276219036248216,0.06854117988196665,0.46091441393177296,0.021554189249609702,0.059779606767919595,0.10201518346443064,0.06239870579158267,0.023275705618864898,0.005142575615617926
97,0.040287790678649314,0.031198948134047402,0.045727853361253,0.03888058091708351,0.017662506165402065,0.17666495238807742,0.0008149994321637092,0.05635261130828886,0.002681772501723498,0.0054386898673690265,0.07439616157867422,0.018115425466567223,0.11104083825175824,0.21235616986640277,0.026284755482218584,0.3232803209080907,0.004798537990860762
98,0.253195041679378,0.17667939191110796,0.06799628611269184,0.0009194362536927516,0.031053898452672615,0.017885946544128343,0.0007712303357282868,0.0667708489564609,0.36357284589463645,0.06602967786913068,0.2132900050527499,0.0010568667217985082,0.28490612990228276,0.24645134407147187,0.2870839406114382,0.06461090618250269,0.0669088760264707
99,0.11776234474522769,0.09009189742116684,0.17787148096767605,0.00010964803489813065,0.16891407556200913,0.05652273218289985,0.07527572601444568,0.0391055427345739,0.20537268848462598,0.16468799120214556,0.20233119217072024,0.08858257995756898,0.04669646749237878,0.05811518032794673,0.11693426537591395,0.2485263844528728,0.43445155957396864
100,0.05853419092674837,0.3860730449782628,0.047985059001968824,0.030083999609902583,0.08539290993100931,0.11574733336984304,0.003272403802875247,0.003100604656812108,0.035643462745554376,0.08567288017289894,0.08462007971218152,0.039588623948750165,0.5826094299946617,0.08792114318386983,0.19793690111776308,0.060563869777362084,0.06316538445389519
101,0.19583790453446426,0.27408593295474215,0.15648435348295478,0.13052961249129508,0.05542549668070681,0.017454594220515166,0.06445569201617735,0.25449852171064685,0.04807557934425027,0.13388012826747905,0.10084092467501085,0.1422894251992813,0.2433132776748366,0.3809527579207494,0.05352751101366774,0.0932207852253596,0.10747786379425467
102,0.0030668135497969764,0.0851678543861811,0.03677242088747558,0.0017818284722664,0.13188672059263049,0.00290577348779213,0.060174005668983226,0.09955345619813187,0.03264966635101332,0.1424978346753301,0.293925116714576,0.01603627956390929,0.06054937848392401,0.058960071921825764,0.06861057446793171,0.23027787734902258,0.10683421426479714
103,0.13788009769075874,0.10055855842326109,0.60036678981564,0.025036981062034253,0.03272549348164993,0.12854143502236098,0.18665312321812103,0.04911933176835249,0.1652746702022759,0.053108330407774344,0.09130404267910415,0.01617497063269352,0.36004879153306474,0.40289094916604906,0.08177747021808153,0.04954839819195181,0.23340757531526699
104,0.02884842762779409,0.10079914482056739,0.03879902436060753,0.0013576604344143163,0.1723017431670905,0.003125495316170924,0.008060277334662316,0.07526229803791785,0.08946651204805858,0.01650576479437452,0.0013672670711788132,0.1319193708608088,0.0552874195340787,0.0499706968690869,0.15468398225575097,0.04420055411129975,0.08964435678559934
105,0.036724161412289826,0.006048382729258892,0.056398593994469955,0.05255255161815889,0.05648053399056292,0.357511280206145,0.054556796376449425,0.054143549851104804,0.25919508459388496,0.013487218388343767,0.23783560473744306,0.030922485155127542,0.056361344753382114,0.36802915470023856,0.12518088517538364,0.09223956316063214,0.005283185297035448
106,0.01957377718574832,0.07586337132396645,0.01813918409033973,0.20490601538359526,0.12347539322547645,0.008518079322624869,0.05217451870016844,0.03986624159388325,0.03465359745009278,0.005553208105981542,0.05041397064168884,0.0913827246514991,0.21162013602405327,0.20457292784453684,0.2242421563440984,0.22243634988135483,0.06436763860074805
107,0.050627349051524315,0.31219787913663494,0.14805901840284308,0.025047726852990115,0.03652639670724102,0.005021364617830159,0.1951294782722613,0.1393508219148381,0.09231111988311273,0.44406729195147343,0.07775426418503419,0.06390298434533974,0.049535195970115076,0.05854801013287776,0.05143860028006529,0.055858942345687126,0.23632207206502212
108,0.14568225401428098,0.3780399964450631,0.03389871461651872,0.0006499806162833576,0.06877103463219926,0.0035568839395560296,0.034747349569276643,0.131933888888798,0.2168421967359596,0.6161413463373905,0.23372198488611148,0.004942011869702178,0.08889762386215568,0.17642719450258598,0.08563425461930464,0.6596582408602952,0.0074854673790582344
109,0.2611814683233409,0.08732605312962295,0.023888564465197052,0.0399032117399825,0.0409356049588325,0.4255138056796569,0.024260850974389563,0.055744175373845725,0.005655456042761948,0.06171165920900351,0.004200003419056722,0.028849187507208777,0.1429017599997646,0.05560397428405724,0.1856561366155628,0.31625679691391373,0.01980096390132291
110,0.040051756953389646,0.1885008433280097,0.03420128089320893,0.046580758427157275,0.005334938953105924,0.2526364497939361,0.15254762120877613,0.29362201115968833,0.030535034106089893,0.03757651136883028,0.13988890014083988,0.0032627289924761224,0.08294797038700094,0.05044051488712366,0.12542587527668986,0.1856300641414468,0.06832815452697798
111,0.03317487452403881,0.14762914007332426,0.1540481483516635,0.11571581930403907,0.07015229053702532,0.004617136708526395,0.003513646415693543,0.04106179422289034,0.05624818451518931,0.05067192098545293,0.019851152822568382,0.03878598557655272,0.15071166331653513,0.536264365499798,0.185908899917014,0.21046472688444642,0.3843713013168972
112,0.040723907586617,0.06783430424721949,0.3065327297187184,0.020234702526856694,0.05021400604270406,0.04493415406310557,0.02553972096542149,0.02823295005265781,0.1498661451060135,0.11927404523253288,0.1993955890836025,0.09030239895686433,0.053026954250420574,0.062039985521702104,0.048199344914857195,0.05162191373379649,0.3576079690732168
113,0.39161773926409205,0.0930424136702646,0.05476737375241255,0.10426144014636837,0.05225349313636572,0.6609677246389126,0.07489776259646014,0.047605102094144314,0.2061745929446851,0.08187950922206354,0.06111405192689069,0.017085669383816268,0.07728229859088445,0.07398958055204452,0.07220783390192792,0.07089653592319989,0.07560099539376519
114,0.11231709103313023,0.2871983060620714,0.19332120877309927,0.029404916840473704,0.03472176139477937,0.046538848589451204,0.005258290985570748,0.10351227095076693,0.05544865795594898,0.15397683443817592,0.14671852879150624,0.06203603581616194,0.21394129606454693,0.24303365372113403,0.1848888254867869,0.2775726541606315,0.07338333576664778
115,0.028707956023886386,0.08963071698810109,0.00332658052700196,0.16748984687601423,0.14335364198858114,0.3413614007131475,0.08193465111097799,0.06375011560453679,0.0020957964123503444,0.07083328401661282,0.06622565222518906,0.016946553859441837,0.18924566941406304,0.004191180088869871,0.16368288772094056,0.08283153994386805,0.08786379951962112
116,0.03611343933011535,0.07219219956550459,0.2171866008205426,0.052989553224924865,0.0488196749090233,0.05472334392674704,0.006125647973489657,0.058462453344198334,0.06606610528251727,0.0535964940953086,0.38778772974436215,0.028120108831332886,0.05463178610139451,0.09433369749554012,0.18856787982129253,0.22598972930548947,0.628213035863036
117,0.027888127718062802,0.5350424567921572,0.05879445187111496,0.045477713024534246,0.004859198243985812,0.2796257507188319,0.003021505000890162,0.06613526610478257,0.13552926587736655,0.22703716239492236,0.2940254724754814,0.09599228178614148,0.08442832639653036,0.2357543628294406,0.04436318268740777,0.05472974290459035,0.44501953929318616
118,0.22505520343521287,0.0954144039281468,0.1410198450364681,0.02573442170506352,0.05979828521870971,0.0005666256208584229,0.0024176085204447406,0.04908056471579954,0.03872417728020391,0.1087191950813503,0.22186293111261807,0.041991725575888,0.0997916383698228,0.05576852652613796,0.002281758696139584,0.005176957221587589,0.10758907911624428
119,0.19169861656489925,0.14080941750224435,0.21634903298248342,0.10150594875193089,0.0015001986057215666,0.03791433948353212,0.0023252881895316955,0.03559725703783098,0.05358891188825263,0.14146068681591853,0.10304244963701348,0.0709545887408463,0.14822466472534562,0.105039747646476,0.4108722367331498,0.26826408510328875,0.2957184480624909
120,0.004177046348468417,0.07683559623940747,0.040547828007664315,0.1482587108147069,0.04776314268724877,0.34411740682244973,0.06731252385331017,0.13504080710007604,0.18971810925711766,0.08194098668714701,0.0745493380577821,0.018030532160767485,0.07299411330188163,0.07606839244741424,0.18429233169235792,0.0618604918306177,0.10555539284368189
121,0.14604512991348748,0.01794574267800094,0.13995578780485377,0.10663311171567466,0.03815183316309767,0.010551724671534148,0.190479936933054,0.12462770067318588,0.047251528094209495,0.5106659110384772,0.05770577879254371,0.23684768265654033,0.19094976082978946,0.37577020292801505,0.04638848398245089,0.017536679056205318,0.08338970280877943
122,0.051005130521015574,0.10016800729332023,0.03839533246567389,0.04809680020633746,0.13369717493474148,0.0022358534003721307,0.06392010674567791,0.09957794261852713,0.07797043745150135,0.09068360122021278,0.31481081310027287,0.06471751501157669,0.058877231906808845,0.04619657712743234,0.06951417412732996,0.0870085773242346,0.06410646010761221
123,0.09029387174423402,0.4221270410158942,0.14534178581317014,0.1277451977653611,0.003501962474073248,0.001743880004627382,0.05074744401203213,0.3133099569194915,0.03426285476653137,0.25630098231106063,0.23434437636745956,0.020507644808572277,0.21906571021597665,0.21413960950974328,0.08715631913332197,0.3908772730600272,0.4611374913682307
124,0.036694789071248485,0.09917699352893987,0.35827162194862433,0.0023869853554193458,0.015759518608471693,0.002432680497182424,0.047689592872879105,0.039229528646600495,0.1262192590842537,0.167937780671732,0.06863963186819495,0.01805558712271879,0.2405944668789462,0.05569567694243606,0.003367951801540296,0.07061649799274611,0.05926446266194522
125,0.005389832958289455,0.3642050044316593,0.032574586672908266,0.027133759647773353,0.0032629571051079774,0.0018854281496303916,0.16690758879455334,0.07433856179487135,0.043091570066616666,0.0798557583763005,0.056716055377135144,0.15158552112753856,0.3656794664861505,0.053128103199674655,0.0484548777106749,1.0,0.08780587611304162
126,0.017573497741729505,0.07501145963166728,0.058452501953627264,0.0031121938797451605,0.007425292617663988,0.048570411194099744,0.06908739311379346,0.06133941569384908,0.006206246595076195,0.0844317414886096,0.417145391548343,0.022912330062685116,0.056829274804832075,0.21102774464357485,0.19609305789097045,0.08975029337530215,0.11192080205982713
127,0.03446202875307035,0.10110086996325263,0.0611818128997753,0.13125915021628573,0.0030667971192116675,0.007043821410985957,0.003290876073681096,0.07867267734864608,0.02757402939613421,0.38771162479186516,0.049602654005368514,0.03458791650874374,0.32940661598171794,0.19514744138192996,0.18311868884909352,0.30749880144789504,0.4357459052100102
128,0.1648205040244954,0.4651543381295375,0.28876061370128314,0.026026701482310476,0.1581991092590326,0.0022737397080752437,0.00607695336160888,0.06926413093649922,0.005450417829791755,0.06767721103700419,0.07003747921583173,0.2627264699828546,0.05038450697265022,0.05021242339852002,0.0516684335506852,0.05431442044028147,0.3189021211886509
129,0.19711431338419214,0.08891991279195555,0.0530464630587505,0.0019309714787377724,0.036969767465711664,0.19732870729308047,0.0013262182494587806,0.0982447349056176,0.0531027663603111,0.03170895512800244,0.3025086165111034,0.07685665610293067,0.4673164844253889,0.2932060406441115,0.12072329229676217,0.14871385334682713,0.07662537483704678
130,0.0015380260301278976,0.48956687928783915,0.06295874193718552,0.03660459924429105,0.008708027005769288,0.04452518983961801,0.05339345407129375,0.05031324813921843,0.016683768827756566,0.05757887795156414,0.31842543307782684,0.04426568088019082,0.044782529513665625,0.17878444657159068,0.04820265569923698,0.2864033003511609,0.2852936026795168
131,0.031255100515985915,0.32716549968262887,0.14573210240944764,0.0037076211403091145,0.01833881687649777,0.05055519131789386,0.004822801147639529,0.03746628452827805,0.0074300269112931765,0.05425177054262902,0.06363220550286205,0.006394194902704821,0.2153520496348027,0.05663424842173672,0.12292100454961644,0.0509132898377183,0.05471616154281043
132,0.04767929768591417,0.058593677988520665,0.03350728445649989,0.16943121011119577,0.05891082583782261,0.2876446429824225,0.002107215277341886,0.2420575042484183,0.00026038978368112816,0.09530023100105388,0.0612509905127223,0.1054867112732893,0.05403195726932513,0.08050550725829841,0.18476850979803244,0.09763860297892406,0.06562608810189553
133,0.5362719720304656,0.11403877089341179,0.07685862247127466,0.03286146971410626,0.03676990283602609,0.038055598804069626,0.30381167023778355,0.04855428835550771,0.03691041669000887,0.05291495272923498,0.42129417675529357,0.016315826660180142,0.4997138695264986,0.07709350690196357,0.05679038081099141,0.22077362494155522,0.26798278361101274
134,0.14846882553029378,0.38277918970949293,0.2506410979804013,0.13663473831072845,0.03667502093274463,0.13127884219111532,0.10714836201782743,0.0733367402458608,0.007469225297138672,0.46298015025474987,0.09116700412926018,0.04676662978103533,0.06056211015889523,0.0629825367524713,0.07029944865332872,0.051231077528360064,0.1593382686736792
135,0.04310517688482864,0.09338072483746661,0.03606343266165288,0.2091635108955291,0.14900550962967135,0.35804623752782017,0.004830748987833638,0.055527447709728166,0.06253564796582865,0.08626184789146384,0.2819119097455981,0.06982032389110912,0.15705418899902895,0.25264406734898903,0.1872672071759539,0.06942129928850206,0.11133788722816494
136,0.04091976771094276,0.08333049653420417,0.06484412528725181,0.04252098636214392,0.04402354603044867,0.04380172509180055,0.00043919618986361483,0.2309321303658343,0.0715401987065425,0.004258779532552256,0.13336506027145453,0.002903565055607033,0.2241764779722225,0.07015423443402703,0.05262597370759647,0.6895007821374299,0.36192216488502527
137,0.2799362040170894,0.42903320235826964,0.16497251324922885,0.16413899880303137,0.0026054138560078744,0.19892481799809328,0.001778940799099099,0.0454474423501234,0.1874558201414938,0.24071733750978147,0.2907594238364643,0.03278865850458428,0.06032633980751277,0.05624837715232909,0.03489748513322276,0.29474176265647517,0.05425055697509089
138,0.0006910465205550776,0.41811114011372175,0.03941832291784092,0.11922221006205233,0.0073731284422062894,0.04650431183111221,0.0019958328773208595,0.0011498258240086885,0.03502652194526624,0.2470823953265188,0.24660928554206654,0.06683553923944374,0.26575879762393667,0.2022735004036799,0.05557606494520196,0.13836885241887745,0.08419775956674534
139,0.03098239350844893,0.12278989346904075,0.05655442862513779,0.03551786698278927,0.008191939737000406,0.2086207933062828,0.004235567407042856,0.05419503173454349,0.03421717625793146,0.0761614735724331,0.07041520544292497,0.016913841254352652,0.0527806475949376,0.04547620739587052,0.2718993544505719,0.2599815869163676,0.28175282402696256
140,0.0016713407909276336,0.21474732513150996,0.16181194655440004,0.10626965717178238,0.021611499039207237,0.012730091495202342,0.0009867908831144294,0.20944287200564066,0.18527408973580706,0.31763194396794453,0.08834893464771501,0.04042845867446878,0.32129929829015214,0.38141580133818614,0.2876900415652212,0.05105502200655208,0.0895087768447438
141,0.042198442194039495,0.10844533711372004,0.04068566162162494,0.531893397399437,0.02229159695979724,0.38248861146600255,0.0005962707090593343,0.07476500781216132,0.012425236687018898,0.18478506511876233,0.05226830124129531,0.04024787559691526,0.07546838215554523,0.08144845889549886,0.008059818769682583,0.08268993275564901,0.372372025440556
142,0.02796824593247691,0.12112026553666486,0.098372618322824,0.05256631931806243,0.057891256907343265,0.03642208748536495,0.005558598261428246,0.03579281715575021,0.037349584204536095,0.3383866461934135,0.05312564673156926,0.08718918904870893,0.2683171733307529,0.46664853311855287,0.07212929736506313,0.37367845764404906,0.07689168735299055
143,0.07778052449928897,0.08391832925187745,0.013461431670421905,0.13054551623386265,0.21810698582284224,0.05488774444336956,0.03359690791089048,0.23588860581689425,0.05337420004424554,0.06495187468263912,0.14984166995685289,0.05566452578669332,0.06489142385388379,0.05584684068842862,0.12418337651605853,0.11659477436292652,0.037828315873470415
144,0.23703636169883385,0.10796688365150435,0.16868549626455193,0.04715634855814941,0.004923402251756452,0.004639676989418818,0.0031445487216431285,0.042521269043061305,0.20088599954239805,0.12450262111045322,0.06743040984826104,0.06434280969538995,0.10246372005568319,0.14769749375341573,0.1973493680029099,0.5244643128019113,0.29400510727472
145,0.2347204273062802,0.16420129145814538,0.23016010465677134,0.002950834618218112,0.03835997813540485,0.26577040534821056,0.0022960291909212473,0.07215816784051948,0.06251613918499427,0.7009406363882654,0.09857880703637927,0.18992976851537202,0.09112146232615284,0.23478860188879144,0.05297454678910228,0.009628402412143355,0.34938600434946776
146,0.0022747214867680707,0.3394593307966478,0.03649593544766913,0.012520204576243508,0.038846769841914236,0.04090118967466035,0.0034055706201244367,0.35548830968084183,0.13551065601730947,0.07476996380969916,0.14335842129440524,0.01672969500277642,0.3614549023637423,0.05611129862658894,0.135763856033029,0.08450643875931758,0.10424573703701294
147,0.03126640874867,0.07864484514015498,0.05835456637343614,0.16997446168432237,0.1373793612078853,0.4726086090217915,0.05086096946374729,0.11909754608798705,0.037702444263331546,0.21695469847228194,0.2729953451852286,0.002162400127281007,0.2891154180944541,0.004407512621878965,0.06802831445852858,0.5663362480936148,0.6992648938732167
148,0.0024705236382093283,0.09921648256402803,0.11357444933280927,0.04300208040836305,0.0582469532592087,0.18459304925813694,0.18127189656134782,0.0012665040728128104,0.0028768221920778773,0.0534411112273711,0.07999202686755116,0.1648155119252092,0.02697531434527824,0.08767498221381236,0.0903071143346819,0.0779718356659376,7.396308649849045e-05
149,0.035258679952411685,0.13055572766288495,0.24423222543402545,0.10477121245720479,0.005156635031497036,0.04081578292012085,0.0031290718672592342,0.008751285235465475,0.2055988138607886,0.08064969471912176,0.4749083083524414,0.02310998163447493,0.049917273601605125,0.005949467251486771,0.10252279243950847,0.2921191811871384,0.41458201931310185
150,0.45176199770732794,0.3185601421935817,0.03157680697242065,0.02589350809307244,0.03563888769170709,0.08776245835075472,0.006508511228543401,0.055406015505105134,0.041980423740105105,0.1093970012641693,0.06924719917157111,0.16019990026616057,0.21774524370729698,0.21316820417704974,0.05074018685317789,0.010560881832143341,0.08387133590097126
151,0.07451091529034515,0.38316241578162963,0.16059215802144372,0.0044337971307608255,0.007977205083286448,0.28520426756152545,0.18820572644207925,0.08584956384978991,0.04823351775978841,0.10300899727410395,0.34615338005607144,0.166746624582491,0.20728583564261419,0.05349259225454438,0.18548541948557123,0.09210504390958012,0.2467678093137893
152,0.027136530689723708,0.0754642705633857,0.04034455858249841,0.048897652601256406,0.17486547181241796,0.003964831722919631,0.04321350272818328,0.049148994419145546,0.17171573886917849,0.06600491411741218,0.055757709011200036,0.017058432844228418,0.05886909501006881,0.08235730042631635,0.0769441033341607,0.010387043860897206,0.05384900669764625
153,0.002171933193574862,0.07903727038061066,0.06298558833664834,0.057213222495814633,0.005091144648546938,0.0027374494893981113,0.0034144405827048166,0.10105107727740792,0.010310165897187615,0.3240691654158819,0.06221419973178065,0.039364847798263256,0.3577675031039373,0.0797211994366172,0.010151291286904531,0.0844759997552665,0.08799695992311644
154,0.006611544244976263,0.0,0.08065462992684197,0.02857932200860225,0.024184599701824207,0.004900993322546979,0.0038122934162508147,0.06562542075127172,0.033701410894852915,0.09871221775354574,0.3190888797667363,0.08811662979314587,0.05242992247238111,0.10249297226884126,0.017185219682637826,0.23936753810031178,0.30137654369250994
155,0.03249235849233696,0.10854610885702781,0.03244123154348364,0.044345990469111786,0.1348994703624066,0.048385390264217384,0.008236480057201675,0.08525804227046069,0.05300185628867918,0.30807509062801897,0.2123006775153464,0.1241104112340306,0.23777207829620595,0.20297547279203054,0.04519375302622478,0.053631369738920597,0.08451264878777857
156,0.12723635273700645,0.40036738564083174,0.057156225601590144,0.24279834536135073,0.05990229113558339,0.2348245772555706,0.002062706965916961,0.08578021304766481,0.051215466868430745,0.09146223371523765,0.05250857686652052,0.018481397465871276,0.05448038433431067,0.05107917993857736,0.19676801382492592,0.10451530885356057,0.3245054949986039
157,0.07212878536449076,0.35839380630573037,0.1586323157599798,0.16307251752249394,0.0354711905385001,0.00850581426629113,0.006224716098338581,0.041164559585155636,0.004933156780733361,0.08562611416874892,0.021208057022071992,0.021365790126332745,0.31437180887342353,0.27936701571799577,0.04784366704439674,0.012597213336943544,0.0763064697152181
158,0.042999746137289706,0.07486034745006308,0.052603612659030054,0.0049111055234078195,0.000810528091896287,0.0010641801054889698,0.007160988269090939,0.17017874386908724,6.799623364732076e-05,0.004095306739791806,0.4236320741762082,0.033100908766744146,0.2119371031182646,0.04950218522878922,0.1851503761338845,0.2627799405622152,0.13769697161191585
159,0.1285233638643148,0.03520856311871816,0.03285773194732812,0.03724925403034357,0.04510023766534114,0.21420440901914506,0.0060072920732144935,0.05065696663774541,0.12196162033897776,0.17155001203413833,0.0006222592313824212,0.012960408851139884,0.052712244785438865,0.15547972077280336,0.04518030154154384,0.058564853214484486,0.4391511711310951
160,0.011810707155266867,0.08597846827577975,0.03847518927135165,0.002647054057654004,0.12465648486325298,0.04936201605851625,0.0034504910307049325,0.05326992596446461,0.04255621213622596,0.12165108303712592,0.32239070261054226,0.1068389104167514,0.0635477470822094,0.3885825406567011,0.002534605539269114,0.07160182702164856,0.053644742526009516
161,0.02856145815140937,0.39563657674911606,0.1629901735596478,0.05047290681713355,0.03136205598650706,0.0032029595876935314,0.06898934349004367,0.0008457850491397906,0.3215206738234532,0.18890860315271546,0.09584917528522052,0.019502610197326707,0.32534249214830674,0.08333893183013966,0.060208707021947326,0.21601328946436998,0.3139485224914776
162,0.0008800851957115625,0.12492589690936919,0.09298887204630553,0.0015144998912504635,0.13744116260805597,0.0016136323553977063,0.005655386899126761,0.2336823071837079,0.034170324951795145,0.07514857017695618,0.06337841796172289,0.02098433602597533,0.052210096254636,0.08562829340443787,0.19453708399853117,0.051576260555137386,0.263827903757255
163,0.04191183585816002,0.31853934792597727,0.0598589350520281,0.1332580364250037,0.03946937943897709,0.0012402795647788786,0.003976628056262931,0.037816112147423114,0.039280476825158284,0.09077520402708084,0.06591809144553265,0.11271803619636783,0.058127570251162754,0.21805861029534143,0.08244295732331464,0.031125517272593443,0.17107130437637738
164,0.00278463331765201,0.07234199599151542,0.06080414742430532,0.1352821319949906,0.04096962920009936,0.00039281584319359315,0.07075028022433569,0.07072697019229984,0.009095522967593176,0.42200899035048034,0.05432504843116551,0.0024853405739769527,0.05196678926629905,0.09761367897419213,0.10794372577525255,0.08839177775374925,0.052150469625669736
165,0.006042039590097429,0.17441976430274286,0.03601947616566172,0.000908403144031787,0.004501442822406909,0.009150169746322054,0.004325306956938893,0.0024848491952700214,0.2356109475555938,0.056480280165964895,0.22481535161211805,0.019464581588939996,0.22824214655881817,0.19721414741368765,0.19414746519916787,0.4081813961271918,0.17883607334399423
166,0.6546661858482147,0.08489067640594372,0.17313678663471568,0.02643633102044758,0.16434386886531088,0.0,0.015379296991424679,0.040004516531521525,0.03662004840191867,0.06923882320852474,0.058344928691489974,0.012333019456252812,0.058013876557227666,0.04967467599777627,0.06251597733571942,0.01468372114959381,0.01320547126006031
167,0.07215631218127806,0.3985379669302608,0.15759519779959288,0.04273936877125923,0.0020903050059112452,0.0015420886859391805,0.002970742486887572,0.05185964212047404,0.05290655361069138,0.3892861504560386,0.6581473453382949,0.028310451239017088,0.14425561295639838,0.10217278779247739,0.30430037270204585,0.08139092286201535,0.08485981068430781
168,0.0006693287528183273,0.08327009216622784,0.0329969517994701,0.0013722590238999213,0.0,0.003961154356383711,0.04404198759300522,0.03089647618691396,0.06363990101961449,0.10973758538260588,0.053822681819019245,0.12545071387575804,0.02739956917349359,0.2345927088034367,0.06974844370365202,0.2875528187482791,0.057948492454088035
169,0.1479676931418785,0.4192558119309016,0.06596469929730724,0.019542675425209002,0.012833650575889219,0.0011199205196488478,0.002349898759605904,0.014832650516767392,0.036965125827647646,0.3298823382078331,0.2085132249565594,0.06455256780732445,0.3078762159599604,0.3254469281609055,0.18857068706383387,0.35544816771900256,0.2571980176597904
170,0.11324336082259602,0.09037585437234154,0.3699869186937924,0.028555908003215478,0.035840451333762145,0.0858549186918402,0.0002113838013291424,0.2156905436601161,0.006015166186691253,0.11346487479044964,0.061893407236121294,0.02212121111073655,0.057613775601876464,0.054066860301036884,0.0472927008363426,0.3941782200751772,0.07417860538799978
171,0.1609772073302641,0.1285242917854237,0.08463414464964654,0.002276676972765072,0.031698573606807376,0.0036234151965733132,0.0011327395123566844,0.07686740705434866,0.14447794224305632,0.005283123688760458,0.3992291829501934,0.04759152387343543,0.061415507426541,0.06570511547014761,0.07241483907999866,0.12614828673513367,0.1375740806438108
172,0.011477821619437327,0.08786207091451644,0.18448231023697903,0.14841558754875955,0.11620653039037039,0.23864681781404004,0.00035161333324159173,0.017869200051031067,0.03255850351879753,0.05952131336491542,0.07997866641251698,0.14297040446795473,0.31682323237974275,0.23855046905557886,0.18238510943444433,0.2964398934713406,0.1028931171960714
173,0.1033075706923862,0.14139711842703628,0.03421863064421512,0.02588577247852109,0.13107852095629094,0.3034087808816822,0.0017464966159829133,0.0646039199008662,0.16578632102022378,0.3587539433207517,0.4668536803472312,0.06773960691967461,0.07936138512120194,0.05175110092840462,0.0946489716364638,0.365894550627873,0.059352916430112757
174,0.26653887268704074,0.07199750573738696,0.041412605422080064,0.007096717480477983,0.0354133702877875,0.044867002903044025,0.0025111047882691606,0.10793974300911423,0.28889881504429565,0.08399067840212986,0.04767296042449135,0.023482892929823484,0.24744704090921407,0.04964175527264281,0.20853703050052844,0.07850626423026144,0.4772704750047322
175,0.14973249596663984,0.3200682831115827,0.14367533971234941,0.026304902909788274,0.05392491162231416,0.05966579110861448,0.0017794141550849668,0.033298508240596346,0.3087241303259406,0.3027063230773787,0.2867891082600064,0.00117054512939848,0.05537640227317539,0.2114928306237954,0.04387856003701272,0.11851287349997838,0.056710004746198826
176,0.12195438672188953,0.3345994966092493,0.12522921101042364,0.06783848006634749,0.1341882934867902,0.004630715877311488,0.20202368353057532,0.16824407764809732,0.04001893387455653,0.05463881862639557,0.053611844131379795,0.16903083262494323,0.3834613354940729,0.19783238435071282,0.007934101557952027,0.30190592151487317,0.009902982987533754
177,0.03729396060419727,0.07426885664034794,0.12081484790105916,0.02530123071003049,0.06290077083118978,0.0015602176229356824,0.07983198483918769,0.12010388620300715,0.0039343146222930395,0.130361053143164,0.10152285753227538,0.031694616257549386,0.2965104745895026,0.049440304832621705,0.047615846632238855,0.08773542256626629,0.06074481904731247
178,0.10189157699681915,0.0967315536044074,0.03413457063933947,0.0026598005109960865,0.04951003105380368,0.23239407036137075,0.008013826985849671,0.02371901160269434,0.010663168712985437,0.06832994712280757,0.13855891580736962,0.06612201223622399,0.22206452926249784,0.06812731880242492,0.1926671517177231,0.2714005923189338,0.22958277331120172
179,0.0007329640895087625,0.12913323503938487,0.022844098501770934,0.039133048828460686,0.05155490737150628,0.78783598537812,0.0007690308292040471,0.0542855163690143,0.06659803034889257,0.07242933359570951,0.09818455816424429,0.0297889011406078,0.057904334354942175,0.07235364328842472,0.1807038557157301,0.08560648865400902,0.07889694259379815
180,0.09099656063801556,0.33607764450775307,0.07327755384703107,0.06425864693745781,0.27808100546163084,0.5887684632392876,0.1855368501858012,0.18352713140733515,0.1328754620162811,0.05786797842944825,0.1003295527188074,0.02740762728164108,0.0683925625801263,0.05206672094851858,0.04510647639607055,0.2996684700092662,0.3492599814637648
181,0.019547756833574403,0.3355127853064936,0.1233528252950006,0.0026417266933126023,0.05007634101478274,0.08149994026102532,0.05120642064925922,0.034566021051904094,0.1581320958075528,0.042973759220101465,0.060538548733852726,0.14409395826434354,0.3149755449550923,0.05208223139860085,0.1898757229225178,0.013315797038335428,0.492911037016204
182,0.0003768549713113545,0.07567614226974619,0.18980449440149402,0.18826009820972803,0.03352626727855249,0.2797753965533609,0.005554273891075764,0.06936374233843659,0.14190074169196717,0.05409221773904068,0.4133828956565255,0.0775150199763037,0.06193810481105673,0.28593616565514945,0.05352746926258169,0.01722341152150256,0.0819284867325871
183,0.008231923412534203,0.11962668175608539,0.03426473629677362,0.042780398056751705,0.19353111015445293,0.004323015190305916,0.003184135007671256,0.07284807782544288,0.035817250044282926,0.22108385145515388,0.05138318400300376,0.019087669685427265,0.07936074558538525,0.1659762479032696,0.044813302321541904,0.08885330500718108,0.3872215643665405
184,0.010975738330535296,0.07520555244385778,0.06065637169293495,0.000451426580670604,0.03392057134463842,0.028716906733994838,0.008054994960035249,0.5132998892695133,0.10051908268198873,0.03965175825497259,0.4347568948679434,0.023490485304678954,0.12690034249156923,0.10102515324993225,0.22126723714069566,0.4084155524424228,0.0723409240801221
185,0.07012669727000852,0.06640684464537247,0.05989434321388126,0.01750616865520156,0.01345514923934615,0.004218607176063442,0.0073475119666896885,0.03819992087728037,0.17700108041234835,0.24818976619096747,0.05349600763141386,0.07522488420106055,0.08839031894039738,0.17979249000717007,0.11247699792055202,0.06496093126532515,0.41766771401775843
186,0.0017354224966010167,0.43853116660189184,0.23465786430301558,0.09764672620367382,0.021117696415521307,0.16229839760160375,0.03053570842598061,0.01466850816347665,0.044926266151000004,0.003206116428388954,0.2962433640602743,0.03464496642262615,0.052233643888804415,0.052486701047436156,0.18453466763076515,0.06938115308560344,0.05954816522111858
187,0.0447570491457185,0.09195186912046843,0.0805194842273064,0.0435556692195748,0.032730157109547735,0.003386667254744933,0.042765004598379494,0.0528133734192032,0.0544634813094735,0.004353463877162331,0.3419937180913751,0.06338761800947523,0.47561108278381875,0.38063045188452244,0.008379142303647271,0.0791709430851276,0.26244271952698534
188,0.00310141777719797,0.2984261945750322,0.042110382892664264,0.14753141239210596,0.07126835956712717,0.0003641370460942014,0.18669000745412034,0.034690366884927014,0.20916802551749913,0.146347397797601,0.8036753100803299,0.018251254129895315,0.05338587594822353,0.04743317390173949,0.04530748693297653,0.06182333535474161,0.13112563669276386
189,0.005198895866472273,0.0862454447709048,0.2637803252577535,0.028029116749373965,0.005301877155366499,0.0002639099539891289,0.06516210271229271,0.32817791789185,0.2506846753041497,0.035935864115047116,0.0358630967542945,0.17359864193171543,0.2788167285380357,0.011542289127077266,0.1067483417151172,0.2581971571461138,0.08113964138158612
190,0.031800182998649375,0.0121186039624286,0.03104774450604564,0.03545161918480881,0.048515646703309594,0.07182903121020695,0.005809618345199043,0.05360446654860051,0.39145923450302156,0.06082246041454949,0.09563500027015745,0.08902204309644869,0.050620651072506004,0.050519389789902,0.05119588224510588,0.007210688865423318,0.7005120537690621
191,0.0011423077074652547,0.08752193034369582,0.05876391049910469,0.20854744415340845,0.0396430696801801,0.004784594065412471,0.00447435587480451,0.08121276816428788,0.032982361372484205,0.16122840424852808,0.006088149516866221,0.0171671105965564,0.06395796064521528,0.052724560431995963,0.16820791483962977,0.061924096538029556,0.07835284696010138
192,0.05735233457558988,0.09139236718820509,0.24514651045783933,0.12682938084140333,0.13061198838121155,0.0014262872772124722,0.010215214672249978,0.04251502156062785,0.06080114757573741,0.15743121429874657,0.013326152590915836,0.22612256073084083,0.21609179749450266,0.23591544873854237,0.10040499896583996,0.06114329064548874,0.2846442800570032
193,0.008035857436097837,0.0724762341936166,0.034841978889844895,0.03978151210230374,0.050847732939808626,0.06880547229826506,0.003786041222847646,0.1492341838292687,0.06359194904163731,0.015277859582334958,0.14307718895439248,0.0329034562544658,0.06253423246223164,0.00417148890808974,0.19403750742254436,0.3293297321689103,0.08202178757032291
194,0.21759396750562815,0.42866122621762104,0.05333829980553431,0.02984780942477771,0.05887613020074818,0.3141820320089149,0.004973310923552733,0.04997650888517441,0.14707748407209412,0.026528484745175163,0.10407444623747521,0.12816809922449987,0.22548963478740333,0.0550483620712374,0.0488517782834024,0.14447244006610152,0.052565802661016556
195,0.029445332338673597,0.07151217181083146,0.13614122505039442,0.11579977796996382,0.16405047589214447,0.16594356743977864,0.07603800347803803,0.03471955559615807,0.004333015406968251,0.05881422806440614,0.3473260699086176,0.07307274319863007,0.22003461902419305,0.22551996154358314,0.0836857717622783,0.12436523694809797,0.10963559675331255
196,0.03393801374859807,0.07625205314930891,0.25601505398693936,0.001573264966816337,0.0438832933234575,0.00810267622345735,0.2849233984918875,0.009299291520648454,0.03990735213449116,0.23876773952167338,0.058215038974784666,0.021305997976593254,0.06287525570338735,0.04907127166224596,0.1893692700645619,0.28761440274117406,0.26661732393383986
197,0.0010454740811459337,0.7784229097687709,0.035420706441590954,0.02750762259427261,0.0015548673478129086,0.042794939212054454,0.021465958243246507,0.16721984577719004,0.06665478713400129,0.08733209516006332,0.07953766933317083,0.0050525820472579015,0.04678879655591713,0.25130284979528755,0.09400444548384954,0.008529838900367516,0.05616444064411842
198,0.04995704045021609,0.07471228416942359,0.05707126580230044,0.04689689585236451,0.009889665349210661,0.044706392080315044,0.2665445229430059,0.11911074309266927,0.11154541156163837,0.11031412875920485,0.001698730480667883,0.10967952896642495,0.31412465784325133,0.04966883839988371,0.1851526883450928,0.27663009978042724,0.0633738873810175
199,0.018420276734655256,0.09282513664850403,0.1355107043953258,0.12166155537880052,0.07050625238838872,0.0020360821681078313,0.1171926300581959,0.33752961642779283,0.03286848963952602,0.021410493687552497,0.0009507679836504701,0.04168438243302646,0.043845907028815,0.46126041244689286,0.05036197513090916,0.06221243328103111,0.05489729866673697
200,0.035513371472158474,0.4927392024110473,0.07336154691876327,0.005378055149322728,0.0678199424184342,0.05143427410042256,0.22171681695528778,0.06944686935123649,0.024724909132415724,0.0621436582997836,0.06670568873060415,0.07092562444100509,0.06852853002321735,0.21835568725981405,0.004349787751492743,0.02365358576805732,0.0534761596510737
201,0.09145642705212792,0.3136696132667509,0.13585518049096654,0.03757489794992134,0.4729395989974339,0.004896070238627946,0.047863789451526806,0.013313975038014663,0.03809923617909713,0.20506428130795476,0.0801305990018599,0.019897241314291898,0.05829009560796926,0.05029483559464162,0.06898620744407975,0.06860689685703311,0.38106603586477195
202,0.02903472070221531,0.07361472487347653,0.032328908765887274,0.001986773286592891,0.004615080141440932,0.4332863611222019,0.0033879226237956608,0.06332988319083865,0.006069899468726093,0.060060375870749784,0.09748523252811314,0.05015543303571893,0.23396373904369364,0.2597246427297175,0.2923672935838295,0.46337282292957743,0.0664768695094841
203,0.0553035150133739,0.061009526931837296,0.07895819383716797,0.0021844943978875874,0.07715289287259029,0.06168099335215765,0.07246214046878752,0.037741649366591606,0.17003715032710184,0.07656484784940085,0.33736340523664393,0.09827637163776892,0.0670971658602197,0.19304653717955716,0.29412802804836147,0.09996168011393394,0.282390160865183
204,0.10627609257605018,0.09046854456618356,0.03360826525289463,0.004223464626930967,0.1613553172922794,0.370635528821837,0.007402577456101886,0.1769728445058235,0.006402729249274574,0.36081791587095496,0.05598327647750337,0.01812463118888153,0.223081609961342,0.05622849707051098,0.04683268066569957,0.006631387291436745,0.07435815676971234
205,0.12376918622083785,0.12290401032766772,0.22723016666628817,0.03964063632540201,0.009611025355683997,0.005729986127452589,0.05143550194400576,0.04311856153430142,0.04308896732921091,0.06414661342943885,0.013475338212890793,0.05479070080671493,0.052485441006710126,0.07462782392333224,0.05489543382074788,0.08167836468466087,0.027647839641011498
206,0.0688221559288263,0.34381884437116805,0.24818737759254086,0.2220609575221057,0.029115182763327033,0.1680077052201019,0.004123390955899071,0.036926373643998124,0.1195097518081851,0.037642960866263016,0.004234198482368535,0.027148328515272168,0.216736841800716,0.23950787002472348,0.04863229571068826,0.23808152055590523,0.15126510627569859
207,0.0646334188649767,0.3214757268001813,0.07117137117363252,0.025592464191893424,0.04626463435345974,0.045001431684012036,0.0010683169028582295,0.13240087734324923,0.031605778680471985,0.06422550920849644,0.12451586603204562,0.01799891664231877,0.06145116464484856,0.2379536504785094,0.18330793329016246,0.1101806240072784,0.08804721039042705
208,0.12470718770065567,0.07320632460708051,0.07305632649497902,0.0026850976406672935,0.058614403903721926,0.0035221051019944877,0.04700121308536927,0.09643038485168037,0.04813561767783448,0.16691468130295314,0.21238309166148703,0.035489430888066824,0.21005592647025892,0.4384616524356449,0.17819806643801342,0.07801409809904497,0.6088221395201823
209,0.0023484403962948665,0.08857854242512592,0.13730945481465018,0.0353250125520956,0.059358482810865164,0.06321229424322826,0.004330457133148309,0.061864051459771564,0.061013445104260725,0.0103336958307718,0.3063218085740095,0.024283202439565766,0.05848613379223638,0.05418684199266377,0.05194281961230897,0.34928165046959525,0.048183798616275246
210,0.033574497864388125,0.47552982624996837,0.037601817605399816,0.1607924524312436,0.13339970565597506,0.0020108912110686295,0.000617783726076831,0.185109938731866,0.029200669728098344,0.47527722785745474,0.08171886955443838,0.08031592047808293,0.239640032716772,0.08669757462238233,0.06012591492207583,0.11908391316632373,0.06611265410975824
211,0.03784620775930772,0.40742280665491837,0.023463313917808412,0.05538651247529568,0.009541589907153498,0.205831518041469,0.0007026990485749291,0.051083506081765956,0.17310061680167899,0.13508783394021348,0.4411358630715675,0.017453334189193214,0.06900341494096998,0.05136069720986253,0.2043858307453674,0.21455464241321628,0.11736666764311081
212,0.0023367922293964834,0.10677148630825145,0.03748072134237825,0.04095142478209843,0.0014425385838257021,0.012870293863557977,0.0013868065408763493,0.03491901372821186,0.06477040749244407,0.287306901829422,0.05334369463071938,0.08022617116589881,0.39875413501121804,0.1789842041461929,0.05126825485668651,0.05816750353307438,0.0912495800278239
213,0.08232509978384768,0.07804043383416438,0.1265982388351163,0.10518470270795684,0.4219243587318766,0.0018711877504338913,0.20022685850942304,0.061434638955913466,0.1360879710130618,0.06121974258333533,0.2843697818004086,0.005218459645286238,0.051576228407777425,0.04873340322578702,0.015538702853155466,0.8989184478471812,0.27863109387973223
214,0.00858786418349759,0.3015856001055186,0.08586129391617565,0.0886711365033125,0.006712162077429819,0.0524030984883764,0.0803391738524481,0.04858039180143981,0.014263108699699028,0.08783647805708084,0.08257107710374104,0.04224965373219463,0.05560283023749537,0.4414333648013867,0.0105601563726802,0.08435248369233611,0.11295633472325817
215,0.041013275360307515,0.3367409065248767,0.15506868964346446,0.03641308058121758,0.32947222716055763,0.002367110315951877,0.18551271169161146,0.03369847935182042,0.029792103494984238,0.31840833870028123,0.09538806922585831,0.0669107460529517,0.26346930919357286,0.05958741684483745,0.07188006769517545,0.022251913018110598,0.34210829885840305
216,0.04968804427037501,0.07499300543329342,0.03354504486168268,0.031026782583979288,0.07765201097963507,0.004450692943202312,0.046598490336623326,0.37437187174162695,0.04505163994119247,0.05664545312794102,0.07421119287653882,0.027898598154419002,0.04890943105332609,0.610922095213836,0.1983338435446824,0.06221337042703798,0.07101024899792491
217,0.1481948649390993,0.406853350935225,0.06688415131666274,0.0025922163561328863,0.045847777744355674,0.004224112911880724,0.0021984039531981734,0.2534135920049609,0.07001857987797526,0.06678637392814342,0.20564572130401,0.021488059213264642,0.06305721062051371,0.056784954396075206,0.047544677718661554,0.09365889377590161,0.012425116056206597
218,0.008920087637629345,0.07487488853474317,0.06797118567626187,0.002967695727410745,0.13568708158908388,0.002805210008871524,0.007540942721564903,0.08465001202189697,0.24271236229667145,0.24002610651616427,0.054333094954526394,0.07162658337694544,0.3644093607725331,0.19931408089663463,0.005403077212533198,0.2731746715469714,0.07444528583378641
219,0.035353435798280666,0.07315484452106576,0.12955874866906808,0.033315710204470446,0.033529165115950825,0.004102947437284097,0.0025284201509967108,0.03743927788835351,0.012080912450083733,0.3685844635087962,0.009374855198105882,0.06029509039247607,0.2228783988930386,0.06805187903462667,0.043308476882352676,0.0911976976814372,0.30392772609528784
220,0.04094806131761613,0.31659694240853586,0.01051977596457367,0.05077856951869973,0.0013375070828538726,0.09993440765717101,0.007427045072345378,0.5177184408544757,0.002985866403206985,0.056054649979382164,0.1136964401792461,0.01872467908391508,0.05260834490031836,0.01563649979897439,0.17296926322593653,0.21085260705562206,0.34866759028696986
221,0.29908929492100383,0.1313074956154373,0.044103590834684805,0.02409499645954704,0.09457632798761394,0.16454196453017012,0.0027883564488266985,0.045623775805783494,0.01118448999461893,0.10149388601665886,0.06702637861772676,0.07918047955723712,0.08012101983189492,0.08095376363570143,0.06359840174000073,0.0671316383524886,0.07071770701605876
222,0.034411528885652624,0.3690355069524101,0.003557032038385673,0.039980033504294285,0.3139698790112666,0.04209143744352129,0.038567974423804205,0.04450485620330284,0.14067608561953546,0.03720625629347063,0.06007431671245507,0.02196745083361249,0.551656741260044,0.004690131401002581,0.05392770103257358,0.02555915103055441,0.26631363582652534
223,0.03438601110882857,0.10819604392392086,0.3646963564206117,0.18708949706785838,0.13221547027400038,0.03988619149127106,0.05013926530834483,0.10012818362569537,0.03365291299339144,0.05718703226121501,0.25349899549637406,0.09977631146725705,0.05270306613026958,0.2366911633837776,0.18179130732142712,0.09209422810811364,0.03172222028380011
224,0.12847465845738898,0.4124135116011405,0.16126320865586705,0.025274782744931303,0.1482118503885973,0.10523146911068149,0.055845956019523905,0.04890654392828464,0.005809818049733317,0.10759107611955156,0.17872260045562263,0.020047986341201727,0.1720796767666414,0.05484583229223504,0.15888396791611278,0.5569647337501428,0.07525813825967846
225,0.03371006130069423,0.07640197737521602,0.14841406532264254,0.04963088211298713,0.1023243720246958,0.2041571031606935,0.31434590140375834,0.08870895721148112,0.03377947025484694,0.15143831171432712,0.2297047679962262,0.059233711310957185,0.24487030605840993,0.001968210404035562,0.23612834170406685,0.16844716331325463,0.3897846955306908
226,0.00047192473969456073,0.23995351884087057,0.04841610514481634,0.3088907208226673,0.046236467284676216,0.04478570713219366,0.2328014568442366,0.1467458285552042,0.1604199677624383,0.06427269362166459,0.05168603325975019,0.1800081954108915,0.12348007979926726,0.08581417580378724,0.06671919400779747,0.10188810544884395,0.36271886669056663
227,0.06779531048169561,0.14302633529315414,0.08341392464759063,0.0009740934427944373,0.19800594796007676,0.04519259501600582,0.003402209458068901,0.05526576653961985,0.10633277661678042,0.06850832130569187,0.048903188542963015,0.11771438694810045,0.20803715154137115,0.19749181789015716,0.047306496530162924,0.10036402030710136,0.3546707984750791
228,0.038166726845883556,0.12904511562206483,0.34805876362041577,0.028581520189706854,0.042534151063030066,0.16988710925481876,0.07192804826489096,0.05353747723221363,0.12851351430777597,0.005472024672097237,0.09641569311451834,0.052604569583032605,0.057731878464075646,0.06421304897366366,0.04955067902367635,0.5487190652700895,0.06618968902579142
229,0.04954485685457272,0.10083381725543579,0.1019564564140072,0.002887915717601851,0.0006483067055370931,0.04113523083964017,0.004550619062966789,0.05509572696299428,0.033250978428084235,0.06375322305083304,0.04730451534415725,0.3111156096552086,0.20868409268034965,0.049373192944689004,0.19160429834126624,0.08244231123737121,0.4492099525735689
230,0.030761667543821723,0.1592034790769359,0.04041405822404511,0.03283100977829692,0.007212188495653146,0.055364321301533695,0.0006710827409373076,0.1361507699147775,0.054500407292485085,0.14340662308727192,0.20524238203907816,0.01580210475238699,0.42141585519280683,0.08945848917043808,0.16361285126388533,0.10900759353582101,0.09026217230484605
231,0.2753402559247042,0.20470242301526412,0.2803991289776473,0.036161218606887646,0.023215014384117966,0.1704874636702911,0.0007662898644182506,0.06149740033684631,0.12553532513051535,0.014272167583806757,0.0547191688892125,0.02699673217971857,0.055348958832062464,0.13563279953234908,0.18584992491715702,0.2673317009783318,0.09244754128360844
232,0.17845392287752712,0.18209771688124038,0.04036369196093491,0.12022726944316285,0.27824453455548365,0.3918749479995639,0.0005292473835242677,0.20656209970954623,0.07477379096220549,0.061356362197664556,0.026501081276920267,0.02715369174985868,0.1848853947206607,0.059064155899139825,0.046993601754041166,0.06056595322128083,0.29115283258918073
233,0.45846825670624,0.08576838802523169,0.14726182850901753,0.004275604578473365,0.08509432218072756,0.0031307970690074563,0.003839034949579545,0.09367675110479941,0.014357578537375987,0.04735877327086231,0.18329643305032986,0.020116702747460503,0.045690110355659265,0.21492057160495456,0.13027545900901105,0.01137935274777231,0.02077761138475282
234,0.031578495098939695,0.046392255867937895,0.03218511626930745,0.11556757522772146,0.06924833663719117,0.1826166053873101,0.06513817247342707,0.1990677910334629,0.008315829698549097,0.09108081829933577,0.10014979730041136,0.10019805117373112,0.41975352858882525,0.0309321298544324,0.04627967984831867,0.22827089687392293,0.27914626709867235
235,0.03470661579731719,0.07155927115517195,0.11053057409379795,0.00707568888290997,0.11952888382124643,0.03863639750115885,0.003738922975516154,0.04268403626189989,0.16332037552600256,0.33983162338274314,0.13691472476976219,0.027569606949705276,0.0807026678867078,0.20724539982241097,0.007936932683800213,0.0716282715285117,0.07797333641369797
236,0.0009519741984878575,0.3009766787201186,0.03362487704348075,0.03545301837833214,0.11384429988087179,0.001069963788581173,0.00024050189271543573,0.04725868117668043,0.0338189637385253,0.07766372620405748,0.0900913094941603,0.09326042982714984,0.22454083682888265,0.054273759710609625,0.19394955937113664,0.34182077702365254,0.08155260402697088
237,0.16139519260400942,0.46693867231063496,0.15997488304504595,0.0547353209678902,0.05295819940280445,0.5542428633343166,0.001197271156845898,0.8490293812374621,0.0493547383695724,0.09817121550919608,0.3823881664756688,0.19735823378570927,0.05921867609540875,0.09065241309662399,0.0057756728406907565,0.02903086151266653,0.23164984475503606
238,0.0277687959561994,0.0653126938124744,0.3569799006511742,0.10166553136649208,0.1439812138856817,0.04103509341409496,0.004372737311328588,0.04160855871784907,0.04128826614291073,0.0008694191987803265,0.0,0.10571769744136454,0.059966546173271275,0.12241760306441282,0.0949896020147257,0.05909949241231426,0.12552979555626073
239,0.17674250719939322,0.11234540967937082,0.04409442701774682,0.03320233472081239,0.06542234208470132,0.03172815734997787,0.043956919902396266,0.24685063573040808,0.008176371217428305,0.2546427042957733,0.007642994228759948,0.12673045804382124,0.05922939357321879,0.26267621508929023,0.18452838284350595,0.3274804495584064,0.07178199032166684
240,0.03290635785356138,0.07397917466618786,0.05690104768480291,0.010572940004996227,0.39954417854638,0.3685174827033502,0.002486637301420977,0.06254020872616198,0.03061815142491999,0.2373306846862094,0.2805257332297906,0.10624624121340744,0.2785560442965846,0.13834757411410037,0.04758675589025709,0.0591040605415103,0.0783879477099312
241,0.03235708006183038,0.07517788588184679,0.035847550579497824,0.027090830745839928,0.0010650528625442805,0.0037564751455328427,0.00021503701263063683,0.08737359133893707,0.14790828783990034,0.12167171084452226,0.06646432586915738,0.0610667581837894,0.05359696553386272,0.20043517986279372,0.03203456089062595,0.008780710909898053,0.30771076312568746
242,0.11472957348101873,0.30010233127749314,0.11525798897700584,0.021190464220024872,0.042971385627800285,0.16658126506221732,0.0013501022372721595,0.14264036606012767,0.06834480677967264,0.36782760002075354,0.054583616572685005,0.0370711365510017,0.38560694840647064,0.05315377433517717,0.04546635767457936,0.09560881310283073,0.12227578189395617
243,0.16933337196296677,0.3504898637849156,0.22889956133106326,0.013773636810768165,0.06416432143224003,0.03966016069498369,0.03245897237588613,0.14891848782540767,0.04099809552545098,0.1404335263835681,0.06932254679841052,0.01614661359619303,0.21697225262315853,0.09309607439613825,0.22915704109203575,0.4656342475032439,0.561888811359576
244,0.028706359317581306,0.07007285168760904,0.03174183683182366,0.0009294841094614644,0.13383533254035393,0.05610055796728526,0.01977782945576415,0.06374684944915839,0.15654923655458972,0.213652920632096,0.08143836572906447,0.14036091914505266,0.05385929320562146,0.20014789950063658,0.19982892323569432,0.07505658950380151,0.08200258784839036
245,0.03617697047286798,0.10609933020510993,0.04178525324719962,0.0020122643663385213,0.03473491087119942,0.2416540824711653,0.20308179435905735,0.036130864571982196,0.04649872455804225,0.10231064605155402,0.1384856981645709,0.05140556510110172,0.05098900345184336,0.0672402072989953,0.0567471806162737,0.32111864955983577,0.03128799390330298
246,0.30471164207518475,0.08700935799959755,0.06290981600551737,0.07145824863039378,0.08025613664285135,0.09599280807123728,0.003428274076401955,0.050621898884207615,0.06844556880666802,0.2616871324464431,0.06910147761777535,0.12036590834017785,0.22051215753394718,0.28697595514995916,0.06367679474323515,0.08556393276149056,0.26150198688390175
247,0.012092328089969661,0.1681725378161879,0.04360041438003984,0.03514309987124872,0.07694524672742933,0.007926534449695074,0.05608771801195684,0.04595685482344404,0.21140075219890206,0.06625146616874691,0.03967906112415381,0.08902274672144683,0.054010323074738895,0.12714051739176116,0.09663029040444218,0.22782944090932464,0.07415896170450377
248,0.027448985819396303,0.048701585095783165,0.15780190958587717,0.16173554630972498,0.059275079247288635,0.006440054964235303,0.21653157476073753,0.03507606825680531,0.03319328820076218,0.5402771600922686,0.31768353089077617,0.01612050972527323,0.06910662916502698,0.19807723954989018,0.04167663218067119,0.05455528211877283,0.3305816125581608
249,0.004346841092317307,0.15385826172777642,0.18125774067701164,0.05227407649180778,0.30403416287137564,0.17274807025018707,0.055104516911451455,0.17293097693161957,0.01247590873223496,0.12553732332894463,0.24612778959493375,0.18008818624571382,0.30775767462564013,0.050705846978338596,0.06620324100552932,0.07626046684001227,0.34449044551531866
250,0.04168485411282982,0.3938071420639535,0.03765764509078464,0.03703715562423828,0.045018280593677636,0.036458877425313174,0.00402302140963272,0.11255063549612582,0.024550276586771603,0.23097170726606828,0.20099453758556504,0.019317226843840175,0.052612088196899,0.27243539187121824,0.18635154252010366,0.30059498585298977,0.011145225032898238
251,0.0007178058947052047,0.07472612511209734,0.043763128480114794,0.06493648878745484,0.0032217404906444893,0.0853890749087229,0.0007101178932044751,0.004633784693307177,0.14046853490319539,0.08055831808927232,0.0635252398242393,0.032324352322174406,0.26153587019336705,0.05324190295792845,0.051272423786220954,0.08240815149763138,0.041309632262060636
252,0.07006279581197813,0.12928215804957804,0.3803144565213667,0.029731298362634852,0.046526706762327105,0.00679790079465817,0.004186934838324672,0.16983734872516457,0.0669870871238024,0.24160197963639501,0.12356607478087996,0.0007918554249983616,0.0602200021572369,0.060323453232041926,0.012156208196950248,0.2198142059156166,0.2914701762194219
253,0.1735190120116371,0.3026767513539805,0.03356913395720791,0.1320746373688897,0.4707923390666061,0.1443837510226313,0.0033117418171170316,0.056355203209992814,0.004493256230770981,0.3514163737939021,0.2504714089660329,0.03208555857060553,0.24048822863447916,0.20021187886740874,0.06993661771734051,0.049001631428550005,0.070851207003199
254,0.002455602358933592,0.08235486539917557,0.2886592661544097,0.023744326234525076,0.041011013351561876,0.04220052652547153,0.013884698838098373,0.09059543952225536,0.1561983426608157,0.7654641816708682,0.383505499937025,0.04581819430076599,0.06320088427205003,0.012559243088858233,0.34290233983284846,0.2705009386194232,0.3379870091282393
255,0.03895308323275208,0.06836947150033112,0.03590244373942182,0.001836627755109178,0.013046994527459553,0.0052369401308595695,0.030378779690157905,0.04579169288600992,0.00808563651576439,0.003984740355670277,0.4934969446729794,0.0768179206947805,0.5618161713863244,0.05183292221070827,0.05032136084082127,0.08070546965651376,0.43367301631406585
256,0.038021374257940485,0.07255018507348904,0.045364483247907934,0.00712251962200039,0.04040815717128494,0.03703250983055937,0.004559795669927952,0.09868347246919937,0.0323962081141007,0.27758078728790025,0.14742572743589563,0.013967258541357956,0.2656700041708595,0.06368390216659661,0.33007945195917204,0.28549147775395856,0.09995429039618489
257,0.07202244851770918,0.44874566125804166,0.17404446093259301,0.0191003153702035,0.14860275651323462,0.04759425963891349,0.05817843708147468,0.07504024769696678,0.22432222375565078,0.303997048043499,0.11305166950859268,0.06967020323856771,0.059040353151117254,0.23113797158660188,0.11074787515426948,0.06931227722845958,0.08254340335565295
258,0.37737553850188177,0.39314214162060596,0.04726536071786032,0.02833972518630397,0.03909132899729911,0.3462025482855344,0.2774478063984362,0.037955226120868456,0.11942656168522923,0.197425724636936,0.05938983458559321,0.18410278150501416,0.21173041268197884,0.08248535021447095,0.1859193388486865,0.016272606203975665,0.23827544275352852
259,0.09204854539501275,0.09281624198734988,0.21344730543509874,0.13082927900745103,0.049887911420102904,0.31068630706528,0.053047483464655716,0.3206439396874885,0.035028603794087364,0.3762126579751105,0.5704590819070923,0.04532957275846057,0.05199279052933342,0.3277928373652269,0.05604640362168144,0.2393053646846465,0.07625052457790847
260,0.0020149339492389444,0.0764605190481458,0.1453350124851569,0.00207310241275193,0.0019607367955011006,0.21945910103185393,0.0030282989532741658,0.7058437796387725,0.05029813167448336,0.06948435067128499,0.29608129347033885,0.18642327144402085,0.24317847486746372,0.002800912937192215,0.010442562290207803,0.4423192548431966,0.4038871497704973
261,0.24754578532758625,0.3048210202710659,0.3309404061158785,0.15060799981227357,0.12087899217109073,0.04458145340987686,0.002479613447825058,0.046944413671972704,0.23586060075014176,0.23830074749667848,0.05212787176608351,0.022688504152567887,0.07801424532767773,0.036018196991219914,0.04513736934229937,0.08611760859157097,0.09262068192205779
262,0.034947137114931394,0.45420392595081477,0.029794363453793615,0.0018320443204844527,0.03317004291681603,0.12231990795549856,0.006516768582082959,0.04326616201036941,0.05558357582382269,0.07394909434741845,0.07776394578958601,0.04788486571461502,0.05125130967092303,0.21361705310376922,0.29521107683703895,0.5464237270091763,0.3475318423908162
263,0.03573544809339729,0.10552171539211055,0.28276696440132587,0.033433164199733176,0.1317073801975823,0.054154517086107155,0.010694956170753629,0.00021739872100340408,0.11792793253796306,0.06566869959236014,0.15657281749588922,0.17088420801864085,0.36167711400733293,0.056263130563970705,0.05068786620095426,0.09645399279123608,0.08827081923976039
264,0.0031747220195285798,0.07699828341594375,0.051679513948478216,0.02547018852142317,0.0006674552498823539,0.27900794272570234,0.00387106265316869,0.018947057253280265,0.03149487830200893,0.25278847781098324,0.03683934401875508,0.015028337540351893,0.2812716809933907,0.004065072634738806,0.008716453461081353,0.3197880022061186,0.2991791301103319
265,0.05664921820784908,0.3093087995890554,0.0858611882501868,0.0006313235800092411,0.03330395341469756,0.0053321499812520835,0.06410090839861848,0.04260587002270455,0.09620999841278922,0.07723099971603009,0.48679772509837305,0.042053567628720846,0.05604258324378096,0.18394211943411137,0.042359311428693626,0.059731314630858734,0.3585356880841832
266,0.10648705390399112,0.07449907595115698,0.035355584065007634,0.11708125982575315,0.13227618319639264,0.055451720394866136,0.1137399630500456,0.14444247234636268,0.17075694168048883,0.11795574392540366,0.02304579876629926,0.02295013914326387,0.1107775185105436,0.044159843576566785,0.042756421284929444,0.06187766354422792,0.08464058045388555
267,0.07401056221326881,0.07669148728305447,0.37452896137304964,0.10813757511539572,0.09951961710568293,0.15598579235031387,0.003941741726723761,0.03376373542440764,0.11761332911578984,0.05328054378004165,0.3780458526275039,0.09376683562139074,0.36624725853843837,0.05366266451817026,0.2182574487846403,0.010983331596908046,0.2928177613616353
268,0.0688237073680214,0.4839303024500766,0.045952757230384486,0.024136911593938607,0.040215695816276306,0.040266713509265674,0.00048078307056928786,0.07148240849920827,0.030309675917879305,0.3869642517466605,0.07057096785457835,0.004760956434763214,0.05329016254327339,0.22485018037477228,0.33494192594662453,0.018278591597419132,0.06414310916267546
269,0.07298496484145353,0.40937514899814226,0.13243938482772774,0.0018699720941510443,0.13359962894284488,0.027631128663496,0.0016758370905562404,0.09384880521960298,0.07813496087784794,0.0702100705063987,0.2057406485242695,0.030585809117059593,0.05202322368293733,0.04581227809984686,0.25210952510489326,0.0,0.2796835760247194
270,0.1556120552664876,0.09129284883389759,0.045649567858668694,0.0027324179409804607,0.03768414169999957,0.07266805462367909,0.0018173865741727378,0.0362921339709842,0.23179850807720837,0.7033836674823126,0.051123101828011636,0.09095728198465443,0.2234579405204554,0.20026468538280667,0.2961590588057546,0.03135890537357635,0.05491512469632381
271,0.16407900316182017,0.08148996561578235,0.13445609187555713,0.046634362921133245,0.033177693022195275,0.015491578612702272,0.19424445027589454,0.23035107925020126,0.03185540557422519,0.09253611006887216,0.1730627887795729,0.021287125326466115,0.45327793621071566,0.007299820273576819,0.046160125365243415,0.007401785518521677,0.30267699836864265
272,0.16656569135407367,0.2986198538093862,0.047684053951374046,0.030214193239565923,0.003660119840088352,0.22736695234286314,0.00213334685927353,0.004427311119691608,0.04795318544567742,0.11876082917287432,0.04754942272791649,0.031194474589285964,0.2470902648414905,0.04856034632924515,0.07754404289770318,0.2551940156834822,0.47562904530925454
273,0.028472689372569523,0.07508777921643486,0.06019914389535351,0.02833045476396792,0.14967933823885393,0.1314632431007131,0.007191619881533739,0.2060919347340026,0.06111492466234532,0.18961065943511657,0.32691611521926767,0.0090897134591303,0.05190895445557915,0.2725338214170611,0.1447157577417045,0.06334842032717741,0.40666921458096145
274,0.034520658014064606,0.07135895250825147,0.14662197455255782,0.01917840902776432,0.04262254510020074,0.1680396632430477,0.011218415621079747,0.04188921054781948,0.18590505687620407,0.061206613342690674,0.05734070640452819,0.18603129893854556,0.014676466926595291,0.05970349116299818,0.048452574054936116,0.014287659504033469,0.07256903943121497
275,0.11173976772132181,0.5223845719152648,0.0320066998331509,0.12860459301233976,0.03717146194210895,0.1610694462333921,0.1687771495908008,0.05941611184998202,0.0312891583606215,0.07797192155351282,0.017017030994883095,0.018179688556582304,0.3036348306875606,0.20174150599028812,0.1865729934351903,0.3582819259633464,0.6208505216317737
276,0.1149601644260678,0.3685313237727552,0.05746861467967702,0.028940974260912286,0.03692588799771943,0.04437028313136581,0.05462963907206128,0.0594530254974354,0.11818336260141345,0.07428487555436157,0.08589119648603613,0.009587598735674373,0.05997717292598788,0.2102454907330379,0.05536451958393479,0.08456097264051979,0.03556699011754375
277,0.02873873656990923,0.09408488462029743,0.13351554169907814,0.1304316558475672,0.037565806505031135,0.07346036238178598,0.0031108434557026096,0.0328854169121632,0.029638209187982597,0.08531779823004106,0.05463762872499438,0.2917957437482322,0.10074327292259046,0.053958771345003056,0.21383571691847963,0.2262163232603003,0.18525187098428197
278,0.09310193485243974,0.15204192302018266,0.09176738382400339,0.03390581703452167,0.004479506818127341,0.28675377497350857,0.0019870132172700133,0.2156377065820702,0.029812645478211445,0.05833220737216278,0.0694513346496452,0.018868308901453933,0.20452934976078582,0.06439580655842014,0.07754630877287162,0.05492572945845129,0.05983324395561924
279,0.059753374740917686,0.1472683912032346,0.13533492572411546,0.049055524337563855,0.05089169890714116,0.03748787597827074,0.0012188803040605158,0.08177708798817943,0.04683336768975765,0.19935960898457022,0.07443269008563137,0.02423454332364832,0.07803633544564344,0.2286758176473819,0.06678987420276061,0.0981876213390157,0.24032532508198412
280,0.37250232413260587,0.07336085033487828,0.030218375558235578,0.028594574142982093,0.21877339402501667,0.031092145825916857,0.0035569797521861467,0.13934608963606862,0.013068427858815748,0.10200578473576519,0.3266063391264369,0.026886652655642256,0.007687968931258302,0.2937184795485952,0.18609289933952106,0.33381837181838814,0.037900980873756915
281,0.03923736456818224,0.08516956305052495,0.05730706009821552,0.025966361588235693,0.033116533611170784,0.05412756417306916,0.03660757375370724,0.12819112185078196,0.12233372374059802,0.07357037405958901,0.06520342958696759,0.10430568763608593,0.06420450082640067,0.057935345628122935,0.04803891835931478,0.020956313113003642,0.06284138116752337
282,0.10583290461529934,0.3056602878291272,0.12017597824853675,0.0006786198740071237,0.0035499011663064454,0.0016522222639456738,0.0451841507792608,0.04950291756820797,0.026877552935002234,0.010131819935696866,0.4101391513287391,0.017234282358587174,0.2095465350889591,0.321547504458646,0.0692266964352094,0.09395961931972892,0.2932138926171118
283,0.028453463433170127,0.30440253325416833,0.04631761921414336,1.37862562977192e-05,0.17415152991849786,0.0019077601053731632,0.25129306058513373,0.07535144852873409,0.019252477316369202,0.05534597304686444,0.3439084226525715,0.2528397214445531,0.055064203972345696,0.2045813112913034,0.1135629105191996,0.3460065042891516,0.2984629083346765
284,0.03186162190339209,0.08047426301555098,0.16201442812939398,0.0066836225541248425,0.039728108426801155,0.03756900541848307,0.003032672496587379,0.04463152856676562,0.0049303757864369935,0.13916115011111035,0.08393512455419473,0.16103159269246356,0.05971624134706805,0.060734078817609866,0.13533852949481462,0.11781606379110471,0.07259273303786169
285,0.12207037034898655,0.0916931841724692,0.1950209487201988,0.14424429914937317,0.17608530782477816,0.14097767968962058,0.07761159357672034,0.3035717283458934,0.15167269651706156,0.3359660046985861,0.22968407663632984,0.11159095079013083,0.3297082443249455,0.2719252820293648,0.048191610769651165,0.06706606068315986,0.5420925038264032
286,0.042638496900016115,0.09588045644372044,0.03436453537106811,0.02773244048539888,0.05789670886298214,0.009014493989102371,0.01109579457622967,0.321595323594713,0.14653527440883973,0.0923141332073707,0.05471474257642551,0.01668743236700823,0.055954336978950046,0.05094224275698684,0.18299822740333205,0.17191418520037619,0.0907152339517047
287,0.1395384114227355,0.11899949873015922,0.6950166992894594,0.033082968985186874,0.008575152434547807,0.04557297281824723,0.0632002090960717,0.03822009440580196,0.029846696304947563,0.39669588476118356,0.026263788593334524,0.240404417203724,0.05405985588904018,0.21365824606982808,0.2296003267003582,0.02483652426965046,0.14429025881585766
288,0.033869547862260437,0.3896661989024375,0.036222562026469646,0.05385539276876802,0.1518056362577744,0.3853211484886389,0.18034554999072433,0.030355041535182002,0.047824774032706775,0.03431552032391096,0.12708169139779077,0.19255336162534048,0.21223835135924052,0.05251300842876086,0.17437223808661273,0.08426054879264654,0.15726327278626573
289,0.035597125655152974,0.08388750537894189,0.16978578911505676,0.11173232807426998,0.056896294622850486,0.2227265535522096,0.003894419992503075,0.04292447592497735,0.0023794986461531144,0.21830061223012595,0.1691335349181251,0.069943905711889,0.21059638880538392,0.6276256947984902,0.18476942553113418,0.3362978734163812,0.08536326471675508
290,0.005651762220929107,0.37454591650733704,0.29170255024045216,0.16580470703536218,0.002392537214878582,0.040591345200645085,0.06814855442871225,0.06600747535279193,0.2365518056250658,0.2548730642104298,0.05500747087228418,0.06724875009242547,0.052429823262424013,0.04684303854462054,0.047067403482182975,0.07669056372541634,0.264587019453042
291,0.13581172142183168,0.09138347215288091,0.03582317514168353,0.21440808904664801,0.16350019949679304,0.4215173063906729,0.00787792634291016,0.059086678551103236,0.039490081618137364,0.06479197862785967,0.3850071199145565,0.01708182922343003,0.08629227684727574,0.006689357111985111,0.053605226662629964,0.3727371839397499,0.05275793987394966
292,0.02653470043296912,0.07943112217539022,0.4235368331676578,0.08279305841044193,0.0359278739947898,0.03887112687823098,0.00360376821328284,0.03326706168034132,0.22056478992845255,0.0771165942280758,0.0526997956145149,0.10432479146756497,0.23623797929902315,0.0006047549279410767,0.15521094700426058,0.04668497342924495,0.4106561985156492
293,0.04087394944770914,0.414935263733839,0.03493174094726506,0.042951804858143476,0.012001795573791645,0.06235787412955148,0.041371125486353015,0.3681147255328127,0.08308548030992714,0.21660517778925278,0.012050962608652438,0.17385604353750805,0.3334345129852399,0.0005921312520196369,0.06173997937222926,0.07170312694876242,0.37121225527026624
294,0.029971218880138675,0.08774381499301954,0.036649248049047956,0.0010264350892488527,0.040451666551591915,0.26570664245696646,0.0033774558916595,0.24988344144391522,0.0029680375773550563,0.0917757595578763,0.02313288045789195,0.019980656911056188,0.049595693276789664,0.0012100473074990077,0.12043977840536736,0.12786260555400872,0.11298447761581287
295,0.15041054237467158,0.06053489975692499,0.15749125452937862,0.013068192632108273,0.05612404096454862,0.06880816816752253,0.002307559369284478,0.04100394082389502,0.15467835158511994,0.07237672826793956,0.14722868372811973,0.1152350357091921,0.05057577910823742,0.012726448016281401,0.21638233907286442,0.34057554836924087,0.05886519564498114
296,0.0038697527665017715,0.09144921038944051,0.010243253351392307,0.03414058654330897,0.09672569630894413,0.22685515181110774,0.108402994022425,0.047531107090996415,0.18795590399988846,0.6064750840182053,0.1547150062739181,0.26735209586614533,0.22337178715951525,0.06173864863031645,0.10448962718416582,0.0792971703311812,0.016851325628656044
297,0.1520505477616743,0.13394339466830868,0.1781636089331209,0.06954868818666664,0.06105576331491149,0.0374452828497727,0.04623863575407008,0.038457763897232725,0.04364136590071795,0.08834683688606851,0.12210837282239907,0.23705590126045442,0.14804307627381377,0.12402258311000831,0.08670752370856896,0.12166659711712156,0.2700404110195665
298,0.12469574891111686,0.07286399665696781,0.039389956184965436,0.2897218129599704,0.05027727167458213,0.051083598327804805,0.0018818641801172274,0.03220281191893797,0.0446006935681713,0.29390774151881477,0.06593454346780256,0.026340871416763088,0.5240609979899853,0.3239244845001795,0.16447905287232284,0.21694025394633462,0.27268808133270783
299,0.0701660850213546,0.07666544915576971,0.3261102527976284,0.04314764199772746,0.03436014347264643,0.21745699749610709,0.0025906888307203305,0.20253163278069217,0.029348152780224762,0.07654155970451117,0.10023528581184345,0.16174472497056,0.22727821502384443,0.058935004215389095,0.09800573064579138,0.05079644604035366,0.07065426028846698
300,0.062293314999950236,0.3275709415004069,0.049103367960362174,0.028257946185198595,0.18608048458102913,0.04717108876538344,0.07366077913310184,0.05383436379639616,0.00251816014713303,0.0840365658290884,0.31503604226481247,0.08068840015434939,0.05401395155978937,0.2328703576762612,0.046369975953801164,0.011776612434903171,0.32800884550436776
301,0.04021050161672999,0.08318907860262666,0.13777331363475037,0.0275008268112962,0.06813672116460978,0.057818440887509204,0.01436539793725847,0.2718426724324291,0.03544705551447172,0.005039509423304063,0.0377814507013993,0.01573441473983331,0.12272329479514667,0.38796083939989134,0.15874593879947152,0.09310001890458473,0.06517317668943075
302,0.0345455538288602,0.12650708460699583,0.035134691192692885,0.1619978922083634,0.05631775943567057,0.08341011907163598,0.04455425274806398,0.14146202499493601,0.003134508378160525,0.009534310234505086,0.2108443304113945,0.009475657811663643,0.2827146853872238,0.2520288943410969,0.049461956462752116,0.12211160963010971,0.2856357141018651
303,0.03578474373290622,0.05448285266892998,0.06468471088520969,0.001060948631416281,0.1740376008111784,0.007461899984814547,0.21698542067902596,0.011306411335476897,0.005239577602722923,0.05562191808090745,0.11473502564598072,0.3134990715886095,0.053334700714334625,0.008483846806376427,0.09171939049171453,0.4188021928490743,0.6876881173776559
304,0.002921625949086167,0.2989929091119418,0.14052708330672115,0.034497146009826125,0.03324892234138107,0.038559572326239064,0.06619873825174406,0.04414175441264425,0.03212891719775292,0.0008705299891871426,0.3324480189783582,0.09393847623825277,0.07166153368261219,0.05348777943116324,0.18734907254788596,0.012628770081974642,0.07632364187194328
305,0.11367531335490205,0.08267357875650064,0.10316269255297629,0.14432101470395417,0.07220821420041736,0.06797843569735629,0.15764173536253206,0.2858755861650893,0.018833534241292298,0.2603590262225984,0.5572518829763428,0.16792063134125873,0.21085172415047534,0.10480240703005746,0.0978455698150217,0.08435457831958357,0.06459896903618056
306,0.0053986247425114086,0.09316783680251636,0.11161565944754769,0.0018408823783024086,0.08579357671128053,0.1954172246463451,0.04426242765835015,0.14978002895680287,0.15161733735496072,0.20462177657161446,0.10117138988909453,0.07085044546684356,0.05223608063330182,0.12836824803172453,0.18856797248727092,0.3291071755673025,0.28990334624763336
307,0.032909351571955986,0.43302728924510836,0.16466619152397002,0.03239316653088979,0.14546189764561954,0.10730625942735389,0.005084182068792229,0.13668216845876519,0.03895735824613425,0.13450105391968015,0.10004274326657552,0.024458467989432225,0.4481393742830342,0.04753043052805435,0.05163958595469307,0.37928427103331996,0.08425595010400783
308,0.0023211348438095347,0.09778213604115193,0.03261736822575743,0.0320203809279257,0.029206992404195515,0.15439817412353132,0.0688575610738183,0.038697488956841684,0.056848785847309534,0.7001582268137063,0.052723896442020336,0.0010470161810678846,0.06505749474578582,0.2997578185048977,0.0021920887530213796,0.5177285411651319,0.060046600634781566
309,0.032739492158109805,0.9503160641279051,0.04592298100232997,0.05359081117076921,0.0025231526250225037,0.040750420995058476,0.10749550518383266,0.9007497299170398,0.22086833406379652,0.05427906019438941,0.1644583348438593,0.22228865987089008,0.21078896334454544,0.30072732077612696,0.07544624404602106,0.24252073819022618,0.24260046138047764
310,0.1682516043205477,0.09100781275909911,0.18094128368425028,0.02797081183988761,0.0696499152815848,0.03951564270574392,0.005852792810560614,0.3569529342031791,0.03344817614611083,0.012028157873575397,0.3717516419388667,0.02546597250530322,0.05259862061131658,0.05625736908331559,0.23178619175765952,0.10306917988099792,0.08825462413912334
311,0.003968061801126823,0.09001194620933604,0.03467290231020041,0.1327949343711333,0.03446543621378848,0.005172862130235146,0.0014426302221725005,0.04291745691833222,0.3465313429233885,0.06329172072309099,0.09735132683720184,0.018275088666774828,0.31831643399925375,0.31611597323697893,0.04904052049336378,0.28683829015119633,0.29034402741855475
312,0.03438848852172519,0.3132126389322717,0.20603378509139508,0.024805446429724595,0.055989810529255675,0.3390648271159907,0.0027133523073718797,0.039405307265871485,0.05313281080833706,0.13052498805665008,0.2529235887705087,0.10801985998251412,0.2547929051444488,0.20198622251947296,0.08343014343451205,0.10620555898722708,0.11643941283083227
313,0.025798640957868716,0.08382017440701621,0.09509861416670072,0.09144308407603516,0.05392820947284968,0.22919115351785838,0.0007152694025527225,0.14960330056698523,0.16041432746372009,0.09683380928940123,0.2537285985671623,0.14043064025557933,0.08095502259414493,0.052115416059538636,0.33264635667461745,0.07202388671816072,0.31112642435457444
314,0.03188409605858972,0.30265613882691905,0.15224439841390439,0.15556366870017377,0.032317470600037146,0.20705623114906985,0.31107144825120603,0.0346935924003192,0.04635135020862999,0.06952863649342168,0.07493364819658094,0.028337724349454772,0.29241618817390763,0.07381189741618008,0.15845664997379558,0.06129849943247646,0.07204233318669966
315,0.012334237797256016,0.0821536965970843,0.4245134662127136,0.02524880898271512,0.2782092778056049,0.045334839067300604,0.2355892276162899,0.1729944776820768,0.12977948896393934,0.23465355237738164,0.06725322791687871,0.01711943056430064,0.0526380120248808,0.23166544790188345,0.1814318521041242,0.8359721701809115,0.022826248356286657
316,0.09874294626949548,0.0858996780279477,0.033483445730762104,0.04135843578112375,0.001321577916468435,0.06164468913752261,0.0521464553278136,0.039637109835732216,0.029528628155926412,0.08056398209810928,0.2054877757070928,0.0034317255508773663,0.3872174099710621,0.09211992089649787,0.052011782441590985,0.03053920201980191,0.3931874825064806
317,0.029625646206456142,0.5679517769665656,0.17768431511560417,0.15129406983505364,0.02246582875794839,0.16174582774898746,0.004487440566983437,0.04910325740101389,0.04215855834792565,0.35633326478395067,0.049693599079707995,0.03540153637189284,0.21053990684452029,0.2300959546477686,0.05557440501026142,0.2886597165205922,0.2845341114090357
318,0.287813538945321,0.09116870413857307,0.17994378861397312,0.05466462363933051,0.0011917676927055375,0.051764388736973026,0.007592097501339592,0.061795725697014504,0.08029200388687675,0.053860882757730086,0.08151122799563278,0.01784585515189036,0.050938827769537405,0.05110306294996543,0.1592611400930339,0.056057580897996055,0.03029226944340466
319,0.02838586028206099,0.10466891446230077,0.13204854143556366,0.04812058243533691,0.22162984465643884,0.0018654135784605425,0.11069155345818929,0.3010294646846645,0.02726494563945469,0.10165708571112612,0.004409023589246568,0.01837707276771795,0.0781484063716647,0.696513229667225,0.04598932233285757,0.009577647997893433,0.08375166373573825
320,0.0013805146946074948,0.3522200260091282,0.03243552817571907,0.09147637415724011,0.003426818608156032,0.042152222704756694,0.0021179119261626857,0.05055449834499641,0.009412215905342065,0.09285454668471434,0.27569025252301066,0.0552090006763094,0.22563765212094802,0.05097153488941794,0.011538407977642115,0.3524960615062389,0.3184489434164811
321,0.03893282951553744,0.3302026965477094,0.050145594944500375,0.028497563040521732,0.0640534246125625,1.0,0.007704441252797558,0.1966171786185254,0.02043709099081226,0.026749505342626607,0.06721828070463054,0.059670825197076276,0.12865732706725705,0.29480379165720766,0.12898668138049002,0.07144163247374564,0.06248103218361707
322,0.6072782165951413,0.07632769705277254,0.35978255509949264,0.0394002977914096,0.26693083761820585,0.2594751072713071,0.0016063743061771687,0.05325445324244918,0.031949303875013754,0.05637417339102967,0.058769246559337913,0.13507429201860136,0.057523516847592306,0.42235864577711896,0.05100402194625868,0.26411073427121934,0.050937628989609456
323,0.03570752422949316,0.09734669521037664,0.03252831353056836,0.05217107377463964,0.04131773717860075,0.012741325411748447,0.0011669231233711827,0.04462165751671479,0.18037134131846091,0.11522147430441468,0.0994703491812468,0.021448000898835504,0.26853858847360906,0.06149679221285972,0.2533515739635889,0.03618972507625911,0.49885937794690377
324,0.040152263816203314,0.48232263697986905,0.27713707497161955,0.1429721254084707,0.05489645623678506,0.18816769326319066,0.04719428689439819,0.1594491996666049,0.05560844826536111,0.06179871874907242,0.20395006843794408,0.007449380463412974,0.3216743588369667,0.08471135880095014,0.04377838301407588,0.3119886779240794,0.0555582914006024
325,0.24959579607141769,0.3441004207686724,0.0042520250814863485,0.15551916343926908,0.05630277531236452,0.044587594267094605,0.020243421999478328,0.004800242329980903,0.14227472205602948,0.16157161494641656,0.05120382813551433,0.03601765537333857,0.04935145077835711,0.12430556767380331,0.23044300163138196,0.33944001363496434,0.06688075774017119
326,0.034319918897700794,0.07666981018852388,0.03674793439652507,0.0012508303338884304,0.03313697835953305,0.021150067802281826,0.1729708648466702,0.05269485038374209,0.0077427037122340375,0.06210479882142193,0.31599127228460827,0.08714956454315079,0.09699698208835826,0.0654686562482601,0.059553356432726814,0.34438984624753244,0.27769992741262844
327,0.038523114650991466,0.07121511772889667,0.13753484817848557,0.0005425369221538324,0.14538633841126467,0.22815741350180405,0.004275610965447132,0.05308522668541226,0.1224792602903144,0.11196576903539511,0.30083283350078144,0.005292578479729289,0.30013129674586797,0.2663296890545079,0.007489667982480236,0.06441862142633166,0.021952012824026774
328,0.007783944043235115,0.29992754839608543,0.03355599956772208,0.030921114157829253,0.049585198221354536,0.3229880753832979,0.001294450756574609,0.12580114243447477,0.039532597443692225,0.05099903380507023,0.06195035141833424,0.02647559933781475,0.05480168086260817,0.20337979819080082,0.0672227228000941,0.3288564262309244,0.12399595392386668
329,0.12786182288210765,0.2981521375368137,0.2566214212837381,0.0011583404621783983,0.157954558781693,0.050599458115974105,0.10420167861510989,0.08530178030581623,0.0388853168393745,0.057740516266890626,0.25201458436310786,0.12465189127838487,0.05571683992847583,0.05181389066184928,0.18572181394979917,0.04404551874359487,0.06327871121299722
330,0.02775051474131071,0.07667499525836421,0.04708876092994822,0.03222235447913005,0.03272186259527558,0.06812498227766282,0.20057030711835858,0.029697271319454908,0.2335817485395723,0.25439058174366574,0.8731080342579783,0.028820090483461586,0.33520368560093516,0.07563440903243032,0.22842638883426936,0.26481931466094044,0.276380274207459
331,0.00135903886017546,0.09949344588597317,0.12276407996500062,0.10843000426445887,0.08238003024358664,0.04539131704520179,0.0022726194178991316,0.13621802643930325,0.011564216407718438,0.07229723727292231,0.11269553854177468,0.1512298484602287,0.048372548231926736,0.0014741862779850342,0.20813435795554314,0.05476814440755362,0.05710572490639331
332,0.337314108823128,0.08808766845432149,0.22345506501654896,0.03157279788930523,0.2164908017227225,0.05550378591397972,0.05475162290058049,0.21373741459462675,0.15961657994598571,0.40200348095300237,0.27163888114016804,0.6202404169462417,0.08672298101169709,0.35513639561688587,0.1200992433313893,0.00840941376421655,0.35343879987563404
333,0.16611137852307267,0.47252935501594223,0.0501646173861612,0.1690197137717449,0.06594774320084558,0.29275942764895657,0.003818021959168983,0.07042231447233147,0.015440658332952042,0.06710691372257714,0.08455529874716358,0.08624005547494351,0.08835417377367547,0.05464212082696956,0.0769626532822014,0.12137059438197896,0.05402825269568395
334,0.03417490164235773,0.06836797814632264,0.14242991111664804,0.026757854755331684,0.12446255885514158,0.21785437560173518,0.00015003104519174863,0.03766321000268326,0.03631162616017402,0.15564526625487218,0.07619658297042678,0.10792365469064279,0.34833861782883374,0.19746663462504846,0.0025001962024444394,0.43035615283102635,0.24527903695045306
335,0.03305231553216073,0.10257192972647056,0.05908604152673936,0.0017633890752574138,0.030996875949707823,0.07644053147930197,0.04118737372630551,0.14626958753428596,0.05646078845225425,0.23672217172703974,0.054293554972387,0.026200224081188037,0.0037637386980856535,0.04929388657705872,0.04606694363274869,0.5859839956462111,0.3330888440830126
336,0.05184999590018327,0.4294064811792363,0.2155804313212227,0.03793420705622611,0.0013736498481253863,0.2059365012188068,0.00632483820400053,0.05839380945242148,0.08398371949696685,0.14573511828637334,0.8022882230790677,0.08339135191903839,0.0,0.05830770249181979,0.056276386360031766,0.29117771065518394,0.09679825324773668
337,0.027120546440148975,0.3985488262179587,0.035639174463827444,0.03187590027766417,0.003587651468088908,0.4161814047633078,0.002172775250458505,0.053847271415353795,0.027901149592381835,0.2933589825353739,0.05288392401479979,0.006401298283038737,0.21010279205333202,0.3469088963369295,0.0884327718978468,0.2434959756705443,0.07404441162774356
338,0.035445536173266845,0.07306346209685806,0.0570898091563154,0.04447038525326002,0.04522877337467104,0.16611526804696902,0.03705261039861763,0.001784777763201076,0.036943987944464955,0.0736634710789025,0.3274047665106182,0.011222917104016386,0.09238492790613137,0.0030352719152407608,0.09213564965058595,0.06067033733774908,0.3598068884883507
339,0.041970277067022416,0.09908048579854614,0.1388170553572891,0.0029793030684374137,0.033564900265764704,0.0406408163422375,0.3374387971519181,0.058413623220435626,0.24415388642533103,0.0943571381536295,0.05912802552866514,0.01844074325082579,0.21528868288015526,0.19751648261612664,0.10370529224513453,0.5239408663446337,0.3885250683606066
340,0.22351874808930394,0.4161902907935434,0.03831594779337363,0.005138212951724761,0.0015014870746310686,0.8746653683064362,0.055145889599431494,0.16556150947030096,0.18237599102551674,0.07896062999838646,0.10304413205377665,0.07376139810394057,0.06259566414159465,0.05356978321981597,0.13067446222365398,0.2686085673880295,0.24830649025772783
341,0.029779047930087933,0.018249803864269897,0.16673059279042943,0.2281352014494726,0.04652162761671382,0.13887865681825812,0.0032592312455224162,0.06658424715590604,0.464800279139454,0.2573571522211424,0.1970686712815543,0.007784846381812786,0.5109076350257413,0.28023752160344756,0.14676621372846962,0.08256554092294473,0.058320490215657945
342,0.016983969292465286,0.3623956766094494,0.13169553397808917,0.13053300122556324,0.04669608288515368,0.24810451794235475,0.0002659391644720628,0.07085274240544358,0.0035603715034454465,0.11474206369697629,0.29259133049286207,0.03452347440596966,0.05046654206198834,0.0752802375825952,0.04878941012557492,0.2804185043496737,0.16906104404804728
343,0.02905816569826809,0.38520712104371463,0.037194456834039,0.030457059381764292,0.157776182771081,0.000843578951710804,0.0009863370318627406,0.05453628827757585,0.13118503136154,0.11064025122163823,0.02213811030276269,0.018843213205743992,0.41408619372891287,0.2251371469540164,0.3869193422718887,0.05711541664275251,0.08777659415308903
344,0.3059307147049546,0.09087181719989681,0.05770602298261467,0.026417293984358426,0.22895846445515647,0.0024021242872530146,0.0015610754261731277,0.0332252077804676,0.16318767831291628,0.2896818066632998,0.35382393104536636,0.0729081743142415,0.058518231819903586,0.0527713598065773,0.05693636430759899,0.06610715457868849,0.07011500371733828
345,0.027024932771737942,0.0842428790116708,0.3379854015845246,0.2152644630812518,0.03362358885384957,0.03212551990857288,0.05954624961212637,0.3775681451770066,0.2235023787681465,0.5350669743937445,0.14575790355335833,0.0246287667179011,0.07289899173759992,0.05178969933607264,0.062300302431582744,0.311361216415191,0.05260323108846586
346,0.03571941471335376,0.3052719647183358,0.0846662264555805,0.02486532777216269,0.06953208120433772,0.15033626392766347,0.006369240027810835,0.049900261667947234,0.11447182635088134,0.06623847226780154,0.21050650275052113,0.04832170005829109,0.0727805837744141,0.22240982680758145,0.18507793709250311,0.0981897952331061,0.22877105445354465
347,0.2946337300075493,0.3169262453486538,0.21665378759604442,0.029960993041979668,0.03886243754001441,0.04117107363020736,0.052516202797805354,0.04672552500920219,0.006995848331271776,0.06634388327637486,0.051320428102836164,0.10739076754253812,0.04932946231888235,0.13712436391796945,0.04876922266487213,0.27267757731244036,0.0863173369295373
348,0.13125368086372585,0.08437542418761876,0.16419577628402746,0.07386529986313917,0.07512991485370545,0.10990082675895319,0.04576760647256688,0.037761861461001536,0.026931881230773804,0.38692882083700286,0.33317544425746953,0.09360239463252015,0.2917222642850502,0.006076108297228057,0.05773346350484518,0.05762777094395509,0.11699082991053761
349,0.12224958743809518,0.11205687483863692,0.07957772618333107,0.1598838451425243,0.2524414741563362,0.5863106936671431,0.3485884080622194,0.2632197247922646,0.2269799738545345,0.09101362707893162,0.21721232537441343,0.0927111578898647,0.0752348707899744,0.0883088113275877,0.05854668262214428,0.40661629372375024,0.05287712404564119
350,0.17426240297748552,0.5226351356659872,0.030675363685054628,0.0059241856344675525,0.031429353816953096,0.052439428656148875,0.5075030754289725,0.14764744448086234,0.0029295046141045314,0.9957180007867186,0.05449728094473127,0.027981551592050062,0.2731700566123898,0.19870464218033476,0.29671619084886264,0.035315802813838046,0.24209211487714544
351,0.027971890782561893,0.08068707213812215,0.2085537585399619,0.16126754145751213,0.5037192870087639,0.07352943817561772,0.003278891824015886,0.004425961049035035,0.02837067690584174,0.17572654043170902,0.07270614572021106,0.023733530070686924,0.04778225662885021,0.05341101047997604,0.04510561149688288,0.006033940095214536,0.5382974483875468
352,0.032981517570674544,0.2406730696575983,0.11890915184179034,0.02463435314103218,0.1384002489206411,3.809844580381046e-05,0.05832010485107247,0.030674810394148964,0.060784138834448206,0.03083539910073063,0.2548748904284805,0.003627397952124231,0.27803171630216167,0.04980989523607597,0.07415765089337382,0.0547934197221149,0.07522076303049938
353,0.1150943498207272,0.03693563216965015,0.12839231489738953,0.029955084146003324,0.1802778941386176,0.03515982708736069,0.03342711852738603,0.002784196466019364,0.15718760324838865,0.0062450753436564576,0.05264058860964706,0.18860980046163803,0.20621287280959888,0.2161255857123695,0.207090568933034,0.4756328558861639,0.06638720536421538
354,0.16104408330673098,0.06725919443104268,0.031243542226262883,0.166702364380279,0.0038238334779703504,0.13080709867709508,0.002357858280787584,0.04894275630139701,0.13658122440417744,0.018331373506946656,0.07379276865843137,0.01894336714941216,0.052434283255411815,0.005786084197589697,0.09972893064120678,0.05730699101551775,0.2875733645280484
355,0.03322056383674466,0.44550398195077906,0.03608722932444613,0.18847141448329238,0.03259097747809756,0.06989848523776732,0.04252044415690331,0.03177745571536414,0.017857961592162328,0.09382980901630764,0.10014046992005214,0.044854908860800596,0.2885360067977283,0.05307800040599606,0.18474992910654747,0.0997351269179701,0.03589396783898319
356,0.15068161130848964,0.32148448705320404,0.1522805735697144,0.03446206564753654,0.04261175059531889,0.08835745300958102,0.0029571666535839185,0.06953656459835841,0.24603512297594918,0.0066875889938869315,0.20385225391773476,0.2196446423085846,0.05044415029684134,0.35504509271099904,0.04857913435003923,0.3240703014845789,0.1286821287253003
357,0.2188981677483999,0.10764763425429041,0.06913533185405384,0.002918929553026652,0.15208855463334378,0.19494757101492458,0.21613455963538242,0.048252001919876185,0.04437603095443747,0.06740020338215442,0.2930943501011762,0.025940267910177693,0.06655142777063755,0.09370777910303013,0.3582190039760152,0.06578196617364829,0.32875507505063417
358,0.03566416443894301,0.08789333826081952,0.3867010761623798,0.019198813593034308,0.327137458171242,0.053067779624707635,0.06317174585916734,0.002242596311880819,0.03627449972212359,0.14351547781083582,0.31729162518572557,0.046876794622691356,0.11484431492664009,0.08889147247037206,0.18177819546422788,0.08319206927043034,0.02192751699834991
359,0.029759930981636023,0.3657941509556855,0.012819208078872591,0.07047597650966775,0.21188980644518712,0.07610556606501455,0.1552201666377128,0.032310239650315625,0.029089012922675763,0.1401208184787912,0.012526681611747578,0.019453726005058226,0.4292361050519411,0.20878662462279643,0.05688910021929477,0.2510430991617286,0.45054578993312666
360,0.0036570077303988958,0.09771868138360842,0.18332983541396386,0.032981733041221026,0.07639464813239907,0.6123187821510363,0.045972391814092066,0.15669910376090612,0.15586447332400366,0.06909946433270801,0.31909613545609117,0.1294760528332624,0.056128616027147166,0.26721140829058704,0.14575718835595336,0.05241500559423122,0.0811705696140499
361,0.10294536481162864,0.07815133538840352,0.03370771239630372,0.08227692182963306,0.20046086028559726,0.25064395876659246,0.0900056378138923,0.05947432923788448,0.04639661918648031,0.1939860069750038,0.22655848910770318,0.14715299525789122,0.0454510881404756,0.052743164884066045,0.07367574892629868,0.5657042863973688,0.29261432413383337
362,0.025945796761469523,0.296067176674739,0.03614549594310747,0.001731036563830735,0.027599840326877845,0.701871403678316,0.05514915113249303,0.035735524565830935,0.11419470632619903,0.13016822860823565,0.05033205397217075,0.016139201088888517,0.1560078533646472,0.15818481769227735,0.2141855371084763,0.10583802196619543,0.27849768418013915
363,0.03798174391833619,0.3744262241684796,0.17485012090714322,0.026009118408050216,0.16745723770488274,0.017724705862499003,0.020060684640951773,0.009376864544397264,0.034250677321555414,0.08149797240681472,0.050038736150296276,0.07753713348325413,0.08283204391027056,0.05013625227764514,0.04503805996288105,0.2148287707110471,0.06685536634557501
364,0.032026733357393686,0.09176357566121457,0.35675573066708083,0.042673640333645416,0.20015759311214587,0.04008476185431338,0.041445007516206965,0.1323173916076115,0.005465647506677248,0.06879643328859888,0.30626589606244947,0.018269788128837453,0.2523678297498791,0.21232676348460347,0.05096265106953004,0.055132763248610925,0.06454896246924989
365,0.1651979775114099,0.4785598642923617,0.03582770130964632,0.10246835335230257,0.3532728436291899,0.03904829781749908,0.0042308080017610635,0.505979174838743,0.037145429150646926,0.062470358887965136,0.05672036575682551,0.11131659368350533,0.05507809006241767,0.2483522560288511,0.24049581326841288,0.37708719134062313,0.4793744027073444
366,0.20427307917983673,0.0804908814067126,0.23431862543557197,0.035144449956201425,0.04149346173815068,0.055691878832280904,0.17337559451914494,0.03514931473309678,0.44259730369975153,0.17334935208390442,0.011647583062684704,0.05805830856838331,0.3102719301278,0.048124240469325175,0.09340805754999298,0.4169750903326222,0.07088770046178078
367,1.0,0.06704875903830344,0.11914857856448528,0.02672243166416068,0.0005910154472669099,0.05629995834056879,0.09160617902539077,0.04750505486601203,0.15191954163676166,0.08032076207442053,0.3192080819149051,0.0010314218146192122,0.27655476744448493,0.008965662913127939,0.19694377686222853,0.35638972369783073,0.33299464534504825
368,0.15859408546654497,0.29891345708813755,0.16814053377270766,0.26469502695248137,0.1768329492177691,0.04687596402665812,0.04806886932295963,0.2824964978638673,0.037420167822975574,0.14066501185780803,0.31796393219683544,0.016625902289700067,0.05281085452708624,0.04745934101248784,0.04799621470360162,0.01702730206655906,0.1477025099023716
369,0.0445591417565331,0.6198695905088828,0.052259087699632736,0.10269922930114707,0.03069883524252211,0.04580943673998613,0.29813149684350115,0.05270320408795749,0.19774677574261113,0.0182722016469562,0.06011771179191745,0.05255580089348119,0.06508340779730244,0.25738098683620153,0.07712807376541013,0.3382442137315055,0.33275005648764555
370,0.2612050811846633,0.09133960376525395,0.07160076557445272,0.052690248865486254,0.10647356158866524,0.07523650207145256,0.18105385262785065,0.03164973931205924,0.03257224302780236,0.059656435842008804,0.22403125224054213,0.11283113982670877,0.2241068207597499,0.08166085031023629,0.2099406966017614,0.4243093856917262,0.3076819980416973
371,0.04163362758366502,0.07239046956793128,0.03343057398595646,0.24322870595541485,0.16276145642993095,0.24208185136468477,0.04257187934053232,0.11005883670608586,0.035962156500507034,0.23827430578146636,0.4518125418502547,0.18571191795816688,0.05352574701514453,0.19534297505625534,0.14716693221578275,0.3773817631500229,0.0643435267182501
372,0.19827058248959742,0.45602168056531744,0.5444060838738866,0.033739713524348076,0.3366987592505379,0.014334400792409574,0.04885806070067345,0.044455842861583245,0.0035632965549706537,0.08415507594527714,0.05701499383171273,0.018772255914146222,0.07860457047916079,0.051891743159504934,0.1802954530420908,0.07331924624669327,0.29305702901368724
373,0.03319657962411304,0.07704473320558212,0.0311227142315409,0.001054012310226723,0.1551244043183787,0.15853042550099897,0.05196118855206654,0.04448014557823853,0.004870199331886086,0.1733959118897903,0.08313051952773873,0.2592976694600412,0.20942830553952477,0.06898314813580556,0.06925671406685972,0.09171898846176822,0.006794731526221309
374,0.034380455057232286,0.09702986026786004,0.04953763761572801,0.032759250946847215,0.030562946901163682,0.03719780442984224,0.007291120248516839,0.03943031303683788,0.2165705276474173,0.08245036253281482,0.12516232453219417,0.06356160966320919,0.05715261992561508,0.002263303981463012,0.050113773289188,0.1094542718772762,0.05915018589281269
375,0.052373995215170874,0.41624944220887694,0.13880394172967742,0.511142023283194,0.000609908926438108,0.11650439796106395,0.2556564899558091,0.04308282668610951,0.029919898227524826,0.33643469070819854,0.23745683854887323,0.016547617319052067,0.3789768236337348,0.25172360533740196,0.16986225622784523,0.29746996893683203,0.24959651134735356
376,0.0425183475640428,0.09500039991300906,0.010999957898311168,0.1460798411920412,0.03768467883032327,0.5551599462248448,0.003539707047516334,0.03145522258036303,0.05638332655340531,0.054893305949188245,0.06997088055548648,0.02243896052749366,0.047321911802558694,0.08758866254954652,0.05191636118188145,0.04220499693079679,0.16630924821107285
377,0.27502277240106954,0.16952607115442705,0.1754538003414915,0.025125353631845822,0.19091059719053932,0.1597492231323359,0.058412130525534386,0.17217924398261117,0.1558933219199096,0.06704062969289046,0.22438515299633197,0.05556773798771799,0.38512457264132505,0.0034033343497368623,0.07191951768240255,0.2669402423541945,0.20864770741840016
378,0.1716904999800029,0.07241914896367173,0.7031417575674268,0.0014158664789697907,0.1613861035675102,0.3926883301190595,0.024012520040644404,0.07271756398463707,0.17625343162011944,0.33425226518901086,0.14915804814657424,0.024135710410939627,0.20953196726823403,0.0012493665391348715,0.04415265902783025,0.05028018804044311,0.05436799353658094
379,0.11382289250219957,0.0881938002579017,0.04096487627124505,0.0016147995013560557,0.02883169841846719,0.16282976507097033,0.0030830880456647327,0.059481093000993884,0.030404325473416472,0.10691426684921194,0.05139628801559865,0.08855046097062029,0.060335654914751756,0.16026546652358384,0.15747124615648697,0.23486762303684147,0.24439000188153764
380,0.017163598805714473,0.10141584250138382,0.23760561391975935,0.22796639802147223,0.042532231954101316,0.19602103771973614,0.0006188713210194649,0.1537028172477545,0.5442473599538756,0.06674198654422958,0.031426462312194814,0.05181498280837316,0.04830034869710256,0.08461172482047839,0.06149026023407268,0.05008091149738456,0.07033188610838446
381,0.02917244517972058,0.2358388625494728,0.04093648453009461,0.025122071362117297,0.06906210293690694,0.12725863125910689,0.04300150166494608,0.03836474995941521,0.010841985845616266,0.3480088359775037,0.056473383877310684,0.0663454604281537,0.4439921992534318,0.1969838072110586,0.1378543465035871,0.349485318575094,0.06112698873962527
382,0.03389465570441607,0.18504359456438763,0.03620393647932999,0.16340720096505942,0.10600206592893624,0.07168898303950118,0.0035697709631504937,0.003054115777186363,0.03035319026426027,0.027666243397443134,0.2601045331426026,0.01779978799588586,0.05082561767031844,0.0473811651272602,0.06382629195529199,0.07853565079491316,0.522335084638455
383,0.10772567743551047,0.07628817929547989,0.13488575721770904,0.10053314912363841,0.3418160018743055,0.4961586029326287,0.002289003249058522,0.08368258964912383,0.030593669607791765,0.019852962105178958,0.24099765255110428,0.19517281143180804,0.07126161447949203,0.40589132021034285,0.2940151996521627,0.06538133839117721,0.3789503400739706
384,0.12649524177589538,0.3171077307809604,0.03392483326551808,0.002508835556780756,0.03797838716013812,0.03881325813417471,0.01672938555519199,0.05088284254210663,0.037662439648054914,0.13909576810766747,0.053668390267188476,0.024395981304369162,0.29496060134220314,0.05315244638194216,0.07548106468970169,0.2844880320751069,0.0219117165853415
385,0.176214986819262,0.15077612430919013,0.20634535899244832,0.0008538933588899364,0.15081428241901523,0.061522796133577806,0.04780883807741025,0.2013707502884351,0.004605871221706306,0.07323478803077936,0.3906926369341664,0.023752670584903882,0.0035832857501205736,0.519164522480187,0.0629865734248583,0.2897982852046349,0.17249890833092096
386,0.010294420602567075,0.18042079714434242,0.3487688973978007,0.02834639927099434,0.032840160963595814,0.06803925989282904,0.008420248850785655,0.2658946072957842,0.10777117624455562,0.008362291855073997,0.05614953196568588,0.6273452491124847,0.059172610182592233,0.0769456341677782,0.20098865845510014,0.33504986218416,0.36023276671936433
387,0.27615215053048814,0.3050382154135539,0.1876160894948128,0.025948959252861812,0.07083634773013806,0.04517370613119548,0.07072630180377049,0.03613697012681159,0.03341657984059636,0.285089092645796,0.003210780009793543,0.16492606497616366,0.26731151864665054,0.00533117563159875,0.0476523645429693,0.34851169913637736,0.17301419280550218
388,0.14056056774487993,0.07652901112242695,0.16576439130624007,0.00457549337892794,0.12198034649356937,0.0899112229637443,0.05201878802440044,0.07740399975434732,0.04805543264152953,0.14964341382039964,0.07027416171448275,0.1641070847238303,0.295743615404834,0.007962199194599487,0.06708176331487271,0.07108542268440837,0.012345647468629256
389,0.004603681517122885,0.07670693056495317,0.07175631514285083,0.0032676505774971738,0.03105329216486396,0.05065977454217898,0.04087734395672318,0.07406025544604372,0.18537662963088597,0.059612391407221854,0.2893776380979746,0.0007540049021622243,0.3115899210292094,0.07556412849084722,0.19403237828664477,0.30846549634757475,0.28781687454350596
390,0.019780136664451747,0.29961497354629285,0.07514630567347565,0.14175004109577993,0.05571698196170659,0.20689419802359568,0.16924155353608,0.5335986285913077,0.02575224615845894,0.0614904581633903,0.29566144061533894,0.09649081977767636,0.054330314872210045,0.20855511744522834,0.18730756595804424,0.35277623573173683,0.3984236229775134
391,0.025395157886594005,0.3678512559180633,0.14696391631445188,0.09938053481701659,0.12151506913385046,0.057974273675794954,0.05470561627156434,0.04549271305116528,0.15647275694038668,0.062129433171934256,0.05973700003426868,0.019211137652601008,0.1790673160868016,0.2600822111585789,0.2032401591849803,0.31762148823451786,0.007367344564828379
392,0.08144112805078477,0.09013118378193183,0.03459122253700071,0.023246941454970162,0.033706586897085375,0.153750099577631,0.046887554437183836,0.013300086782427811,0.03200702232841862,0.1294016510779415,0.05579694810068161,0.05166631258619458,0.09639173677130948,0.05878791270569417,0.04689078462674098,0.09777572386273871,0.28150844305694117
393,0.03288967533264169,0.6191593490893108,0.3385581633270234,0.040311936616391764,0.2788924070823432,0.036534300858405186,0.1708380077469013,0.061639289150326626,0.07451505730910299,0.0676556121990636,0.20779048272051415,0.1690046716243068,0.04929047679839321,0.006133042077578576,0.06437105491041673,0.25739107614448015,0.0944085398835514
394,0.3391683978115585,0.08751026957110526,0.04313260901668346,0.050694054198483954,0.13634947986786222,0.04670688737600436,0.0630188853113626,0.037381132192522384,0.16898245074199725,0.06705361990747741,0.1933243540746091,0.0344966266742057,0.31433639982405864,0.289104174730484,0.2625175666130131,0.06404218781802759,0.3663179285842242
395,0.1773391179873031,0.08075051129551394,0.04728221873052285,0.22268898948227056,0.03432696657142192,0.6785727649411941,0.04308646137316942,0.2666669704642605,0.19149635856666333,0.008203101493646206,0.05252062998918485,0.3937878719340631,0.0741031544604831,0.0543544589816343,0.2338552979604611,0.23723456328030737,0.07460927766211402
396,0.04334367388766157,0.5515987182054457,0.24604081826629082,0.5373012691460834,0.046776781343474245,0.010344391736941697,0.05885211870489298,0.08495554882443615,0.0029979103113893894,0.49888431270331995,0.07925968601807498,0.027629275778507136,0.2106196294840002,0.22441192436780555,0.322017736180616,0.04261989596441915,0.3142595636749359
397,0.032986628719634176,0.10813522072384663,0.1979281844918312,0.0023191974179256254,0.02983055754182298,0.14433987988345925,0.038804005212239624,0.17689008705958736,0.030557922388670507,0.06588053746652918,0.3595469200847123,0.18110332048351507,0.05611903032423965,0.05245668557311449,0.28105339782280125,0.055463130988114374,0.5713919593735903
398,0.0037938555528029454,0.36724046161192214,0.032052840497486655,0.034718547079368334,0.12225299284264182,0.40817173236044507,0.024317571563747246,0.04395948850664798,0.1514817620060601,0.029916259109470628,0.1481463809546715,0.13514698187527852,0.07670588728017061,0.056309904723318885,0.04568658815671188,0.3428207511223762,0.32704444092499263
399,0.00163665330551552,0.07501379551743265,0.07620003962474879,0.0008062371078654911,0.007946756959477969,0.04122397799587883,0.003191666244904371,0.027702400722401797,0.03258368674934789,0.06112747427888296,0.05365795841826448,0.026011257082718318,0.08431124429354132,0.2879825592020674,0.048929420824256824,0.2710171603721413,0.07115016845622395
400,0.08224455042406555,0.1256317612750756,0.03328124570317425,0.0015161559526059743,0.03659705648145851,0.0419218875988588,0.002480715115230182,0.03513481924829469,0.21900505132247594,0.07053823576694844,0.07261182447807592,0.12534872495123575,0.05571448526180636,0.049823692697924686,0.17798384579906007,0.3157234952084395,0.30107441750257546
401,0.027527684200376625,0.39093531957298017,0.28414947319771827,0.03096371499548981,0.004619469018171486,0.5182069593468288,0.04766741206530364,0.20963671739903728,0.11184342499196842,0.2072761141766534,0.24253091254616205,0.020450656203450716,0.2674102535135142,0.23324422951967386,0.04514559137982648,0.07536101758375305,0.07089213568455473
402,0.08369525027231019,0.07541551938717554,0.03277403436783712,0.06579375681210298,0.10650724870271944,0.20697987381154093,0.004191008800884698,0.07707080228653576,0.16939217347972796,0.05400328732629998,0.21402647217426832,0.0577425935311053,0.0446595881375503,0.04946917777629722,0.07638193699217825,0.26521610621474323,0.22876283026702793
403,0.039602906645515794,0.07685823582100255,0.276960970374996,0.032799792098417664,0.17624766700795547,0.04372018778556008,0.0009499522464829931,0.2483131286988874,0.20593907328895336,0.2992101283648659,0.05293147954066863,0.019100358238434142,0.1742359722228536,0.08813622237209592,0.5217474925132526,0.2997241354066542,0.0796955538809022
404,0.003920600934958155,0.3006542083613484,0.18438190153497103,0.04933750540791481,0.06534847311143027,0.11384555137730563,0.32360419336596274,0.1272871790926413,0.1202033147751057,0.11614215564564072,0.16495148620110903,0.06703118096594934,0.08851834236622136,0.20611618394016798,0.25695362037203495,0.0072036115147327585,0.2088349020167977
405,0.17154337305792236,0.3817782182590452,0.1328374935666262,0.02603232556271885,0.12136998575663085,0.17878059070110533,0.17444376683006685,0.003319112720402818,0.05856020369739749,0.08925668777619367,0.054177852560552284,0.03787801579702928,0.22320110514805364,0.05096510757615365,0.06833638536311396,0.0646027487175974,0.2683075034282763
406,0.053119350497441445,0.08893808003410453,0.1323016242827113,0.02726494976967353,0.02904536567786889,0.006141592390365711,0.008366695826790322,0.03309543385918149,0.05376439603478629,0.028345977540829827,0.25817264806616497,0.0014393922204668464,0.011800526187038925,0.07186504449218493,0.05893424207318436,0.24278149796209517,0.09225566285268237
407,0.11775063391130473,0.3469973444307567,0.03961585062098316,0.12384477118743653,0.010704051770275277,0.27294862619587307,0.037302030311541765,0.10251986233264875,0.15969906187463015,0.20063901923749722,0.07356713484471111,0.002436737956626365,0.13637064952276787,0.3863473127674782,0.05036393731211333,0.4970716575999529,0.14572738791929998
408,0.10564126131526436,0.07398032680089929,0.23559508629854714,0.030240931631098554,0.10847451568583429,0.05808316227453964,0.029753022576386946,0.179195561902286,0.2502248717863736,0.38618286339417623,0.00902973533554349,0.0024174276279880476,0.2363820451167048,0.04957594162390591,0.23276852747540724,0.05315863767493733,0.010495255326079369
409,0.028632427608052468,0.06851609219392367,0.23859843474201367,0.12253000901802305,0.03155398190130404,0.17829285611802956,0.04116481922643808,0.03940538998591945,0.04490709816694036,0.11750454288369296,0.2648004424821253,0.016141824689768686,0.05790040368326951,0.47656184527805445,0.06255920033682277,0.07444952689918477,0.11450628396415755
410,0.04578461095402981,0.5029769810552522,0.03254997322065787,0.03772730248403294,0.157412673831705,0.03870907930743749,0.002798567071960002,0.04073475690249002,0.0031262345612124726,0.09534755150844167,0.19829554415515205,0.24684886064245512,0.3792125767904293,0.05109268860782286,0.08799170384838845,0.2668523003750271,0.2855111841180057
411,0.025762125622748162,0.08256714442389931,0.3790882992764164,0.0030441925613669215,0.14474728522271638,0.06990565828401503,0.09728422821166567,0.44034494451208617,0.004584111985874798,0.10131177488063767,0.09667493200768887,0.0016053322439160732,0.209125951140483,0.30074792306088566,0.06743815362833883,0.0711133944684243,0.1344518677002644
412,0.2505670420472285,0.5343294542904113,0.33235136487404865,0.3393365975687048,0.20150637132714508,0.3795690038975501,0.05450117037016997,0.06753916679183507,0.06211808008808248,0.07446955874650048,0.07761391466075167,0.0661555348701404,0.05023885769339442,0.005287865217522931,0.20790719289545703,0.327481143396101,0.10218425797689133
413,0.028787513979762924,0.09651960243052216,0.2742612253270806,0.4051427930731541,0.03596624067040044,0.1856553625154007,0.044386221050642855,0.19543094663042246,0.0045938762482608,0.17305642253690598,0.2875650053398663,0.022176661776442973,0.39153416147763337,0.2330895927116221,0.08061896037276396,0.07551451939907765,0.2807802216601187
414,0.05789407873690848,0.02069827395964285,0.03528608648525007,0.0017199418911504687,0.0022691992581289734,0.05213387706804465,0.053277146716396384,0.03470035617317926,0.24397970310267852,0.07157826064377054,0.09649902707116093,0.07488747995825669,0.20807617826809002,0.06835821931623183,0.07814009896584868,0.08963333965080696,0.29804090254766247
415,0.2744973970935376,0.1430809815469804,0.5092338078109871,0.11366475502151668,0.07887402612550001,0.3902517675190532,0.0670151230791369,0.09871589197523836,0.20754524626694598,0.1510709817039279,0.25987464872694216,0.04231776982644523,0.05485037754357279,0.01088386092367557,0.0793749257709779,0.37388601208088795,0.36499715606722377
416,0.03261427364109963,0.0809764505686613,0.2854160981118819,0.027129884274085032,0.5085503060741542,0.0408720234841219,0.40674403916783514,0.061138087458700176,0.0350532170948348,0.05716159214810461,0.054004908906167895,0.04385734075026289,0.07669340889356242,0.2959807220694796,0.11319904014796413,0.31588997265386115,0.12459852844482297
417,0.03602038311230554,0.3028525961911647,0.1515532048891657,0.0024077917674135353,0.03816425021884829,0.33101165080276607,0.2560412612922443,0.03125827663176627,0.05572359509858864,0.06890024320105759,0.06224063839419873,0.0839601905619271,0.09181372091978714,0.050656977512856916,0.04723032923498386,0.3563080822375358,0.31143949114262715
418,0.034793061651800156,0.32348768585031396,0.09892518555885466,0.033380233125982026,0.05438370932324536,0.1548267486221184,0.04119905440928723,0.17502121905438414,0.04942488288367214,0.07182882396955828,0.07074856955277514,0.047405656988973754,0.0016236260724298986,0.08317983708886202,0.3638227474676167,0.3444344306374551,0.3376930190267658
419,0.03610411003086832,0.07579845970835676,0.12319412968844314,0.0037069524743190826,0.152379817384268,0.03619222831919349,0.0018920496706445863,0.38139831401432533,0.028497820912405433,0.053029215635000355,0.08610147318011736,0.062637389124828,0.22434659434971965,0.09595175846879127,0.0597962077543681,0.1435047516456349,0.05051106767988288
420,0.1632168846837902,0.08693110513314181,0.04301755024938312,0.03836962061908506,0.18413719676642204,0.06574044623245624,0.02927726299565381,0.23908594689405724,1.0,0.3428505265279556,0.3048950843037954,0.01588928349625339,0.053034730142454446,0.35733544890750074,0.009660294302944813,0.08435625780438469,0.33330243505834795
421,0.22750184116459296,0.37901557206997766,0.0445422933758026,0.004394520401662261,0.031421845422780634,0.38882407758894044,0.0019213287440570707,0.14123162018501814,0.028346045325536966,0.09378090402479859,0.05398821694552187,0.08747452968217143,0.37993818315292555,0.08608627467109214,0.2678806674190565,0.17177752651123876,0.39124009247475755
422,0.035288216604175575,0.07307907334789969,0.14448578951434987,0.02494316694833671,0.20170870071827948,0.03701979685419866,0.036897107919321714,0.18243336266785348,0.08257171684890367,0.25696924247473185,0.6464603519994351,0.2262536131789429,0.2082435113475521,0.20701009500270726,0.12445760276343616,0.2998859448509644,0.03791687717626092
423,0.03884628874373329,0.0681412302731834,0.07716694750015515,0.004381364137325304,0.2509986403118209,0.09148078284862864,0.279443052851516,0.0392386200089013,0.0037231885972800545,0.2899104091830159,0.2070378306366931,0.01842163075869443,0.05112885254220979,0.05134784023367877,0.19731799775655384,0.2328620732537391,0.06301168589726355
424,0.02198877585932354,0.2992341386019436,0.31338075349204203,0.10122045292116426,0.24321093942815575,0.049598373013115496,0.22586764397334697,0.03150903852148205,0.030340897398520583,0.06529719783643136,0.05459693528231243,0.15335893136482368,0.3748096525275392,0.07547822307600369,0.06375876114458835,0.0824532146914767,0.2357150555282833
425,0.027560369998573014,0.3470141722841144,0.05154599234459478,0.035046676106988486,0.15177952603752887,0.4160491983384818,0.0414640622978772,0.003929435178850013,0.007307590339221546,0.07381151981059425,0.056034163890363614,0.1135198281191203,0.07400243763798667,0.366046313568403,0.37219073455503354,0.05508861746430794,0.06349015407412452
426,0.09177440700533492,0.0919614500605898,0.11671489507336599,0.08075536854404802,0.02677220782208206,0.16677583026311665,0.002574110501510391,0.17327512747403673,0.22328436877832508,0.1014161003407518,0.3613611784505227,0.01668412266967569,0.2934902676410548,0.08430089210772945,0.23300860510102733,0.4127585359247017,0.45984002523948897
427,0.030200922498911018,0.10500361439705218,0.03277037701672806,0.10412222118651632,0.20602316530306966,0.04324382908528042,0.001178666216987384,0.0734913634183288,0.04471008887125146,0.0633126584419404,0.10561281452853305,0.22303937215763797,0.05677676010119679,0.16182011509862754,0.04517044991182761,0.14442333048185924,0.06292768442795771
428,0.1428738808131997,0.31121268975070343,0.040488541128776444,0.0017966734374081728,0.10863632236928382,0.04657020130552319,0.001926835048435449,0.04339678765377627,0.26945449994373327,0.4179804325059262,0.010857407101238302,0.019526391462546915,0.29212605862239155,0.050346145776637534,0.06239891907789661,0.27329303821749956,0.24311864160390625
429,0.12788340178192248,0.07919054661089901,0.22098934013368585,0.03167975844255882,0.03665597053064806,0.2233225922221509,0.05141041110628316,0.07842152623523832,0.033553597851382906,0.13206738624598385,0.09176112407671136,0.10670160971646626,0.055274148070074795,0.27710153763279544,0.30100774350615683,0.29471712537915035,0.45757673621540457
430,0.03397164215158802,0.09006244715658596,0.04727891640079254,0.0005261278368958178,0.12119370858831138,0.2202465175240407,0.08030452745068418,0.20600328624609052,0.278504048615191,0.32581983044467056,0.12695926297484475,0.026108107843152973,0.05898459556781658,0.31516094478005957,0.3589856514638877,0.08382911231344253,0.13860949629650973
431,0.00403254645133735,0.08764996648560007,0.30675645356801884,0.025969382416910113,0.029703778395395102,0.13084728508417762,0.005064157547373559,0.040779671910637326,0.1856672687889661,0.21738982321476735,0.46605317369671434,0.08634463503883756,0.2085899465597334,0.0512205889609872,0.051574571509728176,0.22868904952544883,0.05635276065486583
432,0.03203905659400737,0.08215513232315813,0.0012296647890916983,0.0017203306474658342,0.06806635894454949,0.04165544416632686,0.0015086211576528247,0.04857628658305435,0.05390128091886229,0.05888873156394907,0.31962901529103704,0.003761511759734632,0.05352521561650216,0.26849902795403546,0.07474056376840382,0.25330279474760165,0.6008458833193479
433,0.0932209672358356,0.3404061433873818,0.13363528124447516,0.0010298599678580452,0.17993731622191797,0.045469570612110335,0.004745843577628428,0.045372299096460865,0.125908269774259,0.1445678280708756,0.049137223762400546,0.030802380500346494,0.074493388536153,0.10798863518196207,0.26246885897093075,0.3837418657411382,0.02680434436268006
434,0.05139360742595014,0.3963259983210425,0.03776235169182557,0.0004826462252513753,0.24269764001155605,0.0389634598691594,0.06634307359600694,0.03293967491976791,0.031037956171256705,0.34972376494976803,0.11431419343641265,0.06591378995974109,0.36215526570937,0.5482578445564462,0.08358617610632409,0.27475187772416854,0.01998647800430188
435,0.18687873026958202,0.09242931265751193,0.2542584567922775,0.0025078806555675786,0.03081361838733915,0.15466261651835236,0.005421134852429655,0.6997888429228545,0.060698085451723595,0.3199756966270064,0.2518428791627675,0.017747708099328782,0.05511326463429481,0.054447258029859745,0.18730654269214952,0.3179066594707776,0.38678927136355257
436,0.026984131622253115,0.07450468462644937,0.030439571153629514,0.11143862333938327,0.17763319783844403,0.0054741909521584435,0.08651840952415696,0.1281957923991433,0.06465172593686994,0.08932584288811697,0.09496929872478539,0.029517346017539914,0.06138884004769942,0.32961298710272263,0.06393002378311137,0.3234929218206901,0.07670410476811516
437,0.03674729130661126,0.3142195799168312,0.04661631251681202,0.029172717587713396,0.13076441433326066,0.05354828727406846,0.04541988000396416,0.04297787535041462,0.046029963949399115,0.07699932122032802,0.2303252894215369,0.28202748124048055,0.07011444475492898,0.05601361565230042,0.13187142841297772,0.06633162339342467,0.05605569969583191
438,0.10174992347346898,0.4162937055035379,0.06805428630235362,0.18678683857304318,0.18660966993582737,0.07606771246783012,0.0042724422524024405,0.059107515237157605,0.054393527726691225,0.27962281185336907,0.049403125279923056,0.168589961797809,0.22209105433021545,0.06996566389798127,0.046095904601252326,0.2568127370005081,0.23820562080521387
439,0.04395445557922144,0.08914730115413268,0.04675932542754287,0.025320832171187718,0.0007527475242751851,0.12895743955917927,0.0028347062751019635,0.2243620483442628,0.21214177380103394,0.10961672767296769,0.008130197021392522,0.018223800770261808,0.09875912376763472,0.0025253292732955505,0.2739826172926312,0.3410146489782781,0.002591681074172469
440,0.1722730270404126,0.07369155848279407,0.15121033049412874,0.0010507786454367752,0.14721515154187223,0.15374471698753286,0.04345650769695043,0.033762741068876424,0.04771950323081798,0.3050120394315253,0.0347850935603332,0.08278438418868497,0.20534304582936413,0.20967557612202536,0.18802740160873616,0.07490198184940834,0.3100612780243913
441,0.0407479995220949,0.4652529167987703,0.0968279990138305,0.018250862161205923,0.031812214831464784,0.03903613910464262,0.0457089772090348,0.05195793351947258,0.17854821391387032,0.069028656853172,0.06236010373410382,0.07459232315903444,0.04784935633142855,0.049175186424267076,0.04811766506375543,0.45544908589055616,0.05769394140885659
442,0.2991139437876613,0.3450822931662554,0.19576560960283337,0.030583544653590568,0.010290103983056503,0.2256868335919458,0.17205878417105167,0.03131419335154839,0.16779570996389379,0.6757458798425274,0.21932439970092724,0.03411239378143322,0.27642106572850866,0.10049434333744602,0.635554338864245,0.11124058032499053,0.29871162971200715
443,0.06953574268358166,0.07899785356615717,0.10441751921220765,0.07998471339839634,0.04260664473604263,0.03538782670870745,0.06278408094342368,0.16911560438371068,0.17930380474548502,0.6355200170914995,0.05499586252207278,0.03307687256288217,0.33298216866830677,0.05137614392810085,0.3867247834545875,0.3223649167879618,0.22438526321247465
444,0.19875332800723577,0.09512168267442941,0.03073017005071458,0.024956388743854706,0.16516717693568583,0.03791923116387316,0.25630828499305897,0.08632368885762488,0.03195238702839602,0.8980670799204401,0.07459255994371808,0.023888821643979628,0.05644406500163754,0.18658574122928193,0.16025590860256417,0.37693752701686156,0.0720015879843313
445,0.3808519051643697,0.426055844451537,0.04458134411270175,0.028176626553492037,0.02731333545687371,0.07723470714467834,0.07708489767983336,0.07235590529655231,0.19686555345779005,0.06423702004088971,0.10578481717724958,0.06857865547891341,0.5892479164977436,0.2066129624413075,0.040866469537487134,0.11502256142528239,0.06510910408047618
446,0.0011123665074223791,0.40821370584558603,0.003940488878663531,0.058934099586936066,0.26609656119454717,0.03535068296575693,0.006545663099611344,0.1893112769867975,0.053579220724289243,0.10313464986410774,0.20540875889480856,0.01784394474586657,0.05610964021449239,0.20604872405619218,0.21312233754657495,0.26217378964780313,0.22413547602723372
447,0.026608853746617436,0.09066240949677855,0.13644743096805717,0.09981752622156394,0.23363007480194437,0.20502245367685928,0.04599954473750954,0.04293188956004491,0.12282388245007489,0.09673527587372789,0.19987855280734315,0.005892579868133277,0.3418429885471944,0.05093657567953995,0.19118793537102846,0.3848670808981453,0.13306030481887765
448,0.0017185372101332986,0.0746123506444974,0.06156656513293647,0.07528752709168866,0.4961981806284476,0.09940060453040261,0.003850218359602873,0.03347311420789702,0.03379976790986524,0.07074353905868767,0.049197086006290726,0.04972202920822485,0.21240945812505566,0.28511509602289337,0.4458164891264531,0.1097326771622388,0.08716539156087705
449,0.0862858287319449,0.3546227073201807,0.13151130158600058,0.19926522957477416,0.04658293550764029,0.21690706295845877,0.03443363878138805,0.37166816364296573,0.08930755959700835,0.05536383567223875,0.13008559402568473,0.2621119101505729,0.05162336259370732,0.04729557874817758,0.09979005617512443,0.3209833905502645,0.056896248077840474
450,0.16794527035253512,0.08003434062230512,0.034319678772160946,0.02415555878564024,0.055266878445621996,0.047966038023741796,0.05033746403951936,0.03034915953303382,0.028289099117376596,0.16899315820267313,0.17234052864035698,0.017855320968500146,0.0972629643389295,0.12077785564799218,0.08219274397319032,0.15023223306813357,0.23003958217026876
451,0.0013895277481709527,0.026710748335940972,0.037049345413096436,0.0015886996495492712,0.11304419952641809,0.0862143763552985,0.06972465046654916,0.059208920238406786,0.6441343214543414,0.07921413205514723,0.46821870545856764,0.029145331239450355,0.39937240996255224,0.28631854727487327,0.04562741946868476,0.47763169915379156,0.05884462760874503
452,0.02937699178408948,0.0847733248223261,0.1978880400118629,0.02942311812196336,0.21518166986378529,0.06972982173734694,0.07064809683407434,0.0911844353849192,0.002568972315748284,0.05867362629126004,0.09053430981896865,0.14459043633003854,0.0541464340749692,0.05085034314621215,0.07505779338842693,0.0291498182943965,0.2852649361157277
453,0.3176415622318739,0.4257529351286472,0.06144145734573065,0.14592244207570126,0.1262636383009776,0.0348122109977686,0.002437739743164529,0.08884068669056269,0.05158352021947632,0.2822465469578826,0.0028179457345675007,0.11179728589415318,0.08393985997638186,0.08453429681401066,0.04704231848615613,0.6493920394163865,0.06506400946959946
454,0.090665663255103,0.5042387761055601,0.03349357501341362,0.1788509406205495,0.03607510040187716,0.049735343560525676,0.021590436425289433,0.029996702258630267,0.14788697698965944,0.0566856424106444,0.4517994631711264,0.019214439694710254,0.07166444585355676,0.2171598652627866,0.1384273105845428,0.08396849707875925,0.3243922571126151
455,0.16190479621090964,0.08857979343957384,0.06363809747168005,0.03244099661530434,0.023345034596609377,0.39966606047280856,0.043737501361686595,0.039022124291568906,0.03104612108548624,0.0657784088494442,0.1296875847216619,0.003257155474528058,0.36042577894121636,0.06887613036311396,0.05255285072572608,0.06868359150219369,0.06232422741450203
456,0.004961335537183513,0.0765743893350868,0.08587228847078755,0.028129143223026867,0.05369931865130391,0.45937954553748794,0.17678137834713586,0.31286637107148585,0.04358170695657591,0.061695025089957896,0.0687049020992666,0.009328398091678241,0.31558224057634504,0.1846225421785393,0.20985383317323,0.05686039647790855,0.05659379529585159
457,0.11311969827199041,0.35802301708234935,0.052376101254513086,0.21420160218531425,0.12162553596256054,0.053916140095331515,0.07936620403522643,0.047316211282300215,0.12373752731071753,0.07211227192148906,0.33628421441270495,0.11595575735840269,0.046207875139111135,0.05664214075437508,0.1976262466266098,0.26472361812850925,0.060945608770857876
458,0.02888652470925768,0.21748656357520757,0.033464781822644236,0.23876439103891814,0.12815708542554125,0.3357771918790132,0.004057394142819656,0.031478663723387576,0.07241943616828186,0.33730212017276745,0.05587466900405746,0.21322309842842563,0.09774428234668411,0.09471003991927915,0.04494829905861051,0.3462488226951482,0.07595223420110397
459,0.15078683579719226,0.6630966461014474,0.05212617367245149,0.13179673259791416,0.03046507191187178,0.22102267570349718,0.11455836352553224,0.16483901076039817,0.12325239437476396,0.003412505130621779,0.2762780643442719,0.029782248562350573,0.33824579504982283,0.20249886687947138,0.08141218858824269,0.05830716920028479,0.2737774585498236
460,0.028456382383424187,0.1216770640683829,0.10729535165646059,0.09865194923007264,0.04083298185305313,0.04136047929383285,0.19730170143042852,0.036886267166185135,0.05941506906050003,0.008272605816719176,0.06546827374099233,0.047561715169518404,0.05310542858770468,0.04976070493173431,0.28307124729476724,0.33360007158357746,0.3016994016153797
461,0.1314234211800002,0.08896093419186785,0.20432420015616976,0.0023944958586893774,0.20143478442400028,0.3079235361078792,0.05011023584285739,0.3100384288098728,0.06409121260847943,0.01475756258801264,0.05015654624189549,0.08521403879090551,0.06918327647931798,0.08823764463091727,0.27401757064512755,0.2686808769339434,0.08720733463480553
462,0.03290697336920867,0.09118668321852327,0.028454016249572184,0.030620210536802996,0.12989374490040215,0.16664300097533766,0.002931036402224718,0.04024858529070171,0.0034713869953181343,0.11694940671262513,0.07830209331496593,0.23163236651181668,0.5580327177118481,0.2133907416501793,0.059169715423582035,0.2610498397167157,0.060603959692302325
463,0.031194910392487642,0.07761611223098101,0.07348475041623369,0.018969628520454387,0.031764486524070025,0.16959597284208786,0.006189282055530592,0.0043887756723043885,0.17383708862255723,0.2782468091861848,0.3158174735302491,0.02107076558128934,0.21203722426133567,0.23840016472289494,0.21117835467310053,0.3106215316650228,0.08791529362903514
464,0.031026207008229542,0.09769773345686507,0.4824660823904717,0.029534403335298186,0.0016064666011161278,0.03881018644125425,0.0016186942689048885,0.4160093624217399,0.03735122667477937,0.24457146655995304,0.07067485485795269,0.003863945147428195,0.05769814872114388,0.057561117870740926,0.04758790241548556,0.01824619577980171,0.21745880245199953
465,0.17227225486885198,0.1347106306177964,0.1080874148269069,0.031226978419546282,0.01437830722802824,0.44928224130603567,0.058916165851997625,0.050889327022787374,0.1086278156035153,0.011574837038231275,0.25375442343424603,0.03484748620754854,0.10694893941784094,0.0658127082549289,0.482737043917427,0.028423123458704524,0.06095187532189622
466,0.0856332189083941,0.07185094212715294,0.24836058263660285,0.028671080171093606,0.03324449275724906,0.03730276565158774,0.011292371442960717,0.0009720036054119048,0.31703207204869766,0.14817911189025942,0.019245710793049237,0.0007800380937603457,0.04953094752591563,0.2632002044713785,0.643217037567516,0.16660470386976967,0.06983318651556601
467,0.12445975328889616,0.06804506645573319,0.1277512193312613,0.14913503588100657,0.21771100468985918,0.4991262098348565,0.05796204207713341,0.03629144915679138,0.026473316010886216,0.05549102471824316,0.17972279506039127,0.17184895997111121,0.32579290533481636,0.09359167450965919,0.1050301177694725,0.08858324048700972,0.24472045570756196
468,0.03600874717271916,0.30394653697747004,0.03972538760897181,0.0014321105983074926,0.005365182516358905,0.03797948023524983,0.04073432990976197,0.004533401299670462,0.12516455913898056,0.05497550930216877,0.046687138544860285,0.017497109544101566,0.08013339727025279,0.37590630654311635,0.19026677980189718,0.498653917918471,0.5978833010008556
469,0.10831630082384125,0.2932789854603965,0.4702782974003904,0.02756879983565138,0.03735106036023417,0.27367926731636155,0.009441027916912651,0.0,0.03537409758330538,0.2956292217730266,0.06033171531547935,0.10076532210608827,0.2707131035235145,0.04990594357530871,0.10473911659909722,0.3118476539857994,0.311202010154047
470,0.03171819636320722,0.3029532021199373,0.03252767034782857,0.2686076819283845,0.05067580479999227,0.28798445999943967,0.001786776905902336,0.17938700483511014,0.05467152387414561,0.05681566360696611,0.3177590650518555,0.1256167359017119,0.08287091523251668,0.013451598806523883,0.2763299075456978,0.05969843345580045,0.0690229110579552
471,0.17531329603870016,0.0739510588132839,0.04483167191370526,0.02619683724389109,0.13587657246038987,0.5714088940246617,0.005303057796193672,0.18870971803331618,0.183099261102883,0.046978554715057776,0.3348536881196389,0.016290418988889135,0.2139444786940078,0.34635674198582783,0.25749853995370003,0.13547173496043446,0.38116122947766085
472,0.11472237939865955,0.2209240151635112,0.3972284663642304,0.0309676252285746,0.030367779740508537,0.0802982513089457,0.0037245108738026755,0.04424050261336394,0.048598863185555806,0.06282242675893296,0.28823263327260457,0.03707286814118751,0.056886622225971066,0.18695215334404466,0.3600903886877255,0.17697663180929005,0.3974340116099591
473,0.2017170309259427,0.16414556315094275,0.05081055740383351,0.03700121201010709,0.05003578643402223,0.08475685040106251,0.002356667299823753,0.21978063874565082,0.1314952567589133,0.4546779228374427,0.07343254196516304,0.10545989581803934,0.06604732978179403,0.100289529071212,0.08124203367678587,0.3766667861171613,0.341485436684232
474,0.22122677047307762,0.01953088384606482,0.03525348034109426,0.020843971774639525,0.1021800792957421,0.06812107408172434,0.003086872686606154,0.07357231764818221,0.034197176867925276,0.10398430344020446,0.26039426194377424,0.023153757985962226,0.29185865180915327,0.003080182166335998,0.2815552071162082,0.027132830228962727,0.12962242438303948
475,0.02937615227430272,0.07517734505564985,0.039261920879513294,0.02735070286336716,0.027071023392075476,0.2178834789371141,0.0029924199561110936,0.22996666161944984,0.048433201190341675,0.034409098184168,0.3162151175652961,0.02272721120462414,0.049377941721431465,0.04988698290785861,0.1347768891434906,0.27836909335065463,0.11069330814435593
476,0.05088259178919579,0.43085299365978613,0.05905388761772532,0.10010871721999812,0.20737215068052273,0.036436201027216474,0.0052882678327942755,0.04079997033392324,0.16425512945175944,0.10059733257110377,0.31166956063204854,0.08423632715070142,0.08649529990471796,0.20571781352344923,0.05866216457076058,0.33263499498610466,0.14373162857139807
477,0.036952776601603024,0.09043357463521488,0.07091520735721321,0.09740655695081625,0.033771156541850714,0.12336758578572181,0.04057308898563895,0.033555797727139326,0.04486266967152619,0.24279228966278033,0.05115251233813073,0.038026519543972605,0.319484249427226,0.06945129950884718,0.2663213835437882,0.07114090312114352,0.23515092949408573
478,0.14299663055322012,0.07258095287031216,0.18401681679253992,0.026639802766358377,0.2331585414667495,0.04479731311056236,0.23861661264513997,0.0038734751370442804,0.1199729049655433,0.061944581274459454,0.025971939881406225,0.17020690857851584,0.20553396934392068,0.05704345351813462,0.3016577949861044,0.32457944112252424,0.12349204992079427
479,0.0436526948390428,0.4171731362266033,0.029434009721239652,0.16399445251008954,0.03440394753616277,0.001443435450575153,0.050659353538914334,0.04996993816384595,0.029399230722881867,0.14764896744002184,0.07185039674217043,0.04780347291615263,0.06070634755348818,0.27969900065275477,0.18560557146338216,0.37824329778758636,0.04194069757420799
480,0.06669705341450971,0.14086844330955248,0.17869719028262035,0.03151103906595377,0.0380926604264079,0.20763613075797124,0.0037444151198065398,0.09004780289261723,0.040142161152685235,0.19022224883432676,0.05355262724675013,0.1550867426645683,0.08215355307975646,0.06442172061931602,0.057057889383674655,0.07363860659184926,0.06879388594393084
481,0.1405708592205477,0.4076585810848554,0.21710407578699012,0.14260884898175963,0.0009718403694858264,0.002555527744811795,0.0005681939304208376,0.07677296892174051,0.12867932091605758,0.051042140314405786,0.08769312976725399,0.10244204412494834,0.09533838824966857,0.0854665837934449,0.12266821380430618,0.04325060291805581,0.23655793339810086
482,0.06537307356600904,0.09116459292109078,0.7080656656567506,0.09408992592352523,0.1972456093182184,0.01747056481195376,0.001448893714967484,0.032340670794845004,0.03484794793497185,0.32262902652372166,0.3595964545484906,0.016282134476840317,0.053263160576169366,0.10209420054892387,0.09962762827795195,0.28239091334004435,0.31062393692063917
483,0.038141651728361134,0.010763631271417613,0.2891079133239123,0.08350619709950721,0.029641433142289602,0.06688521515330315,0.00030608444269171876,0.296820127060061,0.034053488116996565,0.06092807716367436,0.09822834830804836,0.03343623605670913,0.17026848698502903,0.03250714745112618,0.10525374437281507,0.3477064121460579,0.36874366127614455
484,0.17881956000127885,0.07172396165558473,0.1349624555915157,0.002110098714749745,0.2980499791026413,0.0024194347092445986,0.002252568193198823,0.16011689211170765,0.18783900879387727,0.32707903301357666,0.08465586378615604,0.12589172972944598,0.254559498623586,0.05561644160060431,0.13582306362237787,0.2775357030286451,0.1214248812563571
485,0.030657052880053028,0.4952905450265355,0.03353435288920959,0.002354984522867179,0.029372799777211522,0.16890504909595008,0.0014518238369583493,0.1477983960907389,0.030999518896454466,0.0697414456251657,0.25917405163983226,0.010633489702199524,0.06597693513021982,0.23051557807539197,0.23979631605985796,0.07395667113552021,0.06239380803183149
486,0.09728835439294145,0.29551654765552515,0.008761833943154718,0.030378068715109466,0.14745654272035086,0.0456889729028333,0.019027988528296368,0.0121405820642344,0.049245375663074464,0.04843488415537354,0.06137592099084123,0.05952813614585746,0.2160915649026473,0.2032248277398128,0.3358307464799109,0.10233306513124964,0.054648694086588234
487,0.009323878839799118,0.07707733054738601,0.09607457508530946,0.0565479273440837,0.1707645278040283,0.21940121492559847,0.041907955685398485,0.0432176764598711,0.1750241984704144,0.12300436589034892,0.2269281794712402,0.17122590217417513,0.27731139271716027,0.05208639392075584,0.05058685808426241,0.27147329386440017,0.0019644723327314336
488,0.03174281904351676,0.48330954228498346,0.10932451432760698,0.02522095229146385,0.06560543709997822,0.0043659632315713156,0.19177559395781327,0.004421500161712665,0.058440178215618296,0.23826744617970577,0.12308090308839298,0.22531763248570183,0.049933867312706486,0.051834869467155056,0.1426494014514515,0.3117342479429019,0.044282938305093084
489,0.028080699187120285,0.072863292271091,0.04246152190859018,0.12685233681407168,0.0014892047265974795,0.035253356133717384,0.06167000516861865,0.07750951489443815,0.03461965348133944,0.053118128473392735,0.5424780650140142,0.2017655002673935,0.19212060208009157,0.2414245120353346,0.6347266069975225,0.10046327414895559,0.2866714841671221
490,0.23375116347718425,0.13425306073359694,0.13532258694066562,0.19589217238816437,0.12093851935748937,0.03881701963986274,0.19316922948207688,0.13202252610153034,0.1165781910936814,0.09349028952643702,0.055699275668743255,0.016900131340127935,0.27433012816018526,0.05019877961508879,0.05019371276531667,0.3843882221241138,0.584153190705161
491,0.029353110784887178,0.08589286467806595,0.03269158215641093,0.03749212059133818,0.14147191833499012,0.283532653564544,0.04047964075190385,0.12994158849062354,0.06774359681490251,0.11297028710558678,0.3462786443768062,0.0888005476180171,0.055842818310637136,0.4936301392682622,0.7273273679221867,0.3304569143877896,0.10432248487156454
492,0.029210936576001004,0.0732539913968061,0.36819025007002065,0.0020365062994383096,0.039729437937590026,0.161749518670045,0.006043921915883711,0.03455494737543713,0.03019293520143701,0.08131462575093566,0.36760307610821136,0.023560835247262605,0.2612866600799559,0.09426727279214601,0.34407945456230943,0.06653141844083538,0.05198474772610349
493,0.02764571428817864,0.4100057133508589,0.0352840532394224,0.027247098948220045,0.031319924692201746,0.03854064386261863,0.0017083038201586398,0.0034487154179518587,0.015334635818938566,0.05475595854709102,0.011694214999337439,0.10353631955554264,0.3386782164087474,0.2654618731159859,0.2172744890672122,0.3561509070675421,0.1629057773871934
494,0.12999003936784406,0.080528586698685,0.08643197747648111,0.24203276587153344,0.13642313102476925,0.00813138936979948,0.07433334405698881,0.13788805093791207,0.02929343621931324,0.10446484681204647,0.08083617842003064,0.0198411883573605,0.17098148806729088,0.1873466379338578,0.04829887143475274,0.3697205696867952,0.05402105200623741
495,0.023441542221071282,0.07551226146094965,0.3672372653263465,0.02418996635494204,0.03850252511012242,0.06203179273682747,0.0038051373089212468,0.08442784505716303,0.0027601316629113476,0.10039122591992854,0.23221225713510935,0.1146861538662437,0.16088931637568374,0.2425849460029688,0.5799982870427518,0.09008258062176464,0.36489128601307724
496,0.0019106306568477782,0.35945744984700817,0.05829867316590213,0.028190902729412985,0.04511493669278646,0.21608562219834357,0.05767927454726603,0.03969133460947353,0.18568959829173387,0.0010144189515641268,0.0028906545570808505,0.11542123205637682,0.07775575241726854,0.10626258864725929,0.04629657202447707,0.05526023889748394,0.32412772071075063
497,0.12836151441965465,0.42680093383539786,0.13508484636964022,0.06417037567839545,0.033609742598309254,0.039604328783619164,0.10301822772007037,0.0042834950222656884,0.03483384743174577,0.19522792430266886,0.1019106515399206,0.03268553659347623,0.23720105385512244,0.11033035842936353,0.3032901914486143,0.21544373215870857,0.32051498830633335
498,0.19569576507338662,0.07853017793021837,0.031529197778768836,0.16626118807064216,0.004874832344419676,0.34355334667644344,0.0744704084706056,0.13404430038592957,0.047322359239209494,0.06334898294756015,0.059085684496526306,0.004030193796130016,0.10351190251563042,0.5162443355860563,0.2721528750583519,0.052190542097824165,0.3414366310031416
499,0.03396080035645297,0.08059794800285203,0.060214094380708745,0.0015756502894561908,0.03233042328579515,0.037229375099132295,0.003711379215548983,0.04769278383136745,0.1190536416956094,0.028712705689214937,1.0,0.04944696037304577,0.25565247983964456,0.06991402894976415,0.0575799657701192,0.07483874977377296,0.034606983687156076
500,0.03633948610147159,0.1884527241640523,0.04421042950741416,0.05844311053320181,0.13383600712689842,0.4826567837369092,0.04603514727203725,0.046582001791823084,0.038234058337022446,0.1341550796831787,0.06662321003345267,0.11695600992642817,0.04725771179958411,0.2268285125851939,0.4383922080649509,0.25822286757863594,0.13552980649601123
501,0.15105878660116237,0.13495370216031902,0.1580691035318103,0.1350753825221523,0.029856660272626453,0.0375836939667736,0.08135872753090517,0.12758999447009756,0.04289467183383516,0.06540487107308647,0.0391558791570343,0.0710718909164221,0.05048416814170038,0.13233315667895557,0.2644693461533041,0.05393679209071017,0.3146604752160561
502,0.0416990247596299,0.08178586689552814,0.035174116696234395,0.00285525777959626,0.11461200593768374,0.2399274977369367,0.05555253566652945,0.10292476782533178,0.0607193731790415,0.07855672276614324,0.059573440713371395,0.017299467703341405,0.21549949494803275,0.05061510902383329,0.05766180457179638,0.29292204585761045,0.3222706446211105
503,0.054966661249287736,0.006074730914833311,0.10640324804433073,0.05089634421831852,0.26517421692318205,0.04388900067996615,0.051597069482439764,0.05911798814356102,0.13663089842812487,0.03800556351361013,0.006359315499875448,0.3310988384788382,0.3441264729424458,0.06627682771762841,0.22743610546241913,0.6453336248610849,0.34523598026767516
504,0.49025910654214705,0.08147620361867469,0.031823771306018434,0.0010090166068004137,0.19927111437102646,0.21865464744857355,0.20008618580766824,0.03234685914630281,0.15732710024263236,0.0070983624355652536,0.20580455676024068,0.02932978813444138,0.048001066871955864,0.2099913435168358,0.020015325330782357,0.2852953417337248,0.29107216268710223
505,0.000964749094917041,0.3041712038029439,0.14778072386262514,0.02761906757703071,0.04902260377416129,0.2002113159423778,0.0639294149565133,0.1467358374293264,0.08163172606021975,0.049214871180276884,0.13572346743889768,0.10359847126497325,0.11135435583596427,0.05172525023544584,0.007701593172605079,0.07051516419686048,0.2087286379034308
506,0.027431373873344336,0.175500782981452,0.05939627454458423,0.11334109955110154,0.15572833335350378,0.15317550442090816,0.3570389724842988,0.2908042103223989,0.10579533562162514,0.08810893359542613,0.2499281812560624,0.07519679140466418,0.3124744501414704,0.08003033609314852,0.04536339799314959,0.09516998379667894,0.2848110114206909
507,0.004924198137534827,0.09816300444725844,0.04480172045954678,0.06630121042697534,0.15945028890456783,0.04217589118847949,0.043103485601633275,0.10960405347399871,0.1353924610018175,0.0590152496402645,0.013672233921545708,0.10466855810422586,0.055563583137246374,0.0022671686705256306,0.0765351338642192,0.3341945480915446,0.06463144958521307
508,0.20836109586926563,0.42458101400520365,0.1318808209466053,0.10209319197818816,0.12189245777737448,0.007312100720660002,0.005916579014878433,0.21587802099609618,0.03409558237248701,0.06345392640042806,0.07483221083777598,0.08549295224289459,0.06455292532823098,0.19896911630284952,0.07285116816608972,0.05343139841454326,0.3000261665102146
509,0.02752020042325558,0.10519193026318689,0.030176127362764846,0.05384114054767048,0.15923038127982883,0.01833966970969879,0.05054730064884115,0.03489757956838917,0.059226503549279635,0.9195306260929785,0.06176429364290062,0.019193242888052423,0.4074687576049779,0.05048989810995088,0.5645804793500971,0.2942649214649464,0.2781180819964761
510,0.2794128062721716,0.10540599405708517,0.07243610253432811,0.007211365834707449,0.02811490569102246,0.355958520570246,0.20998912533967254,0.04027749457656682,0.05132946703880991,0.013093773394371325,0.3167003639866617,0.08641633656646526,0.05308582002418675,0.08513119246526872,0.09783997366226012,0.92129846143168,0.446242585944189
511,0.05002269640740225,0.32326207646108507,0.032505343589329196,0.02040432076948644,0.2334528002475442,0.04393079224054531,0.04170401268899201,0.1335753985060255,0.028664014080483965,0.25705840665679813,0.051634007322892875,0.03391403394662692,0.11186764641892573,0.11160258276381042,0.21068041717129915,0.15681648171051749,0.04729244548307323
512,0.0005998645682599867,0.09178626545660573,0.08191804748830703,0.02406752193646278,0.03018993510284225,0.04752876242628276,0.04177136736858414,0.15848783166923475,0.03406457778822643,0.5769890434390575,0.11113543076427862,0.03491267353844076,0.5240089476723314,1.0,0.07457722693327526,0.0748406712734983,0.0824137803232441
513,0.07593714371750299,0.08057670263559842,0.005785539647360591,0.004126921898047496,0.042552998783022135,0.000891174076101017,0.004831430864616984,0.5876075506679362,0.4228661785106064,0.05840695589279083,0.5494332024808845,0.1143965369241341,0.05480510270781156,0.07708665733190112,0.061365532353963775,0.3703334978795718,0.23150291693532643
514,0.0033625706375287503,0.9617563187509552,0.031709752852780305,0.0020238747478977318,0.1313161866585675,0.21943866732185377,0.0680920271830178,0.04170380194660297,0.05441644464528583,0.0766583040080768,0.24695754977772552,0.02531137074282171,0.417489861582747,0.30637530028530463,0.2702230956835529,0.37226422231497625,0.293669365211871
515,0.039775785232209364,0.009813141363708651,0.2631862237174071,0.10848388351676058,0.164277180884289,0.03562625256228607,0.32503764517631384,0.037777464817450944,0.10026514520078096,0.276314738032344,0.050913457489390156,0.08057074812476214,0.15236776310301356,0.0484473746976171,0.17888062224842383,0.4284503680351124,0.12471161800695388
516,0.0006472795166791002,0.09327509941537587,0.38130433262303526,0.05835583920456891,0.02793033406789105,0.29291453521289046,0.03706632329827223,0.19007499456600657,0.1322702056145389,0.1265279551970649,0.020877654363093905,0.20360133497609526,0.21176888253182086,0.050083024821436464,0.05712536457931586,0.48042468769158114,0.41148191206567014
517,0.052253230185481225,0.09137145918242515,0.2024792536051134,0.17011992868371453,0.17360450110089265,0.06090569570032856,0.05442417961057261,0.19316949202542927,0.03226493210525468,0.15457347862469895,0.0533410729466442,0.19541677696795598,0.0589689011871408,0.7367883477562651,0.41355256815661134,0.3950151684040284,0.02697151387054112
518,0.0518239417577843,0.07810613709866604,0.20101136771941588,0.031199514602585156,0.02737966566154628,0.1568918127760534,0.07748362634660297,0.2986490228768025,0.027428976681197658,0.07057458371078437,0.28659882590835745,0.13109183473700697,0.38535969802112013,0.05499660312668441,0.06916325907605658,0.011224540687746497,0.11078862364767326
519,0.05383467531913035,0.32569801488428146,0.266529338223358,0.00181521205085334,0.23692600572924574,0.03753922745422895,0.03809591985345563,0.04355893120030863,0.03337114369592495,0.5923910193006037,0.19687852499664443,0.313539688260542,0.08892058881988057,0.0892931270282371,0.05057484825570132,0.3765599968450965,0.06901322205400565
520,0.11274525601944818,0.313270277524788,0.03640383290646795,0.025708584776589053,0.04445964660351685,0.23598013571490076,0.0817788340945628,0.033295290035395435,0.1773443233924601,0.5109279629079996,0.07195557368872177,0.018071170082795584,0.2161896709893682,0.21921221636997965,0.29106464004517146,0.09006304557036955,0.16466609827873233
521,0.1481855822138588,0.08725703421796537,0.22991258147190033,0.0892127632290289,0.2624749580241289,0.035926058820763426,0.26590226938047384,0.16404162509178347,0.009193060588103832,0.06093554490941792,0.033347572614161124,0.021028412341492997,0.05118454895969954,0.11220450787460048,0.050799803830003806,0.24245001296457008,0.09278855168259617
522,0.02892684430050636,0.09114090727838312,0.5447742109067673,0.023626796261081103,0.17543395527517916,0.43432311329817486,0.03771836843538519,0.1330163600556411,0.06185845876860147,0.0032075520411762475,0.0992422272771968,0.020670623614086687,0.31734833381697286,0.001885890555335886,0.07481281251437776,0.04065654888383189,0.30001991901274916
523,0.030342078747966125,0.4119614083070094,0.04997212283425839,0.11637507040154674,0.0006164027170686313,0.04809307756357554,0.04190809294406839,0.05335395859437883,0.009966859652761657,0.025302036866639167,0.038970305834882056,0.6473866692186597,0.05797991248441932,0.19537695995647905,0.17810845106825762,0.3332007664101787,0.29170759217767517
524,0.18609854609683904,0.1500872971980258,0.03740872630550844,0.04027884565309814,0.0282946131010505,0.05583192329069191,0.12981933990418565,0.0011539156763172975,0.14259002005551377,0.19520140093662755,0.15375993886367204,0.017172374374113706,0.07920894993453031,0.05385525842834148,0.06549664230085037,0.5566686005582387,0.3710188133155387
525,0.1859580140915411,0.377741422930081,0.0818376678255902,0.06010797439006117,0.0407211956324167,0.23998631636507134,0.30868049738125203,0.15534014925839415,0.035368348188357844,0.38120711364853316,0.05187595305688702,0.3894766864812638,0.11373844783252164,0.060397167003304206,0.07813114446185035,0.0800397519986057,0.32158356724261966
526,0.004760579690517186,0.09467141430457252,0.16300687649377268,0.03732522961975454,0.25527566353541853,0.0037659089012055825,0.03922676377607128,0.03673725607092448,0.03955048997647802,0.07808744373242563,0.25807917198660907,0.04059041834217115,0.28510918004084773,0.22505888215850348,0.325228822302109,0.30491736713572315,0.06984721695216867
527,0.14276094212711296,0.07352477601490898,0.054804022278160766,0.11333810702807479,0.220406767743409,0.16664027600087442,0.04294849933932111,0.19963833737376613,0.1316177188097987,0.1671351096143532,0.08708768996042361,0.11807229883187488,0.13088719231441445,0.04768949959590298,0.3727419764883907,0.9570619501017877,0.4030993848025733
528,0.02658404831174302,0.39630487787882146,0.22740404009301346,0.030581750962001036,0.07662942231262351,0.03701024387653657,0.19961400134740992,0.0690903863574242,0.03219455038598008,0.019299616586781504,0.09806207961927726,0.020617351581953776,0.060429559884006535,0.5127203552295962,0.19490307067506596,0.07701605952360485,0.5451017477324598
529,0.03780351925121244,0.08602608557996232,0.004165158181504281,0.003719558271326717,0.04324128071183539,0.09255986271163426,0.05060499078570643,0.05186659511483043,0.31801419327512526,0.05032886314037211,0.15708178413865542,0.039926049331761276,0.14920566574494032,0.3582226200784531,0.05317787769798224,0.014471359887886769,0.07135496360386993
530,0.0006285040005465351,0.10310428433437309,0.7625308018037316,0.0041754127672382225,0.003784401895178646,0.04348206015193421,0.12340759461554918,0.03817865771949394,0.032329663436498096,0.0658055150072738,0.2848140707032642,0.001980819782191112,0.21045384760572516,0.057399712808268506,0.05754367643587765,0.00824295685682562,0.0646606390005161
531,0.05464797733669233,0.1028626764884084,0.10639614389960621,0.030460940339670863,0.04983932152228641,0.15125651145072233,0.07507263248628031,0.18153861687721953,0.05748963493782215,0.19568991269239908,0.30154606737432743,0.1103664410733751,0.05600437363466021,0.06198524456621174,0.6648656686514155,0.02352387126344133,0.22730221385863392
532,0.03796059088942336,0.07456172881832371,0.1661424691411662,0.003557129814298359,0.30010651034857205,0.09772162011678992,0.18952299043347326,0.05350118887372048,0.15525691787701937,0.06469690395109583,0.0843566540948692,0.0026053016467290717,0.06367936504148802,0.32420104110314013,0.013009552678059292,0.12272064938106321,0.07279610381505136
533,0.1987352532108693,0.4080435454413417,0.3756064559714454,0.28047035082849564,0.028498939847302993,0.04483757825940343,0.05533653045582462,0.07809428829602838,0.0036709332589393916,0.0683130055909389,0.19879063196046062,0.07092523561648145,0.3503068110410665,0.22954689955937257,0.0637665011491487,0.3184203053335529,0.07382861403483401
534,0.11215811190564684,0.09477368479017635,0.23798919475975175,0.030471409057205034,0.03466729036817799,0.03570350710172981,0.04956502561437025,0.13123333025168296,0.1467345626165455,0.997811849775943,0.05356948230036361,0.019956083655685308,0.09670503562843578,0.05296391960580155,0.07304106904310569,0.29037617139022015,0.23326864444422443
535,0.028183170317666043,0.38384155556920085,0.1833928270433321,0.103222514673706,0.13005693715166183,0.16266924057165108,0.045173782900453374,0.05970589767347626,0.029722590342793263,0.05288737459822689,0.35777274328995845,0.02966347599808783,0.17598645543206715,0.08234047727383373,0.18835354303575713,0.014424484965843408,0.019415981264357403
536,0.024703560268198574,0.09720207054733716,0.38905622840645593,0.04636334123849399,0.029685893761294876,0.13557809924902178,0.046672526112711464,0.03387106963102001,0.03657775269365144,0.0743194770168096,0.06671831164065552,0.17117720283666082,0.05375676390635104,0.05332882400230402,0.4953339524550854,0.0440394964147825,0.16126393989045848
537,0.029360644633175788,0.07384720397983185,0.5044432581409776,0.13826787921243203,0.04853142554959837,0.0025815885737010113,0.00230874341762014,0.18941325000086554,0.1319084761010918,0.18122401512744435,0.06197629483328361,0.09487891556969108,0.5798911164607066,0.20771160054844315,0.11662650036425183,0.43882081458995303,0.2447943140481882
538,0.0722094350711043,0.31010901299256366,0.046072209463930695,0.001478151893682568,0.13950297073314666,0.25055106184209724,0.2493200819347312,0.22578630304961772,0.03467534138092997,0.05490505246808787,0.4343002995092252,0.0201045421271298,0.05586535571242885,0.20728911866195182,0.0023282640616802447,0.0882898222628159,0.2670718699230699
539,0.14907155617212492,0.0814449408895467,0.2072972007949547,0.030089761525802505,0.047263462921719346,0.16415677874843343,0.25383602638298103,0.04854893685821694,0.01382506401344069,0.42830784485693163,0.07933022136010376,0.07192837702915807,0.06770313460795092,0.049945855592373106,0.1496145379027382,0.38201516402153657,0.04568803391986972
540,0.18992779202546295,0.058887982173025794,0.0044992995529807905,0.0358413240264887,0.033687447641299204,0.03615819031913345,0.04025765276504491,0.03137274775604297,0.03260743219297089,0.03939289749370841,0.06802241384298299,0.018363968519281883,0.08635316411913177,0.0770184610445771,0.04863373963168932,0.6998515633952098,0.32740718343959346
541,0.0027210832676096866,0.3939112026528127,0.12970472251641813,0.16240581105196936,0.13543668686894894,0.06543743105335215,0.0638435092498159,0.03837600764595982,0.13162620982859624,0.1324707083843314,0.2991872178030375,0.051187144488874556,0.2968275880005716,0.08777289418620007,0.2105146076921837,0.07186377127937592,0.07338367707780939
542,0.02809332227168038,0.10969934936319595,0.03366504558157076,0.0022477245644345776,0.01253841315672417,0.23492194931983307,0.4169078538515697,0.11056641969575427,0.05476360748188599,0.3332495925072088,0.051525492538011676,0.015598520416188413,0.05813202851631542,0.3702925429011115,0.11027279691449832,0.24798539450578008,0.7502960979942256
543,0.039297107011013785,0.10064794255706166,0.16511726584092976,0.03216853093898142,0.031171569588177624,0.03861024488242559,0.03559886230420554,0.0012310502536078737,0.05812623642132542,0.30899767707547315,0.4458205381643318,0.026805445392744046,0.4538326005991134,0.050391464674216305,0.22099682307785326,0.053321706643050214,0.0630012900759441
544,0.12054210604045686,0.41499705607057696,0.20248647170911774,0.11538326989092576,0.21071601704008852,0.03656115349763851,0.0038596433978587328,0.12722703964841686,0.20414868309340325,0.08527713983965982,0.04864065163350553,0.2070988109394708,0.05087496520295243,0.1021117687264706,0.04468640898972102,0.07267113909887273,0.23918551561444074
545,0.03865805832806268,0.13007822315483678,0.044883531493347006,0.16177562200154685,0.028910761421323258,0.31107828707264057,0.057334254992823595,0.12448941523386169,0.030939314682947014,0.3122398556813447,0.014413300317711463,0.028169389804450135,0.26714057593461715,0.20861703554233957,0.30094598214006196,0.2807494826218725,0.40344430583570184
546,0.24958606989663343,0.3771778060815188,0.2716876246376582,0.12986409879591843,0.05650089851653721,0.14978680535294733,0.08685660515101704,0.11834440782140884,0.02862469781435162,0.0,0.06393485474165954,0.0649821655610536,0.3613549853551142,0.056987061418107866,0.0816218369213721,0.2425921863744235,0.32438210911411314
547,0.0709264044816503,0.09487432737524296,0.17211398905426215,0.026009208890257193,0.171766588687508,0.041425013731677264,0.04399737965313689,0.3533739685069015,0.040042903674312215,0.29061240010371203,0.09682427096774102,0.01571076579334414,0.022013662240086752,0.2797063038570468,0.4048001472502456,0.07177020038180067,0.5168875817273912
548,0.1959395926837147,0.07297151760753197,0.12691087777619023,0.001567308331614856,0.27338597494207983,0.060158386627523784,0.13347850749036907,0.06547757015940396,0.04433096595230497,0.1037528684831,0.11127893724554828,0.02854952554694011,0.04844480818760367,0.05078500216411251,0.3954364188969889,0.010481400386973452,0.045703405417143496
549,0.1466323033429351,0.27403800938731226,0.034192790213050876,0.0011174609637304592,0.027384947103791458,0.18393081009926238,0.03717568415396728,0.034387382616722556,0.17574565398528522,0.030669387255090236,0.06950802165387818,0.02378407082190486,0.31927287987242925,0.38301114670435726,0.2785253063450221,0.2841398430267322,0.27305580787657163
550,0.04361058012014907,0.07399228176619761,0.047452239461999696,0.008779032974735307,0.16131022397637235,0.1528406680148181,0.02688050730375329,0.03545625497553943,0.03337057125492191,0.1526073770327744,0.04946721965602911,0.11672270486725837,0.044935961297750876,0.19733943219563183,0.530154054528164,0.1092729841530722,0.071090854486955
551,0.051854678047472576,0.10120240964721033,0.27898531339708704,0.03072911765644526,0.20859841971474166,0.08206941850125522,0.0017649941273407575,0.1996058663412339,0.18620095937837453,0.20552672068863556,0.07083192966199596,0.026637091287597916,0.0903918671554835,0.053707583209999424,0.30205935477562745,0.37583549873907174,0.29385045276838806
552,0.20735319725494739,0.3066309072556617,0.2795849928763287,0.1032423974901493,0.27960742418114826,0.038085781226692976,0.039298713497517394,0.5510446009622874,0.19659021923769027,0.06916465462779842,0.09364067115582766,0.13738568437593232,0.08010858151771377,0.007468953316184747,0.04874750175292417,0.08642434562405622,0.240940256676136
553,0.14734124849167166,0.09721169886538686,0.037951687149153736,0.02368086134535753,0.30465340425928533,0.2274793067862838,0.002278662640597689,0.03846627567362328,0.036148961858969056,0.09120622630316055,0.0850431498967886,0.03184589876762181,0.09890312151715458,0.0013521412243642974,0.06282023082034378,0.37137665265337955,0.5110371476463434
554,0.12183146676096489,0.07873837197843248,0.2839807421595757,0.03854767597082986,0.028268251265828333,0.04093076243703734,0.1783835006866765,0.12183945865604782,0.19399762978405663,0.061602151537931735,0.051658013679203,0.0002218986595078827,0.29121834785332334,0.008451884553437301,0.2902294084296456,0.3607229548956798,0.07176085575155695
555,0.0007180772046577533,0.3232338788997134,0.004041070752285242,0.04439389602313393,0.0018156673996148787,0.04347437482171126,0.01490258780334129,0.19767841366374156,0.03313225727291452,0.06984856683664953,0.3041678380350009,0.04615669922168984,0.05405997006524755,0.06235549932869427,0.09511277467392301,0.40686066588878605,0.07161430957605101
556,0.03460156699780903,0.10436782599661161,0.4162178687970868,0.26835057432649134,0.012511566690029457,0.05539752181075178,0.0027872169485093066,0.05913879574659706,0.00786636808431338,0.06487465106438217,0.2668103320221369,0.004566324415085094,0.26756087973097215,0.09286039956425336,0.1951926068423242,0.07970018493636634,0.22873556403371129
557,0.022224353151332334,0.310580439533176,0.03538251508946648,0.031031867031883143,0.17987414113078784,0.35234140955923776,0.07043023558489182,0.0317321575344189,0.055216619027613746,0.015261084188312363,0.2668584842701064,0.0709583516173993,0.2403034093412833,0.06296760072950874,0.04431612237249141,0.23077456876615757,0.4082414087503091
558,0.12949741410523036,0.09081574713784661,0.1416065355522721,0.45396360143633424,0.23165805852837482,0.14413998151367627,0.20157440191188247,0.005274345931376345,0.20769297254208596,0.05395194351905086,0.056485522343639724,0.017091680285788436,0.050395877608419876,0.23551322240938857,0.11483743749227782,0.05987841856775804,0.27393827168919366
559,0.038450427070233974,0.09261866515088142,0.03354630928878579,0.13337546408699016,0.17587911006973264,0.3179536141579429,0.05455695183455405,0.1323434510072433,0.35718421067326817,0.023361664992715678,0.05697124996675989,0.026144723629587294,0.3217684334948191,0.20749101955784993,0.06935658614883826,0.32559453369402175,0.06340103577251982
560,0.15091457857079643,0.43888151203139486,0.16712595996930169,0.10756769248532654,0.04766725798597074,0.2646131942825169,0.008518610941234711,0.17930776798943,0.16504764116508108,0.05460413731380247,0.23837877686066822,0.10931688579819877,0.0486678255202347,0.050093016087128184,0.3752792746830581,0.6051454062050193,0.052462978596018284
561,0.03546618452512623,0.08446185475152033,0.07208629969009951,0.030946070504618266,0.030611777471361613,0.2738300185948459,0.03873508556523793,0.15742699759100381,0.00831797664629373,0.3243549350083158,0.290188480626035,0.03222839970575181,0.07521148063286565,0.9692868606598817,0.24198617736197398,0.36886113653388014,0.09923723780027698
562,0.0014519387370801689,0.07044531980283482,0.1327948486767819,0.0245888386149123,0.15455879365795008,0.03756208644955491,0.143662677720344,0.0498027409182203,0.02686364614735999,0.0797239464505747,0.06581841179418957,0.0941757403089877,0.24597429653461694,0.05965596979800054,0.04669443198689359,0.34005096826245595,0.08217435825020122
563,0.04424028829129105,0.2985356286129666,0.036325282225537554,0.0017209360973650747,0.11318626611787133,0.041542670911735774,0.04093690716014539,0.030537935297789146,0.0422531150938709,0.3404554474061201,0.011017249268861828,0.03808207525376619,0.04666285546828999,0.05927063939912063,0.06148438401824313,0.43064346975572176,0.11275681682174123
564,0.24583675428853655,0.5210675720765108,0.3149957671834728,0.026876316709770507,0.027413433392720725,0.05801915618029942,0.028223450002023264,0.3824612786946556,0.1408615008583854,0.10406399507506729,0.05805540608540943,0.18224841823401436,0.08407475309530933,0.5188438729533196,0.10217006306552483,0.06740776111291652,0.29755000058548065
565,0.0733282986533636,0.14433751282762594,0.2045227758680839,0.04418785155940582,0.12133601018391744,0.07156352650957884,0.04948702221544962,0.044428451621367014,0.034552058037840984,0.1921066475046854,0.06148978067640753,0.01868499712992432,0.325968366492247,0.12718739700807932,0.5003338253971299,0.2708318073344546,0.06388829731339779
566,0.3055989271014916,0.326417198937218,0.03256988037821197,0.03759499031157663,0.028908487376359142,0.03668571844012181,0.25163715386251245,0.09822142076671317,0.19657967905938487,0.05986751658173094,0.10477624474510669,0.07524869412822277,0.2072897558672021,0.2647744162100619,0.05028979333548265,0.053388540403462414,0.3071443503409463
567,0.14529549044424786,0.10109717422269711,0.03406096471577309,0.14014875636398186,0.4788233978471241,0.1780647420895077,0.038680292637253796,0.42402978128330054,0.02985702893292203,0.03125673306888305,0.5768454835885212,0.02005124356976032,0.053319581029182155,0.07152325674015256,0.18669239039695967,0.2885843590771811,0.3559601504310145
568,0.01492675477183566,0.10521779057817712,0.13944140639397848,0.002121612412655229,0.18516230559655492,0.3200269187269337,0.04577483301782841,0.03486379013044443,0.037548972906005264,0.06755798251155673,0.05189067538919622,0.05602526003308903,0.06659146171677852,0.2490082615552877,0.06409758582411755,0.19522501512482263,0.1265515705932073
569,0.05533614214924674,0.1018324581179473,0.24267597863843,0.030367708659566353,0.030903716305193625,0.04509854602020399,0.07757392306078413,0.0029422213104868793,0.1805460018792603,0.24876130829208695,0.027322611469639928,0.09337601665526006,0.10683729566753566,0.04770273743752336,0.06795038443304763,0.21304759671742332,0.22156830246497428
570,0.0020818592535301536,0.07456572456365258,0.28462564967057247,0.12600438007148346,0.2228049605154167,0.04704676265938017,0.042512743479775204,0.010429976940738363,0.1703209001114728,0.07206117268520756,0.32545011577826105,0.018574515490628496,0.47759977184560337,0.3149753649630188,0.515856905924624,0.04989522260100503,0.30516622413927724
571,5.869851496016772e-05,0.541073228368125,0.033772547106293196,0.024129241321892085,0.2786243969395984,0.05616472013840065,0.15311246157648822,0.03595101808965711,0.03038768303385298,0.2944727973726285,0.03349244325582318,0.15169905038990736,0.3196990165945556,0.05395293473216112,0.0643385991667688,0.3075102974163863,0.06407237477373647
572,0.029064842612693497,0.3255856713213192,0.14617556900241177,0.15182122253917749,0.030650581299404806,0.4065310659720039,0.011552316772582004,0.1394277045454323,0.33199855988865046,0.009082221065606017,0.3525049059843184,0.004270400179423924,0.05692701492799747,0.10038793380979633,0.06326287947660736,0.09503645363782465,0.3002084847228547
573,0.07081601820690663,0.0841376837197187,0.034397722077139974,0.15725983393495632,0.0410122832231586,0.010071139491643089,0.04935804576250228,0.061333131130776965,0.033767867891903856,0.026287355105472688,0.09369418710274231,0.11227585190668753,0.2843857759062485,0.14571299402439278,0.1854793057135826,0.34311207962901263,0.6332789837590431
574,0.24620472430261403,0.09214729913761863,0.16362284510858113,0.025822273857136042,0.1332320477013581,0.19975705296943022,0.07724117422399403,0.0696349937634302,0.004402412079997362,0.15955045267872459,0.04508474059742505,0.0335921162845603,0.106024945995114,0.05441446977110106,0.04807508392473235,0.6452458929948991,0.06816336224746333
575,0.03408639535921185,0.3051279476233712,0.04762146431292807,0.1128256682074013,0.11797497913111248,0.03796179590532121,0.15990247501240984,0.17084780525961907,0.05479313286917013,0.2569891799072569,0.20962251590789566,0.024561149241750544,0.2657602738648537,0.09868922298593658,0.01340387800688944,0.08090367937712814,0.053604616353958155
576,0.0004906287030666751,0.2983196875761659,0.28227974187422844,0.038855534574965676,0.036225576961190414,0.30594162893138677,0.03768587667007474,0.0512840713873254,0.18798457829801546,0.0718458132721881,0.09176881739438301,0.18078619164164894,0.05385488695454356,0.056112643515362874,0.0767859571661189,0.27487868966317974,0.04308530566697298
577,0.16641966053527088,0.09240929031778454,0.07212498236873431,0.04378174433477824,0.3471342689621999,0.03375798624472333,0.0045218038448967875,0.29943851280547706,0.026426207644527754,0.41344347825595085,0.12260902970036666,0.018690582654939905,0.41351605370768,0.27695151693732467,0.13184939002973975,0.13276829078011723,0.10172620662197553
578,0.000544865316835088,0.07217132198221672,0.03622544200109276,0.14201485984887188,0.02897492354278102,0.013520484363643915,0.06760600813698328,0.03949712587606617,0.11628574555842643,0.05901999668895924,0.10136946582664659,0.1253407431608858,0.11205021987007625,0.421889806164601,0.2692163830325413,0.3630101400855986,0.300338242407851
579,0.051276383307510005,0.3257496212605384,0.00810163790809053,0.028453074185000884,0.18832217546032307,0.03685642388546261,0.04901994124085394,0.06846302611338058,0.031857861062158106,0.07507532163350476,0.12224231035990094,0.08600769855528471,0.25842999414307016,0.29130141170673823,0.18218071318062673,0.49121395556756187,0.26468621544965804
580,0.0009735149712397142,0.14928177916772284,0.4686126158001755,0.1781741793089135,0.028399014382816713,0.33028177092470135,0.041414588703669354,0.04565210918412152,0.03812918449333002,0.5838270749745644,0.20081740942829715,0.018231609462701918,0.05649155992228978,0.11155541697951728,0.04919219155852995,0.3316827952288538,0.32408686565283973
581,0.16237283486609594,0.13727405327120418,0.054290167204317986,0.03300484751807398,0.16311993720243,0.03775343868589006,0.136015647151292,0.03376039927995302,0.15521581203509138,0.44513812675535563,0.06366287090896092,0.23102300359601072,0.07738323274757573,0.20985259621997893,0.058949917111810565,0.06122957470909317,0.025004163077313343
582,0.3446248950098582,0.29722669576048905,0.2240664190408507,0.12262081688395383,0.20732314529940926,0.05185567561196622,0.03635706537542491,0.03313325223660483,0.03436586938039157,0.05869833711090997,0.25585213139927415,0.04792619304352131,0.0699329768279713,0.351079464762279,0.1842387203635515,0.09719529760119817,0.29840427193151386
583,0.14992714951683755,0.08174469237443796,0.1290258999092329,0.10090001588348606,0.0283292573620953,0.1061693960176652,0.24454672935473404,0.13464413659806576,0.11444034921261305,0.1150225765087444,0.053520045749277156,0.06455014976823746,0.39105020371689814,0.31528585123928693,0.04977244978852823,0.2741416203983982,0.16587264433040402
584,0.08852418202338257,0.10161378265944422,0.03358291447098273,0.02324288797163879,0.19362569327106793,0.2830339490218374,0.49709591433695194,0.0023870335073343314,0.03290997618072722,0.0579978644052874,0.2390610326290006,0.01918320638553363,0.14209814383461877,0.09097984278315424,0.051862245928245655,0.2830555130268083,0.03764393641889172
585,0.03098727562744479,0.2322155050248349,0.04493847104570049,0.03899479157242235,0.1312013784718379,0.002573236815069702,0.03903526084366012,0.09475353777651199,0.21578080726046103,0.38068573620317875,0.0596264080230897,0.02438216333197685,0.3410823204940855,0.1157166267084088,0.20114368373408872,0.1504264064177887,0.29794911781223726
586,0.03992069265777876,0.07250008758163787,0.04813256249449625,0.05732719249287041,0.02739649853571911,0.19847687807251405,0.004573057841313075,0.0829637806183619,0.20108679336961482,0.29554161422645403,0.07492332318024314,0.0729268116254633,0.0917708068194752,0.2852456306576937,0.1992918794220694,0.40304158548769187,0.0311442070158919
587,0.16581342687270403,0.17982088167149174,0.3723668764594223,0.025222561204139467,0.002537845747901096,0.04526183457871536,0.002779794340515051,0.1244024899387674,0.040422548431089056,0.0632883373711026,0.052341845975944094,0.11460498652079833,0.3689778691313779,0.0563716610348181,0.04848252735927903,0.28243380782697125,0.38467103001628533
588,0.2751776411977345,0.07450283582066693,0.17066706596222947,0.024985613330534152,0.02837420779576723,0.4003152908817023,0.2692811428284621,0.052158578439771,0.1487477365772786,0.08130421618908466,0.20234482133413023,0.01605496041554448,0.05192594530659502,0.1781349136754009,0.04100055209539634,0.10347710952137167,0.2368166263970867
589,0.030309327845114805,0.3227093959916155,0.5236054229628748,0.16596752403482773,0.1042610037807786,0.3648983557110666,0.047609848243714094,0.033945968672464945,0.30640856581684317,0.3053280357030997,0.294361014524711,0.023705938176460415,0.051716182928850156,0.199699665295572,0.06854143707962837,0.09125268038831445,0.301719596626067
590,0.020563739674504693,0.13434519798368982,0.26317413205359474,0.009488848875987202,0.15748474063238202,0.05442895292386953,0.4055589631455902,0.004178365365121654,0.14488117572335538,0.0028907053206820316,0.05061168268403558,0.12322633176399593,0.23625000696804008,0.0016992221015032683,0.16633346473080202,0.3016058209183747,0.3054646469994246
591,0.026238381867107172,0.0938282402034254,0.20466838140818813,0.035175384702401016,0.12367579636262499,0.21831234623200274,0.04946302933415642,0.022168833050528556,0.03190136058801128,0.08638821058569907,0.05800796447267162,0.01712131992910052,0.28860895391258407,0.049407004956097136,0.3360099213671533,0.10832136805934142,0.10479954109098108
592,0.06376089743350422,0.300891036614277,0.39013133837280384,0.0641805697776685,0.202256159655643,0.32525718647785073,0.042657635816885406,0.042913125049625175,0.03730586813924076,0.06123573207691721,0.059243803059889584,0.004487601540535904,0.05421201679384942,0.06760102523388051,0.30809919680213116,0.32492307426505573,0.26846471081193973
593,0.02886846751131804,0.08435133926132193,0.03837894776104436,0.20925891902322738,0.033543586250277646,0.159605122271562,0.047108152955951776,0.2131263034318669,0.17971991517506503,0.2150136363822482,0.5402546561471471,0.11321729153878793,0.2993534799130746,0.11303850291512624,0.06673528749102543,0.28466664213880744,0.05138267677732254
594,0.045617557877997844,0.07722156151302352,0.14991805282998777,0.10966151335898235,0.31291775513206577,0.03552299051869099,0.12772159867925065,0.02715387660374079,0.0645973977391199,0.06010419136979165,0.05342985849731311,0.1335977604280358,0.06300261061828216,0.0484370296372106,0.09372579466713273,0.10741249112508848,0.08885308574973982
595,0.19289142081854202,0.410043509271532,0.05241771821446871,0.04806612923471917,0.004999404858800874,0.11569714179256231,0.10541258393808942,0.18782218535075446,0.14702090020810113,0.07721262828548335,0.07894585390885293,0.020124442231613263,0.08522377917765589,0.20698447585330515,0.06097828540222943,0.2741488195139165,0.23966698555908614
596,0.027722346207228035,0.37736326389285435,0.19398722550464853,0.17441993521412774,0.17011193451907292,0.045116734509671456,0.04419541065244786,0.0394639574324445,0.031362488073908824,0.04803760702053801,0.1077227899486771,0.1172534961497721,0.20614237485072523,0.047889992570617934,0.05213400647900301,0.05436867873820713,0.060787668951576924
597,0.13922360436068232,0.09041238371375038,0.19907055363562218,0.032020659688249145,0.12703859677849952,0.25665771906994644,0.38531681922311944,0.030149161934805224,0.04217996779209253,0.05242691362879818,0.20279669724693372,0.17398950327918383,0.05694044531960663,0.2007975210790952,0.31379934119073427,0.17479775016000818,0.2866801322591207
598,0.17587512074366932,0.09059313308029392,0.2602363904547206,0.0015245541550735627,0.030403374030391218,0.0684233768026639,0.11439274461142575,0.3089954751983923,0.03214031741273729,0.05926238867777679,0.006596293973853164,0.06625512399547549,0.05529357281262108,0.049561725871509026,0.11993263806790759,0.15418376868444433,0.006286822540041877
599,0.1390416401569685,0.45062909027240705,0.034291626644660816,0.04583704750406224,0.16618368671033132,0.043269183314563364,0.037351234648222716,0.06074290875429815,0.21694902187375187,0.05393437881475848,0.00649055452037966,0.01752706064645296,0.290741991521777,0.04894481623506872,0.1831047438228683,0.3570900004136238,0.028206407007007682
600,0.04295838225609041,0.0927758539311429,0.05233311527261128,0.00640072414740007,0.04623231271328648,0.06799603191246407,0.021815168600590143,0.12280146193729333,0.26555243688661306,0.025261386258645185,0.219392468884059,0.02241680521425566,0.11245616032730547,0.09433534568583443,0.049340187468046366,0.020730415870238,0.31936503574341873
601,0.06456217463523466,0.08145302664596826,0.18096279030091073,0.03617860139559373,0.02142337670193554,0.12572228111765898,0.04096560688032213,0.22338159316514475,0.1611118100653969,0.05324037790026773,0.05393835626722933,0.0,0.28326518185391797,0.08091149319526528,0.31897853490258576,0.05110486377979808,0.022567138626211347
602,0.0011511766974695897,0.32992612127900134,0.0,0.03199707864781155,0.15232173002052612,0.2020596390625946,0.1849885546058011,0.03781436699726038,0.005901571531799535,0.5176412102893527,0.10398192565860505,0.1943823742875286,0.046998306672745085,0.053870103148290716,0.2358179717617199,0.07334664798666389,0.5287984288854172
603,0.21437520507703797,0.08416427163776402,0.017480437246726363,0.22538194325773656,0.25440125297456495,0.03358266707210167,0.052697686741426136,0.0342637762353735,0.03886948901801796,0.05831937530676985,0.26348194863942315,0.03042406181341638,0.08336574769306673,0.004894256850774984,0.05044172162030125,0.28341659912516787,0.004655172940412715
604,0.15913216901740593,0.0890830100539172,0.13795412805648835,0.033451652590489725,0.40646879906948935,0.049689073454901,0.3713891980304493,0.18589020631840666,0.020561147780445016,0.23522918836658635,0.07978955294500738,0.08926141691116035,0.30289155401904766,0.05421753376539057,0.05225966614258263,0.07449077263640683,0.06601554271479741
605,0.024528015668649886,0.48099009423394856,0.030226723638386795,0.02480298569652945,0.03800009104579442,0.04691774904140411,0.0391812828213345,0.4841846093270504,0.02964404340656268,0.2847778906486385,0.11127240082499937,0.09525636170398884,0.05140932465344453,0.39460566897599797,0.19685183879499024,0.07132916328592151,0.2945424233208013
606,0.0930989033503998,0.40411612736117525,0.18107402472310752,0.11266338631403483,0.03607237239487251,0.24523512764435987,0.06169582083739034,0.03935015661476985,0.16601321702220623,0.08258034461738135,0.5590492171657454,0.07418496675087913,0.09365960498115422,0.2070570443350121,0.04884164579345305,0.10469216681573239,0.07258114701101945
607,0.19696031113962864,0.08499161546044419,0.06261200079531926,0.07814549238445205,0.16124574186167007,0.15740483949525225,0.07927526037554047,0.03482547050713235,0.11981837609170631,0.22048009493989743,0.06260931767104103,0.021224085593458127,0.4032599751546088,0.05228066238639603,0.07762672893329595,0.27526243204111084,0.32086397905024555
608,0.04398161080787868,0.07267982737287358,0.17430594369254906,0.12010634852821318,0.3690790982127398,0.039278329672045115,0.19040536319848755,0.003114276784745831,0.03128851303637683,0.15542086930774288,0.05940876577820586,0.2064351744034381,0.04645628998626591,0.4152743828849663,0.25705010906275216,0.08405436532173946,0.08045761312239552
609,0.050195964331428436,0.40914526531139145,0.03905715900957382,0.03118753497385248,0.07333344008507663,0.07098926213818965,0.002462844585064046,0.2987860619602953,0.04622680736536302,0.002460362419120329,0.21817524408106068,1.0,0.052265567145127034,0.3585439431520039,0.042844040322414366,0.30086068103596436,0.05276159031862781
610,0.028293447301415624,0.30743650619369145,0.3027084609007675,0.026766368066724572,0.029661343457094116,0.10100342889542886,0.25135328662561535,0.18825851094588453,0.09195731234178317,0.054814232978033006,0.07831096313746523,0.019801843239660517,0.214147609199125,0.05293481454603326,0.07142875149746868,0.6063719480239471,0.05693874558957814
611,0.15643767056834068,0.07874984510818374,0.4864506144800406,0.025001912964886477,0.18623793542636985,0.08019299540892968,0.03935578664365552,0.03284461111717162,0.15876681019235125,0.3071901837373916,0.3084438852628007,0.3083547714124681,0.05241840109557283,0.11465321787528725,0.2924902603462865,0.07520371602121412,0.07156835625631368
612,0.11591464277777504,0.562887833260261,0.03130916547101866,0.036799610196302304,0.03274533594481143,0.045270803696964595,0.05185279808266005,0.004774413240543222,0.05094389006315135,0.0614093001189706,0.029948747596207644,0.04569373137860691,0.05018792817392347,0.5668562959457654,0.18046995495383203,0.003470710601597077,0.08223276998976514
613,0.11434743734843433,0.09059290084767092,0.4868830223929948,0.034571189750456234,0.031749320047536535,0.005514612213390999,0.002342120718004792,0.00017715405569147864,0.14071484812608778,0.07379998084207716,0.07364203188308162,0.16228734958622273,0.24393067119551462,0.06046634765374071,0.04274532616099051,0.41920970765533944,0.05703261891505781
614,0.3255768255745705,0.07704433387992773,0.07540056623460585,0.4588104060764083,0.16260753530236383,0.03401717148400656,0.04052669452397098,0.04603090842664251,0.043949883735541755,0.05950644287868574,0.2119554016314174,,0.05413723120862495,0.07022204603211224,0.09313225828118071,0.23884441507513207,0.2806399247158986
615,0.03400998970805207,0.3184385040085038,0.21222860390339676,0.15588970299618354,0.029035659594105985,0.04750094623801529,0.03832266155665597,0.044439271195204064,0.03156693025254949,0.09307741794375102,0.09206407464860804,,0.18035722180260727,0.24658217444010277,0.09142419346950134,0.24362525978197686,0.5307767535777991
616,0.03184588320598785,0.1416650251816057,0.19160854579448552,0.03804257060423915,0.040180963963797243,0.7594821667041377,0.09892532769416962,0.03003588237853324,0.028570649221296374,0.10555015896118708,0.24106417993966275,,0.09201181879398691,0.04941783856483095,0.05692358818767495,0.05940025944029808,0.06207919524333793
617,0.10850332161929191,0.3798668477641758,0.12997266572439758,0.12233870608118064,0.13254864217234727,0.25312058855331376,0.05015157730057406,0.10142227654454938,0.3634978684348302,0.1767363240586344,0.3071097385077942,,0.08699410066708176,0.15968765689045245,0.00622123418885205,0.08565685146306777,0.35436595751378724
618,0.10870229587575544,0.08818769802642155,0.033363333724204955,0.12231355869443655,0.34816824887063325,0.05837956783148198,0.08141795879281166,0.08324494834725538,0.13086637036736293,0.006108797514833151,0.05578821501034122,,0.12886394229666673,0.4398311204956562,0.0,0.6198512350453774,0.3881925648406477
619,0.02850920559425625,0.07658887606088853,0.06402008671111206,0.06611232808178552,0.16127648766379402,0.054122956306892026,0.1138009817299256,0.20904313077772543,0.030543704406251235,0.06762575022628123,0.45674757032966073,,0.05868723431418011,0.002745614652265365,0.015318425944437605,0.3833101763420089,0.10701240833047024
620,0.03918864813795076,0.5085337854851185,0.28360127950825653,0.11918147889265472,0.032904738393419425,0.05623077821337525,0.07256996650269197,0.034252357358386554,0.1478668691144169,0.07354704946547706,0.06061232164469717,,0.09825606364000442,0.05073342614055846,0.24521974006685385,0.33444747969526384,0.28329317591114256
621,0.046894768110032986,0.08814044392711744,0.036653406448514614,0.0025211126537019227,0.04054446933263644,0.7092753991746739,0.04558245071106956,0.17228883038400183,0.034656915452468254,0.01730831412790581,0.017728181278616608,,0.2139123968209386,0.006268153668416972,0.08711754243222138,0.07708026618473417,0.3039007575045425
622,0.028052397704318055,0.08052340969337177,0.38970603760740713,0.02603082886367955,0.17129161523867373,0.011448401965138338,0.18650187519507685,0.033189953427065474,0.14108665599455378,0.0790512621121907,0.24895270362645175,,0.0733854287391264,0.3278258656848049,0.027039169830832224,0.31102463235858585,0.05804236695609664
623,0.06903106061606172,0.36511228605433876,0.0841179750690115,0.11555389453457086,0.10250357085013428,0.341792922567777,0.0038344763339425276,0.04879677334504289,0.030811319702878606,0.05535541628400019,0.2577445949377222,,0.3214362809250405,0.15641316977933423,0.3977946098944036,0.08069320063432439,0.21919508525787815
624,0.030191777712017996,0.003694855824484023,0.05568277786693032,0.0315784727870278,0.1049856841314876,0.28725662504945476,0.10010258959911228,0.03040606450145166,0.03596483119406434,0.08116835276323545,0.33987477787070913,,0.3823675452120799,0.09769278842953781,0.20313658577069085,0.370808253786137,0.07057391862425079
625,0.16228120305282057,0.08168326697972114,0.16661437004275012,0.14687716402566328,0.02841797513822122,0.05333961577815822,0.06520006744727942,0.031055693777792322,0.19273956258016414,0.05754044386142677,0.08094223543326871,,0.05241001783831847,0.09006442632193623,0.04854020216859262,0.06079417985982909,0.2928913916095757
626,0.28836921585232467,0.09220776890280195,0.217739629185934,0.02149209024801131,0.15492988645382613,0.2723982137651929,0.04413115964323727,0.140480448810602,0.1172357760110823,0.023974278773939504,0.18727998701908508,,0.4100797171825945,0.28360724100400886,0.1358645240011374,0.22649476647866135,0.06545770296408421
627,0.03844818178991989,0.560939673195473,0.04259578328334844,0.030553326134265396,0.43758892401285904,0.04358666889060461,0.2047415259726713,0.060841445923717076,0.034844764833391,0.3553593071208639,0.11117426676865774,,0.26309689949067505,0.05313741052715807,0.2544879204040203,0.05865979788192921,0.28120274699207826
628,0.13308634627109742,0.07265839589733393,0.1559807387735387,0.026242581126844057,0.05119100894705431,0.48275988651825485,0.005943745642458541,0.05391948975491755,0.0518696970563226,0.06446183578470856,0.19893156458226244,,0.12587070295037867,0.006374759990115562,0.007066327991613746,0.5099380458808727,0.3143051987634567
629,0.0028136455769264945,0.07026384672310358,0.7013206364129336,0.023725199458581994,0.1617998729835406,0.0698869610564652,0.05367744304647781,0.14109844196631155,0.19734885004658262,0.08665236858975055,0.13882773048004327,,0.057363803698005804,0.07932665389749187,0.047834343303305694,0.010142644520306224,0.07138727302638062
630,0.14134581260473403,0.07367312228618815,0.24488673041471026,0.049596309808565976,0.02546585355830583,0.21233540333656375,0.007421221197665646,0.03150778567933485,0.11315493410110286,0.210167384791778,0.2997402780760749,,0.40352845579644586,0.0871440793590839,0.21783941634487894,0.0745685432175318,0.17763260937366573
631,0.027661504895846404,0.3155177298016784,0.03580618455401078,0.10694545557905119,0.32876152160704636,0.006996985580017737,0.0015777065911181769,0.1427631448005917,0.031555467853022816,0.05754089179077207,0.05206455773354657,,0.05929782237723154,0.20991677741637724,0.1982096315309786,0.055070547770874265,0.1061462250035301
632,0.033155774507399725,0.09604081085308756,0.021505666970227523,0.12141236882355472,0.12057611917428465,0.023603169903462836,0.09035434925715356,0.2799084389268123,0.03154855228715654,0.03810816276154722,0.0395103542985492,,0.21085146270470786,0.16951254530373355,0.26506537763844096,0.2622649372035764,0.28266586259381676
633,0.32208961123105373,0.4056992693262818,0.03563528215021025,0.03492701966942414,0.028177354365415498,0.2860252171492623,0.06332964140025744,0.05387635239914014,0.21760738577859898,0.03056161717820164,0.056806810567639435,,0.05959178715457946,0.19852090322395297,0.3437693961186436,0.07115919355598661,0.06497903459340701
634,0.03176556005160236,0.07013964738758102,0.14263251816188136,0.034973744828688466,0.046090987362412454,0.0015628105787522041,0.04104683016361012,0.03408790659615544,0.15039048292952745,0.05772221395813815,0.22323257960539336,,0.29624476720177173,0.05454336838960443,0.04501638430940372,0.26606967919093777,0.2490378851434497
635,0.11585233513398864,0.591772834808931,0.07905031876503317,0.039245084090488894,0.23611532536967803,0.2059511744320004,0.16348798223053534,0.2563564491522472,0.026549999679840147,0.08811730778437285,0.11729901240175623,,0.09358941822808911,0.047327190849762155,0.22663946225634696,0.09802319320210223,0.05228798280503499
636,0.03117133788329534,0.0943101241307689,0.5338328395858057,0.05339691438008166,0.12145623491199345,0.03959668451737044,0.04739345302246247,0.03640502825573174,0.05174356986438131,0.07278781695937753,0.2450286521081626,,0.06272475037548769,0.22541600186296967,0.04150591098132654,0.07310924939926186,0.22141586205601158
637,0.28467873257461196,0.07986018653634197,0.21579833824519845,0.11376816923072423,0.027577791734289654,0.09755202152109993,0.07442914275200214,0.04874316255223593,0.018226396699152266,0.1469971092915981,0.0460166157957883,,0.1864910609429472,0.20812644543732334,0.19283924613389855,0.30519099960817697,0.30613406823604683
638,0.02947515935481915,0.4126484757811039,0.4439850626272772,0.09882282269019195,0.1326175216620048,0.06858234037328648,0.18454652765632706,0.0016230997439373178,0.2301162156420003,0.00920810031060556,0.003134597435154602,,0.04408156612803485,0.04960560090041346,0.07249920328587944,0.4027080875647734,0.2776674380360571
639,0.03133395962088531,0.09698091858725277,0.03113027887582819,0.12759553494957243,0.027884438920507702,0.286237839191582,0.0073164769446610435,0.42261546150119367,0.06982631143243366,0.04855897315470714,0.0019674343653424517,,0.09253108672171603,0.04930737661979394,0.06533919671419917,0.07484306774392128,0.06260186766873684
640,0.16354701137025104,0.06689176368422566,0.05234347650030955,0.029818422858333027,0.16696571433868646,0.3552294095129548,0.03827318899551882,0.19110857542383203,0.305303740402034,0.6044341644631366,0.02265230123774738,,0.22746312542401528,0.2737063539035364,0.3753644112129465,0.019229999350428705,0.12698316973992194
641,0.029532288115287225,0.07808079179181278,0.06631760892500183,0.027531665317973224,0.1318673246091568,0.037313671192837294,0.005645514471109278,0.0648990710404028,0.030676966487746787,0.06067067739202685,0.07129259886086736,,0.05751316773250326,0.05213825868200845,0.04258296479036749,0.051651226861294856,0.050292977144421054
642,0.02595021845001071,0.2426721837598002,0.03605334588435375,0.2895196545407348,0.23372344078045434,0.10033261142812405,0.008458958543791414,0.2407917798866877,0.5703483439470611,0.12654564176107672,0.07265596641261322,,0.10273747266974953,0.35195238112671423,0.04766730078442806,0.27631938170918435,0.08487634497787165
643,0.03235478360805153,0.08180524454216305,0.04155684921083951,0.029995962201975583,0.24319056265543615,0.20322090172933935,0.06537488803150188,0.002640976365024869,0.01131402352988052,0.007465230262531686,0.05384495350627429,,0.45724553100821946,0.04913301499561706,0.1135538133954925,0.04545545515930484,0.13289289528806936
644,0.436242582379439,0.09365368955102364,0.06099634645131228,0.03428627737606567,0.1894998368486,0.05310886699849073,0.0077772130170008615,0.09186138851451427,0.14439695046616716,0.05793648130052376,0.5041102289923536,,0.052273426914406354,0.36119421273357205,0.14058602897775394,0.36851766732901803,0.9294098364148374
645,0.0264237768606643,0.37686804033266125,0.2821653773879487,0.1271375978172957,0.02987793365635669,0.25213712128745397,0.6023061634137304,0.032806402590764956,0.04030659757763088,0.07815773349199284,0.26263107315553763,,0.046779363132489565,0.3097201055881281,0.04590965336516074,0.295620478964536,0.25580867217953934
646,0.0002767440078802208,0.07841911291663174,0.03689595481225452,0.13075832401330081,0.1246070204735261,0.4427448222154975,0.05969316584107886,0.21140326659546882,0.14733415242859726,0.046257882066856514,0.05891733578758336,,0.48472525810654193,0.0052966046209443505,0.25735115552138565,0.06717232251286259,0.16453545450127638
647,0.001856313436430332,0.5576803072749159,0.1984390211067717,0.02738778485454836,0.04989479252140911,0.035530670347377856,0.01656165054498388,0.002024988827520725,0.031836048233019484,0.09285306720487098,0.3289848654461128,,0.05184351774196243,0.05077953946100041,0.1523489924960776,0.4083334362734114,0.2716891175726261
648,0.21855795641066372,0.07087802112984289,0.09733084910225129,0.11726081574333092,0.21894653399121286,0.00645640786180209,0.04091143775163625,0.1871890908113513,0.03995689112082574,0.0813315939379536,0.02609898147791229,,0.0540832586882728,0.23454530006480134,0.11633046883390236,0.2865805192274238,0.2727651045424198
649,0.03003630932698147,0.09020909773207023,0.2537765448724576,0.027402668171385907,0.15450636617263538,0.3302951765271782,0.2232915164588122,0.06791619149453235,0.03234878391449119,0.007185860572030039,0.2502440446346978,,0.25958575678880774,0.07037600351719434,0.18865728035292897,0.06663232660682292,0.08356064872973025
650,0.026923465098438123,0.37790719782453625,0.033995616362881544,0.022256289681251765,0.1621031215539966,0.002178169311563679,0.05567682428129599,0.0023002556180761902,0.13775676289760097,0.048011687472859055,0.09334824357077012,,0.05794328525304665,0.281671541636732,0.04979872081290074,0.007647837569800258,0.33317082282205124
651,0.08091889645565728,0.07445933223599271,0.03683690568280504,0.16864611584787445,0.40501244205511305,0.19863618232973096,0.19126982217329866,0.02578370769926797,0.15694616290029834,0.05365659698290069,0.27419089140472297,,0.09884466264424657,0.052777584277706284,0.2772262255400793,0.21933510769222017,0.01418202575403044
652,0.03756526655724827,0.5654635668916466,0.23504429979746255,0.13972164434019996,0.0351254766307729,0.04145703121057156,0.051268175414370856,0.05638311205237795,0.034400621515240364,0.06030580212360155,0.26222627135937937,,0.15653808808077624,0.4064409849143098,0.05583046856048742,0.05631044944340589,0.28806920709296513
653,0.05455282167700378,0.0805851598026224,0.048440856193985866,0.0327948941939242,0.313002538210213,0.06868120143949341,0.017517852332463432,0.05371202339269561,0.043736733929930015,0.07234825651021666,0.21438296403880255,,0.14605800254737006,0.00437998540747262,0.06538228159954082,0.07897105214953869,0.056571672863795774
654,0.11060995038706828,0.08844331110761852,0.18685102525322994,0.00227647390112768,0.05286385085756686,0.2752295916829456,0.04088623991650506,0.032184423882183684,0.04917011962837868,0.05401645352992442,0.05369033325345206,,0.30200930800366055,0.24049924626338381,0.19217880730014994,0.37697301756839946,0.2722702934662859
655,0.0017859605366894922,0.33400660314405556,0.38172668907542084,0.0017178319020407025,0.12102670966607176,0.05337459163262266,0.24044862286008165,0.2119859959860871,0.23369375193279718,0.11299697347640639,0.073486423591726,,0.05333927699631436,0.051172212388347446,0.04518674235048734,0.06157709120334697,0.08352949488224586
656,0.011267250724650986,0.08037149567882772,0.17235353618501023,0.15562454489569505,0.144751590821666,0.038897514479813884,0.24132488020924941,0.1655814746350975,0.03259749184977882,0.05373916569827972,0.08058333704441589,,0.07378156064830736,0.3149484566770343,0.49492970379487666,0.09114564510618435,0.5756736380816176
657,0.06790173540159908,0.09682191343517928,0.028056435905894402,0.0017800329559715523,0.030140701357251307,0.006029414408186862,0.05117029004634582,0.04315262821002765,0.04651774395411405,0.05099028981302867,0.06461655013462003,,0.2519506418317421,0.051389603248385346,0.05275696804136397,0.30813114392463886,0.4025979566040186
658,0.029518338283103105,0.4837667862930754,0.25644716983164256,0.032210707525019235,0.003494993286884057,0.24735563696069235,0.0016866594224596552,0.3043643697342983,0.13424033843875377,0.4017291485517877,0.05220021859675553,,0.0541789999841636,0.4108028259588311,0.2557361765194843,0.06241493694599646,0.3218303214840491
659,0.15586572285102207,0.08318219327152152,0.19858674434812473,0.030947401806330575,0.026320011058953003,0.03736747622007101,0.055280456591706724,0.05050914373159627,0.034451027047810834,0.060837136133722866,0.08670623764956399,,0.3595744222587299,0.0476531453985363,0.1394404589526461,0.23680480652820282,0.05623698884731218
660,0.27330377996276556,0.0196298067660138,0.03443981332644052,0.014079979532970698,0.33435255098588706,0.045425100828463065,0.06786232490335395,0.07483678834082176,0.05940348398724938,0.025043798306790883,0.06425175622332298,,0.21400690947853548,0.2512302939499067,0.26985924942566736,0.32740618430555385,0.6030497287561661
661,0.16957641294695155,0.07523540303179731,0.2517582878754988,0.002601505259679915,0.002940919290626735,0.3150007242491303,0.036747370839590406,0.29130161254869225,0.07164912328026996,0.054305086683095805,0.04080227798054725,,0.05316255951503732,0.1374488158523121,0.1268572490674966,0.17349821236182175,0.08542368623871521
662,0.2718221820821906,0.3030778880162692,0.03170403210364821,0.042245623004083785,0.02804193567140861,0.12537645719971655,0.09435897934884202,0.3386524987765146,0.004200132895537382,0.1100388918544342,0.12523099480596545,,0.2101858803691514,0.21860249606808071,0.18633357793786173,0.23703482154099118,0.07109436392641146
663,0.12279631608663834,0.5000929421616213,0.038611297022346114,0.027490864415692175,0.4155628223810684,0.2845261564916024,0.005873443835746129,0.03704324576673168,0.16652291229044033,0.0776679638549084,0.06478015869583546,,0.15464742363135361,0.04869691007259895,0.049911176369421224,0.05248761787578515,0.30294909859636526
664,0.02691744842151625,0.08954967623611075,0.1337280104861813,0.0018300457403390934,0.0033477972190710747,0.30594942937983705,0.07562239115947769,0.036807640004103075,0.047122182698239985,0.06643752591936783,0.04554045010511393,,0.23264479223862375,0.3713639383625284,0.42136174833840245,0.28285307266755866,0.3195532986373319
665,0.2862912151671861,0.07243229096358954,0.15169451039861193,0.0057434280365946866,0.1153983926182458,0.31260150842100426,0.05634964992166621,0.5392659627654361,0.04889493586164271,0.09438699490087515,0.07210416146649105,,0.0510318620045102,0.22623128470747284,0.24969289562876967,0.007372381552263871,0.0731505485055189
666,0.06354364497034498,0.40367467850739647,0.2455504862004049,0.1506682406040607,0.02903859136813158,0.2705257408361259,0.04238797693431254,1.0,0.1514714720099661,0.3063948092266865,0.20077788790773674,,0.1340774156816572,0.04962312254316612,0.0839462825025774,0.07610111785122707,0.34086586567249005
667,0.31388949719315856,0.30987609511389497,0.037985615467824266,0.002046980004006691,0.3078236527059001,0.03875383492049252,0.0041331975038826005,0.04951297741508284,0.032257692911314625,0.10620384011275777,0.04957468521479889,,0.2945575971734305,0.29331999029198785,0.24359607223716837,0.9667345706017716,0.31097963677520474
668,0.0492849819769462,0.08307503454517019,0.1926801634692848,0.029169102533229224,0.17825398290689312,0.10977004279193148,0.05351072380087899,0.03193641116586672,0.04414363592019735,0.2748855879449618,0.04167670250499211,,0.09671200776486938,0.04870311993299336,0.04730537191025845,0.046313765471574356,0.28280765800460766
669,0.030350307318935225,0.07180487490037699,0.060824899029760994,0.03139862485267934,0.14370869199573058,0.04872039381085836,0.31261751612966554,0.20889324292461736,0.17421162229568302,0.10142561423339667,0.06202522907721904,,0.20794646723432356,0.00271370661261379,0.11721501586322365,0.08081131091105687,0.10579153075551014
670,0.035703083254832256,0.31299628812981706,0.2964504883274386,0.032030719591679094,0.04272134896973596,0.11368382835416056,0.04556173917461301,0.03141482327206035,0.025911810064345717,0.25081787353878754,0.3840756600260149,,0.053201540285150416,0.06289196062744723,0.09955493437668188,0.23461655819522695,0.04376497194094546
671,0.19048368364726773,0.37035199976970834,0.34226524086114835,0.023958435069203195,0.2058588108555797,0.3932882155252263,0.18123191421597692,0.16899113864369475,0.029835888870221667,0.07261172023490793,0.053331162544913206,,0.09079811817655664,0.08662608408680733,0.04866708399386329,0.053872391426291674,0.2820824803792068
672,0.028187721220486486,0.10900373156160417,0.11192886431946605,0.029257286274905328,0.0599976934430801,0.08240149846420493,0.18256125287660327,0.0315868561784005,0.04253864895876978,0.0973346174377921,0.4501352391903808,,0.30336735894335143,0.12747383123737382,0.0789653769348625,0.2630809944352412,0.1718188290483055
673,0.20985245998367333,0.6569649439395304,0.3376441206802295,0.07932704205601192,0.03312366610307973,0.14881757985177246,0.043833667769797906,0.13602475974908243,0.046190920459888,0.06383925690935455,0.003205884169786211,,0.10850877925020942,0.24898948573258636,0.21765057061671766,0.01686048492513515,0.28061472447864866
674,0.038114854612172976,0.08540257335732299,0.37884678449250664,0.029114696232783666,0.1178270655388186,0.00856129497247921,0.0010665278138527786,0.0728258462954985,0.031310633003363945,0.074720119955805,0.06544849192585146,,0.2077926023837632,0.00327639071143716,0.13315094219790194,0.24763242981628364,0.17033137751549796
675,0.12433582326021313,0.08749339883551778,0.05747303253841166,0.17288129325872365,0.20269755914060614,0.034957195499553215,0.055551936157666834,0.1781398383855325,0.13192557593110854,0.10863419335769887,0.2089712900741952,,0.05462593462505808,0.049116522420774814,0.19452649445290116,0.05815652692267245,0.31109481203992395
676,0.04060713481301342,0.55727612740733,0.03626644946629921,0.0033856541517772298,0.02812457059800453,0.08877063143334556,0.10226452322380465,0.037771071036412425,0.22740318080300592,0.076049083669724,0.05007060846579015,,0.13220270414897123,0.29676475619328724,0.05506427338902356,0.33268140418661385,0.17006767239434178
677,0.11724689793597187,0.07983027979264573,0.25527125510194915,0.13096781769592467,0.22814567676486164,0.06599964173124945,0.006594085483356593,0.003003860931629437,0.019770531660568913,0.026324367304544894,0.04633464057302489,,0.13306118699258662,0.0586536676936836,0.304333058557615,0.05681233764009175,0.27774433599210524
678,0.2943373727819391,0.07797137440427171,0.04636380373202431,0.04122833572199021,0.11885914623072946,0.03952987519438122,0.04412755639826475,0.03556165816833119,0.0023375823495965678,0.09146785093376371,0.2553577977438588,,0.07325741785556202,0.28375961786399384,0.07386363637607374,0.32256538733615736,0.09841391389660605
679,0.029893446299371563,0.31839323139895753,0.20070546560478233,0.08570534209188979,0.03003436653918485,0.04257982895844223,0.01425291115331653,0.030264992752505725,0.04782139028808362,0.004914235085386526,0.10601059617859329,,0.2176364931527826,0.19248294270403135,0.17011133858453173,0.09098205400575958,0.5026509868578917
680,0.032705590190028506,0.12872242057060398,0.00569587174148813,0.07117598792720262,0.15475265303870156,0.22307939452616915,0.15997892478262776,0.03916882930388435,0.14641463865985632,0.047944054692853906,0.20633858612244416,,0.32437373924791557,0.05000199680398224,0.1889444948707304,0.26272823618745084,0.2919420589859916
681,0.17483913439020954,0.36708035670494316,0.18771944290960615,0.05798282803454724,0.030678715513966875,0.06672187132906952,0.1933883900622678,0.33850416077257023,0.05395669616219639,0.07517324851034385,0.10132030850728808,,0.049172230982616846,0.0013998833714364146,0.3412076169867756,0.22635190468481725,0.06483569130707507
682,0.16313069717457873,0.10325561232361746,0.009805919194354204,0.2348877872985544,0.02935820225752104,0.04121563734932211,0.1567931808020711,0.1971590138474327,0.1528103830952924,0.06133816041800368,0.021579676406786794,,0.07100956198586102,0.00026959009253543775,0.050884627606623614,0.3505502382715263,1.0
683,0.03709398106740599,0.11970204352012667,0.0774747619858871,0.11303361520047157,0.12377419713204371,0.1902052561880494,0.03910125966231285,0.08519912184448329,0.03857871256008322,0.07078946575169998,0.36464319626768404,,0.09269346951240565,0.0001263910882960994,0.29167709908772216,0.10372047854787021,0.13408491348670262
684,0.24427410436352862,0.08352377409080758,0.1448954395854765,0.2934897080611335,1.0,0.039049330972542234,0.004468327456406688,0.23385353776999188,0.07179166205827762,0.22545470392392514,0.03391021693027481,,0.3516034978366484,0.3622149657538879,0.11437458522537404,0.19172428194330318,0.2805770553217379
685,0.20438976559679398,0.0914574912063288,0.07499003212844611,0.43791823474284675,0.20352123076389095,0.04495051600928543,0.08923730204492596,0.22856339636786427,0.19313453482947393,0.06802786524691519,0.38713932408634233,,0.3959857680091031,0.048806834866778816,0.181725174053413,0.21043284805375592,0.3782532641464179
686,0.0005575796206062516,0.09121056698701063,0.1325496164412333,0.08937205706636471,0.049209624558917045,0.15106529415210088,0.009165270058163163,0.14268848706017043,0.24761142627010416,0.05205858164041408,0.13446454824911303,,0.23316391345969806,0.306581805578071,0.05092437530482845,0.051005065626401065,0.09153515795805922
687,0.0,0.3481053395542837,0.03520867123773092,0.03614336427005656,0.05522613652806749,0.5275161596725777,0.07125872908637297,0.09767885795358616,0.43168927122793543,0.26807302390876775,0.06312273886534735,,0.055554137721393476,0.051300347530700764,0.27442964019134836,0.08880319551012657,0.8411148659458918
688,0.02672998127708313,0.07998508154401107,0.2112456532398219,0.0018225040963919838,0.10294957153983446,0.03714639959697102,0.03632904323506592,0.1905106380372201,0.31363195836644153,0.29560334300914626,0.42105800104290836,,0.07514203782481525,0.4148059539271514,0.06109548105742647,0.2741139784284518,0.0338790535000596
689,0.02937021054691843,0.08742347986388183,0.16542538488299785,0.02964555777442475,0.02761523056056632,0.06495446815983477,0.054063808860483314,0.06178848834636788,0.027316355938454242,0.05721616349157316,0.2817495343083183,,0.09958130599627318,0.14794393839542114,0.07371878974789067,0.07285117438860945,0.12159887006808592
690,0.11151210833808879,0.3392743902575739,0.035552870412725715,0.025041909347459135,0.03750761707824789,0.35978101238690025,0.1416524829360582,0.03206260001575557,0.1779548389920786,0.09779833558860934,0.08961627412496997,,0.3531468154793762,0.3246844349970972,0.22724569608159703,0.257180140318282,0.2715079414488547
691,0.17769420300578817,0.07485502550304851,0.9848356746467003,0.001750424437516308,0.05197221863349851,0.033209556312049845,0.03526671158027717,0.18194560982011201,0.046644873315426424,0.07075760599600214,0.010681878094780134,,0.19665534311586463,0.05134216600751804,0.04400925664341326,0.06073061103196109,0.06549494472075397
692,0.027647441725539162,0.07417235842424819,0.16286849206953596,0.12330596856403378,0.21136951274408788,0.13268205876242423,0.04151885577096927,0.06305644102828155,0.11930764047999295,0.05584882347058681,0.0819298736757909,,0.07238407905949981,0.22660305313907472,0.0579133333282509,0.26655911004356464,0.5125048176360315
693,0.2772340209450755,0.4139632681220988,0.05502698640264109,0.02787713575855456,0.02930914162241099,0.3297376052415621,0.05173483542197996,0.032331819216227124,0.03762899229108838,0.07821343386334091,0.07713593070727004,,0.31941979151154826,0.048130483188553834,0.20100150097363595,0.050371112226807305,0.07929914725394856
694,0.028190003587352876,0.07461257823871374,0.17900116456508752,0.10110166502835667,0.21444804291334416,0.15784816073070937,0.43798518819735216,0.2551978456546167,0.1711884565463224,0.4850600432051791,0.22147163942394263,,0.2278756704575589,0.2269434647826981,0.05005980814206919,0.06494658551237212,0.30021192385369866
695,0.11804662655299376,0.08688780486126466,0.034644792217660925,0.003642338490446469,0.06194393620421682,0.03859722654461768,0.049517015796500155,0.1488764313829518,0.04473881132235663,0.06540443900735592,0.003291891961241941,,0.05039815424677423,0.23540197176966257,0.07039938364330285,0.3010102790020326,0.3776467347803764
696,0.15420746669731222,0.4953034874337235,0.19064984975908614,0.02932566806347876,0.1234828598581448,0.043294943624603746,0.0036399470538497113,0.05343161876713466,0.11406738933510206,0.030107331646005563,0.04840762482065999,,0.01716617040976187,0.04857942416112893,0.18442103571645638,0.052914475508168766,0.016775267250080213
697,0.19576050112757318,0.07067713901929035,0.06769014553824462,0.00047848149689624957,0.12101171597869403,0.0032665929286577974,0.04972936046410714,0.2270803836364462,0.02974898232907904,0.06892554746173608,0.30744338525687304,,0.2698402495191093,0.6483500733298037,0.04676892989382922,0.24394419634891343,0.08046770196637301
698,0.026403349309329367,0.30518477804302097,0.30149572317736917,0.0005227595435117282,0.10969529517596671,0.20349281137753208,0.04104897366042778,0.05134153098484323,0.040726828422635905,0.0600694120397638,0.06430361994365465,,0.05663001908147659,0.05721585054444477,0.0726985589774755,0.09299833177131349,0.22774067996499145
699,0.041181172030744916,0.08385272600155369,0.06286082880115754,0.0005365376993554088,0.1267926390005298,0.04469832556454354,0.0015408890531898333,0.03243803989960939,0.3604311082112986,0.0554973294907315,0.5024425689460336,,0.055651871365371676,0.008777317046783042,0.06240009916407846,0.40192196127485136,0.32399808246326506
700,0.1803664480605168,0.09077663538694118,0.03118325222120472,0.033615758658551535,0.1888825556658351,0.1335740237543832,0.024379846516590645,0.004348172492047111,0.058132724367267394,0.2656955847410396,0.12239555735449092,,0.20725973812083207,0.6519142567710284,0.18955776963474735,0.4153026930846422,0.43162254216162105
701,0.20423372914815247,0.2260311663980011,0.03952475782834926,0.05272866413245903,0.03323716146814326,0.03892763743876408,0.03864861744934573,0.48007646840112816,0.18550264578862355,0.36924533406403054,0.21554555489628682,,0.22483539039660314,0.004504173167132255,0.11916152813009526,0.32653301607751845,0.06172580864642006
702,0.17481291975806573,0.0691968387660184,0.2974973500258692,0.03107047677908504,0.12256897425813972,0.003753572959461193,0.1648864021190422,0.08191253009261626,0.22540537063296331,0.011139712289579417,0.05176298317365042,,0.049865705294859966,0.0005072537773356539,0.1887375441654225,0.012607857099322817,0.35333491203333595
703,0.13496677092714676,0.15853728773464565,0.18579751238510486,0.14133151241955566,0.08128929574012589,0.0027491620985570938,0.09816420336579113,0.2048853621010225,0.11362956633221893,0.0955428258415586,0.07700839379068544,,0.08871722974661532,0.05094343402236233,0.055633543767275535,0.061295015976161035,0.6352254925081131
704,0.14013916416252373,0.08937643390952103,0.03185662918303239,0.15434514736856372,0.19187451473252917,0.052373081487606735,0.002912222633597276,0.04713681491526117,0.03114668219347395,0.4946779706557333,0.5401000897632844,,0.13964460594988568,0.03295920613322488,0.07064689571498621,0.07124898487938523,0.28755401001413367
705,0.04273342562396435,0.08697468667073535,0.19869531259417234,0.02617683742554241,0.027712904843275796,0.00370760818327536,0.106668197576216,0.0302720197395086,0.44438549201265265,0.09047246412015812,0.07447308509478999,,0.3767333740718393,0.0739826921966015,0.06824137990606871,0.45138819349102005,0.2863393729676563
706,0.0009039479122181934,0.07774479323416092,0.1775867583750253,0.03255876020364192,0.030286565109869917,0.39929193429694915,0.1966018459224445,0.07450871585723205,0.036723826460755525,0.5411254557719952,0.11805402367481141,,0.0483660220687611,0.0018237979138023789,0.043276558969695345,0.2538315025974489,0.31994798531152047
707,0.11363571753695635,0.3167001225246846,0.057739119921019634,0.0666056542124019,0.11589544027054853,0.03789428321780501,0.05334532263390876,,0.2336329879121337,0.05460597966172288,0.07476275090286962,,0.04787366026374765,0.6506538514932322,0.5089821940250192,0.0896251439479065,0.08841102591136284
708,0.12771451917380505,0.1164714217833397,0.5536894881368692,0.03149693357690436,0.05272730275610366,0.06738108661947116,0.05282866820360735,,0.1020928950043001,0.07663940768371683,0.016653771542958457,,0.24797466724112732,0.05101122549454213,0.05651503110246178,0.21345581166663422,0.06430321071346738
709,0.040728964510133255,0.3804527993846565,0.035573640060006136,0.17042469549314823,0.19481183248160144,0.06005058729270364,0.046505033112611865,,0.4768510815430738,0.06529973072316746,0.3070617283905764,,0.05110546093408135,0.05660888228197175,0.10064813537322466,0.04995855609269187,0.08657010904695923
710,0.2637923620669458,0.09130294366906024,0.19504727144343095,0.15197880554494733,0.0010373880498370349,0.2555807893508613,0.047466116135391846,,0.03370701204085065,0.061655533184530154,0.07776122288595629,,0.27270474539069417,0.48720128999344914,0.18517184317209637,0.5307879724493573,0.3576357072153497
711,0.029644575604075442,0.07241158956204409,0.037586397864118236,0.041926056334314864,0.21714055292643225,0.04255636718537713,0.2102607309796799,,0.08067684567492195,0.07951191710067887,0.27900830032189156,,0.21066572117915477,0.05738455321752395,0.053012092352982175,0.062250640940527256,0.08037302793464303
712,0.14024301107595566,0.3477579813667731,0.4163917471716212,0.0002314616989165559,0.2504287657672946,0.18696753613106165,0.22970795418179993,,0.12324761443943907,0.03915823581429552,0.0965765550247938,,0.05150387933673042,0.007494774604433503,0.21490590389599487,0.20871244104403486,0.33342541228954714
713,0.04856652742674521,0.01145175673420102,0.23224287280835512,0.026103993532576857,0.37230546958193017,0.4651350410270332,0.03830451494085058,,0.03483101526391808,0.05772033663813614,0.05592869560057956,,0.3396799885972517,0.002547641739654569,0.04577617365356336,0.04773073045282965,0.08952582227605707
714,0.20959237816699103,0.07358358091627415,0.030744382881849646,0.13352041203335646,0.03785174503200868,0.03611044389512118,0.07625691458851656,,0.04091006135134982,0.2935315636759926,0.20349416797276335,,0.06309388391974852,0.0004962116984748574,0.16055513327662202,0.32130775034754044,0.2030260681154727
715,0.20903122213389047,0.036379783729660324,0.21230904233438416,0.03671716000128435,0.033286151115242954,0.006560723410043825,0.06736108537990468,,0.1187473066382655,0.11958808317583083,0.2971129738684097,,0.1274768149828181,0.07956281314619278,0.04589490114020586,0.08535718540308433,0.2847358947101873
716,0.04360741108550201,0.07424594099117102,0.0480975497130644,0.12525936316676367,0.377922113421989,0.10708796347007553,0.0022753991587386104,,0.051131372558085385,0.24766040753486007,0.06521594742808597,,0.21282462204707758,0.30942591462711533,0.05559911091416481,0.2603037442078799,0.06645330020982664
717,0.1418655043788927,0.3313898951199786,0.05006084914505744,0.05633402980612731,0.027403659853437037,0.04446908714891347,0.055765867068524204,,0.03652972850249451,0.056923504330544245,0.4812777645579786,,0.05739498571139054,0.1564791378210427,0.010475597937318606,0.2971484953694444,0.29384769221825346
718,0.1207378043876818,0.3961989938525201,0.13250724971313838,0.04456314384515303,0.18337267261619766,0.002823327708864929,0.0729548397593565,,0.03258203129086743,0.1133323377489155,0.018041224530660288,,0.09689874310629432,0.19513491867030736,0.12411544892272697,0.14759294645719448,0.32921967118371676
719,0.16850985687331518,0.08384482368777693,0.036039012871208406,0.024706293431310575,0.15565484728406076,0.16636288275123481,0.041731390661731135,,0.14287557856838531,0.05853719405579683,0.3016315020139096,,0.13795070234076467,0.05450340197989582,0.22900190392370626,0.4358215660466528,0.29165727345423714
720,0.025498239153423544,0.1579619275121623,0.017418575325963286,0.002304477761609186,0.24769297148936084,0.09968725251676266,0.04468872465503682,,0.02826686403006573,0.06359612278679054,0.06875647601765919,,0.22796793466569923,0.07512859936325711,0.5106633703570724,0.2073825376808841,0.13260576108144959
721,0.30249590373399704,0.3380928869302785,0.03955250723274314,0.03957446443763934,0.02852280303301116,0.3478230883920655,0.0655189697843089,,0.03986209173095685,0.0507486079684814,0.0779346808961872,,0.051531093078103066,0.25590174510733693,0.2865355089827522,0.6865908350121164,0.05319220670423457
722,0.11467514765224171,0.1515784460805894,0.4885721476653415,0.030620422950733892,0.051989711192440245,0.4532193976938074,0.0704153116832643,,0.11749450773789348,0.12560710032373534,0.0677187023477656,,0.10266967753890564,0.2442191182049439,0.1870037566590819,0.1407905194236978,0.4586108517089913
723,0.027962191624732933,0.3440834018701327,0.650220940658052,0.02637165751586906,0.11575379610865578,0.22615485415850983,0.1841312259747814,,0.03186328186104498,0.06594277822811698,0.4997028489856137,,0.3012630272818449,0.20980993898509648,0.11272018873780076,0.09105136876997837,0.08110284509226943
724,0.05338166806987868,0.0809795916960929,0.2992936835628576,0.1415302690583378,0.005181109900814641,0.05175222788290428,0.06869455276854945,,0.04647296389477161,0.05627497917526822,0.005775310722222169,,0.3487825279214697,0.1717533933215445,0.5456764559598303,0.26895409056749614,0.0015693482547495011
725,0.1742289190678746,0.10650513366215755,0.13277326892091934,0.08570252184075879,0.02740036084123854,0.2918467715082407,0.04727121019442405,,0.14787456118097547,0.29669539309857396,0.06847913710731292,,0.04831112931156682,0.0034616823182566057,0.0033733136753219544,0.31919820659058684,0.33281354736253627
726,0.1092043885100966,0.3694220741814578,0.03233608937753501,0.3006900222576734,0.3146827175526883,0.04320206329397286,0.1557655033535307,,0.5151126781338583,0.1401549731267021,0.0627745444710959,,0.08974440482824791,0.36545168918098986,0.47839388647361025,0.2895064459869218,0.07192035076877117
727,0.2093550160985901,0.07808431023461813,0.2604602286642942,0.028032660568715204,0.030098386809490806,0.19025768949004457,0.03963514865948947,,0.18160608529782504,0.008248690453447203,0.21526756700336586,,0.11428142479678927,0.1276514087752099,0.050815848477749156,0.3982472215675963,0.05908658478760332
728,0.028782636903679912,0.03359484347625947,0.04889457670476283,0.031237209069674362,0.12094268827869552,0.0020902304023815124,0.004193951209299563,,0.11803806513181792,0.07375746185775248,0.21772660174902744,,0.05526627386083236,0.11510633624459733,0.22203273227792442,0.06952714344055705,0.22052841231759748
729,0.17660991345725421,0.07816965374501358,0.1322971806392122,0.0024227774185990227,0.10961563658379064,0.06716235623720339,0.08375135892351039,,0.16339126955118105,0.278836102836171,0.05040544378030256,,0.21756889704328827,0.0974773742938672,0.06152442896162565,0.07184281748828693,0.09012014912506132
730,0.2057930834052602,0.288753087994276,0.03217799907991824,0.061608113288460185,0.1383416687827345,0.04472304694561629,0.14890158746564283,,0.04273815983525162,0.05412981227854738,0.06762666325806592,,0.11276930518359132,0.10583712965952446,0.19927359320293173,0.2951863709820035,0.4978496374063984
731,0.026424753378707568,0.07969798144497672,0.26018229994817055,0.045005609377809064,0.03236110188651654,0.0042386154865132215,0.03796951463623799,,0.41111892195807215,0.09370912557299034,0.3034094231000373,,0.05962842362477043,0.10506322133967588,0.3028123747187985,0.3338226028640415,0.06089049817126439
732,0.0013257574280533748,0.08451727439401101,0.23412816267068084,0.11629378461267612,0.18559247719927444,0.31435545992563513,0.08095211508400542,,0.03802500256383008,0.0790630688763801,0.12299533451375202,,0.09730563864515063,0.003959811099078698,0.13286478329376938,0.007356006347820475,0.05397210979075056
733,0.049587572572355965,0.3095813763509613,0.047052461370937694,0.13134728957736652,0.1261032277790643,0.0017204552094445627,0.07426120000888159,,0.3747630063355351,0.19850461633638808,0.27506924269611127,,0.07195575551195442,0.31090487406344147,0.30554519946690656,0.3011346743367018,0.05537798414519764
734,0.17498740869745585,0.09208359491071885,0.28796390853988857,0.03735099727188625,0.028728379891081283,0.15109960517359997,0.10915733661140588,,0.21058288345566295,0.06642151955705389,0.060744153983281424,,0.2041336870127275,0.06217686185462086,0.10566963228902347,0.06162258380254589,0.42660724773817443
735,0.10659625672498658,0.07670191479657837,0.07010457883812155,0.20986400002617128,0.16593651628652809,0.03825259293261195,0.07754589591010201,,0.12468436394274918,0.07535979420215928,0.05488056362935122,,0.05106172524894633,0.0025104721148000303,0.19534678283200604,0.05642384868594999,0.07051306747041594
736,0.11164792332678847,0.3277755788774586,0.06159774017273487,0.0032616432890734143,0.17814849727960938,0.09242279433524184,0.06934260215479088,,0.06430270177095354,0.05592610931226177,0.2060175278937477,,0.09637070526559996,0.08091564751639155,0.0467458613820605,0.26269508963504284,0.1824031268211227
737,0.17836119508500936,0.07215650209642412,0.006196534743566107,0.050039702237078966,0.0008505100036955092,0.3827574832993212,0.0006338996036958661,,0.5034458909204761,0.23748464176142703,0.07620142976614727,,0.34266320465412714,0.0038984380800442925,0.10399958622831307,0.01686051541303357,0.2846332381003228
738,0.28122327780087364,0.06765955876402403,0.0312975816234226,0.13780365602956665,0.04807928217400073,0.04874769918286922,0.06165825479459073,,0.05762730254044636,0.18362203776527886,0.088015881959554,,0.06193248546509341,0.19706520328566576,0.04574837059783501,0.09159642646529256,0.0715338191393248
739,0.37353325828575196,0.34914874321747197,0.13583431034923574,0.030212929341260616,0.14793337862986455,0.10553591078252555,0.2884622283404293,,0.14385087085975448,0.0608518190822036,0.27009654202450467,,0.330095225113172,0.0524687592049223,0.22976454654714684,0.34974761975596586,0.4568361800052743
740,0.13883338372358775,0.3927412972352319,0.07913084980742652,0.00032778006888741905,0.035551969225122,0.10810226714068721,0.2033456846631121,,0.04479075520444259,0.06992558607569346,0.06450337992622994,,0.05521416638426651,0.12850357596564504,0.25506359093830483,0.3438567293265761,0.29125894420507253
741,0.09529240706003297,0.09385146416857273,0.14554093677260938,0.00044399357544484445,0.40411957843741386,0.04300382912917194,0.04026980190011975,,0.07050009312976627,0.39751219961401996,0.19730690323878314,,1.0,0.21731341171012455,0.04596730862638877,0.06900800333137472,0.2935938026663306
742,0.07242670843611045,0.07687754784163085,0.031159821320398056,0.014271922658064188,0.15566805258190683,0.38318191675616364,0.059427200620153976,,0.03166873569973219,0.05885835955376443,0.337609035571368,,0.053948505873851624,0.21827082071265347,0.09690897356670639,0.26868146497065815,0.18716630852477703
743,0.11791668135659597,0.47187503415102217,0.04279361589131741,0.15353967992574433,0.29845908099019774,0.1480345237412947,0.07352881063919305,,0.04537379580599674,0.2683386620567818,0.03671274842878401,,0.1851341240218974,0.05064683505242696,0.7755665571922418,0.30543585167123566,0.1732467104854147
744,0.03437613612446621,0.09203272000593642,0.38763296414697457,0.0018233983452590908,0.407712835669112,0.03896931855937259,0.011422719790399324,,0.15639601312993193,0.4407115787764785,0.27302781747191207,,0.11347151901556267,0.05504489591528711,0.1870129347130385,0.3181533465252011,0.3529902548763817
745,0.29682481852876635,0.3476395584415125,0.27983492324870074,0.03320931397670002,0.013381880220524764,0.0039484424723275876,0.004537806172498952,,0.04624174782774619,0.1081929753062397,0.05237480672993874,,0.06883960879357351,0.1491747752794537,0.08485829643904456,0.4589706118071819,0.016988615746809984
746,0.15216446237195927,0.0893057618114492,0.13932010372722797,0.13016671223200005,0.03698928481214304,0.08974779061232763,0.0011610287787291872,,0.1376196688927788,0.4030719020655804,0.06994961481872644,,0.27257275605643494,0.052420839359598015,0.23369630028155558,0.2943959206042652,0.33943163506317275
747,0.33237792104271946,0.0939340919739971,0.05568904657542985,0.056154997049159716,0.004006964374504603,0.03945806564402121,0.05630939837799429,,0.03284388731387804,0.46475195917326384,0.3106730928280623,,0.223545472498501,0.29593638675027367,0.051552274540710305,0.06739596315468553,0.07526361628111627
748,0.0023120937287377215,0.3177874084167402,0.7188002050717122,0.03832277019429555,0.09323395015561176,0.12105798004919295,0.21625280773234737,,0.052014432876530875,0.05637686562982947,0.276405382575024,,0.050615222570980334,0.05161100622126856,0.18147210403061378,0.09827755784845767,0.15425076933413182
749,0.027312282897480337,0.07790458676996131,0.21776120870905216,0.0012758805644224403,0.026763049711927327,0.03722635359544397,0.24660441834168767,,0.18390839547791485,0.13173881648555966,0.06337888824072108,,0.11852183338385897,0.0032452556649905126,0.07499744346293626,0.4195207614900467,0.19421889230783343
750,0.0006633012004486897,0.1388741293687852,0.17206989595922256,0.029668598086432935,0.14931798022137494,0.004274927199873177,0.18470087949033148,,0.11378612995369192,0.10246650634806803,0.24928616574924162,,0.04700002968731532,0.35112582116646296,0.24126333766073305,0.3229654082771916,0.19086854207745516
751,0.027143195951915316,0.29961627686244396,0.03688436696235892,0.04582532328812311,0.028867083161523612,0.041899050739971695,0.05038463606597812,,0.0324837399417613,0.1628620712855434,0.0818646754333302,,0.2615922030963875,0.22264521959152483,0.21693259613491858,0.28167452383389524,0.2711109879861092
752,0.05891056753943964,0.07856953420581576,0.03943935367462383,0.0025426166314925255,0.1485606197090117,0.31119228046461606,0.03839219349227476,,0.19077229715619407,0.012164629781223837,0.14228056973696374,,0.05090336662287486,0.05377075512944054,0.10856411252547574,0.06244038517404144,0.07540149135001539
753,0.22976382400176393,0.08712312050429598,0.40849133011448185,0.026377454203516882,0.052503770673080076,0.231359998095124,0.15862456657350105,,0.15606209779157304,0.06642690926033437,0.2775144853775875,,0.4345688094764,0.08905450816574025,0.026671085060543994,0.05911787222369367,0.4029607636762835
754,0.13389162243553196,0.394862193638036,0.0503601314792966,0.0023575703164234033,0.19943463296157612,0.037112209328677766,0.06041661168225082,,0.029942304043819614,0.07970594868280115,0.04250313556229055,,0.07671028519191705,0.18036028007223148,0.1861956510862666,0.05769200411259122,0.29082096747515823
755,0.09098601028482867,0.07468034671878038,0.08453690079619934,0.11564987767110828,0.029929565844033716,0.1032472752509275,0.011909608858872735,,0.009450544827936098,0.07860587331286521,0.2834450366947267,,0.3700523889081016,0.04960384695211999,0.04829556512741021,0.22876399314880871,0.06694854136308845
756,0.4380355307265045,0.06857053253957135,0.10217136515057015,0.0281019137336352,0.1478934477376514,0.03883169164420702,0.03804791981519678,,0.029156852667491004,0.052097068176997836,0.08144378341974216,,0.07452687675681086,0.17776946636011065,0.41354952382322274,0.283988495204374,0.15593047254643358
757,0.2999465178198443,0.3186205816769884,0.03020150279393904,0.0004622339022508894,0.19312144763537123,0.08965840155197166,0.5536054134436728,,0.182934852439321,0.32536978475835143,0.0833445514340557,,0.2910381478278394,0.06085779041869357,0.2474409060385426,0.34828317607275266,0.03670825235410102
758,0.26899251862803364,0.3147102503970808,0.13562847881430748,0.0010825049099614686,0.29361011142145266,0.03229516962290618,0.48272256054358564,,0.18791463379339302,0.3525211353572144,0.0038333402203517045,,0.08230039598580638,0.31217105926763183,0.050694161581155944,0.355218453366747,0.36148433427794346
759,0.029282226064453742,0.0745382158538837,0.08843431882653068,0.03453808924075748,0.3508162073654081,0.048105154284270535,0.052604937839277395,,0.07678471063521973,0.09772074640616732,0.14673219823303613,,0.12944545351827497,0.29767032761814904,0.05647009660074008,0.061235315029369956,0.056414324759962144
760,0.14588181671087053,0.21634520616940744,0.00459235697314259,0.03683513574263803,0.14347896511106112,0.19963081211601102,0.009835471405275738,,0.25763727812670373,0.06539129815231337,0.2636522977141462,,0.08583596215881924,0.005845880225764409,0.1417443832307875,0.5085221471599829,0.5114076085449927
761,0.0043692728251354925,0.35994140399586927,0.17576958204630375,0.02630299932603784,0.19871244214038228,0.0018117606512878556,0.06590533313673505,,0.04584457966765761,0.034369456866910224,0.10566271171760551,,0.06311818012947124,0.0396454593924335,0.05025671398329507,0.2971787427700364,0.013976340588298691
762,0.02676325035227245,0.09441852567550486,0.029021543450890495,0.10304960136850572,0.5401381044938944,0.2753148209782721,0.09359673564480403,,0.3614276725907061,0.05598453803829349,0.27210414393019583,,0.2358750012152555,0.05067842954666595,0.2598813318302825,0.07666279873445943,0.07148585702668064
763,0.19244369104854972,0.07365601183830203,0.04422490854039139,0.002243009918395513,0.048588099635154376,0.0227933299173876,0.054548416459115776,,0.04614122920408192,0.3162306739045768,0.3405223915821479,,0.379159771313259,0.26256442207686503,0.29320596445637875,0.2305514202299583,0.004664285968078422
764,0.1721072026009464,0.32158318000725816,0.09505407847447803,0.030538904365524328,0.1376798964324453,0.14068941983834252,0.10754324723185807,,0.12203289859009689,0.27581717119769605,0.06651734051802204,,0.405764557954779,0.05108541538804814,0.33865530911141634,0.31804098342370024,0.2915947017706037
765,0.00237377326952454,0.590098181819161,0.3673436565703935,0.20025846140757403,0.13805393208619024,0.03789487097490152,0.005285277893452382,,0.033252993287587865,0.056667706480612444,0.054708005285553765,,0.23457356305770194,0.05251229806378392,0.05928072339443462,0.5099673741882398,0.0722490768864438
766,0.3238220049024202,0.09189437173375095,0.38204015478839126,0.03037195469749517,0.4250385819205864,0.008140088085001133,0.035483554387617765,,0.055788285045348086,0.05999159079423635,0.31449193596524805,,0.05461070563809812,0.3343058139226689,0.31443780794923976,0.5219838152506296,0.31066380349250644
767,0.30593724396539435,0.10793308301593493,0.4242077727821561,0.026563941380308067,0.36715943014841096,0.28521815717823673,0.1815239294805332,,0.1753087925426715,0.05379462045300171,0.22782561610790633,,0.055745053748705156,0.0475198095928592,0.07898355059151307,0.05125373285283202,0.04948579773276741
768,0.12060456672688107,0.10030823412864907,0.17677526763373083,0.11473303644408428,0.038844920521102805,0.13864216373720376,0.003492204196899169,,0.12198909060559657,0.017917449100368948,0.0506467142208247,,0.3406321706323188,0.4304396499588658,0.18583865766111884,0.5515361378057018,0.31543474192078125
769,0.10575039070564321,0.16663725863201714,0.5281893081372083,0.039366833447656215,0.18523824196876507,0.0019564124646626775,0.00015569152668950826,,0.029042572884075555,0.19106356879445435,0.012433598910984165,,0.11360816758505496,0.7230548207697048,0.04528090733329811,0.07391277354695658,0.29956070159986603
770,0.06954753060473112,0.4358919486712451,0.03785877736330228,0.09401092266608681,0.051145687521954086,0.0474567356975281,0.020947614311459268,,0.004542184961071522,0.07317597708099884,0.06274946147431504,,0.05340035745144032,0.4130234817480248,0.406730996968737,0.06949781367765681,0.07016607424332937
771,0.09144756060759211,0.10102307206711877,0.04356078568777687,0.17226889515983246,0.2893736118465512,0.24018680043348295,0.0050751266896319645,,0.033174616350993016,0.007517721625720766,0.08631465021450162,,0.21245438520155696,0.07177664525039276,0.051026644652566254,0.27164005538569946,0.19340016064692528
772,0.1947924335534387,0.46649205657179293,0.09975632649427496,0.03503957552213845,0.09537873003877685,0.046781565095954734,0.20428389169971103,,0.1206002225162402,0.06865340843106173,0.05432823485746237,,0.25130551219969555,0.0842843712616827,0.01746141835354996,0.3317663729139411,0.10689271356736367
773,,0.10437720333249231,0.05362993309829808,0.025431216698853502,0.23334835188175823,0.1554121769814451,0.04445804748608862,,0.005377848394598982,0.03771559359678056,0.19557971485079473,,0.03733508104299165,0.20223216234462835,0.067490335661879,0.29456786455003847,0.2820910806097902
774,,0.07195843383810008,0.29084921171083256,0.1391730003635513,0.031127156866802785,0.2562537262783961,0.004568069614905442,,0.029663594573477378,0.0728729923476108,0.06042852559187162,,0.21190363069210247,0.09748340609875966,0.1705520155492127,0.37183032559871493,0.14709659046879642
775,,0.30824405137006994,0.17361182103967898,0.16837761006667326,0.20567612679827796,0.048542423178785064,0.17741524735184502,,0.1840771022034498,0.2683555389658411,0.32525483974363456,,0.0595123898617067,0.07570960563096524,0.09757845663463816,0.4960995071956413,0.08829321357719293
776,,0.4704224723154792,0.5771225119920064,0.15080747427493024,0.2510710800594224,0.8021041689801267,0.18334233576098094,,0.13051550248021773,0.3113451472015379,0.2564623488220081,,0.06701238727465694,0.23034520512211112,0.5938432685047182,0.30826991546830246,0.27287474844184634
777,,0.15369109933105382,0.4575027580466051,0.03735740097810566,0.0362561271308263,0.2965164104443984,0.03856571821185537,,0.03232326197893387,0.056701727222048505,0.2544765803829644,,0.20864165023885967,0.19645935509808693,0.04603997097331025,0.008065779066778557,0.07495676037787263
778,,0.1611895994085359,0.3025085374240165,0.21529259667985812,0.17976095257204605,0.051355188103548735,0.05379675850126074,,0.19347232226110897,0.14306468632313896,0.06977375103561069,,0.1639007482762444,0.04962029896013989,0.0937960609808437,0.4142166397528839,0.30653202276349945
779,,0.0812672325993546,0.07294528983968672,0.04249594488283223,0.1566302748000965,0.030428031185528063,0.07213458789666392,,0.33591990077440304,0.08074904425697306,0.10031345039165626,,0.08851587914326954,0.13548220201503083,0.059656432924144104,0.32036821054314285,0.3358954840092316
780,,0.31246158307939503,0.14355553896678178,0.033523126169070924,0.18973751305384157,0.07008693595775942,0.04141789422535018,,0.03179703352897286,0.10746013466651533,0.2452482449541745,,0.21183258974395014,0.05235390804061298,0.24251100943228146,0.1048313882228497,0.1024291127386967
781,,0.08236106038215797,0.24472311920650086,0.0022489017103376665,0.0529207909379902,0.021002920930014737,0.05739249065710647,,0.03390273385378345,0.11542102806284324,0.003305188101494875,,0.10360779893913757,0.23254022197102842,0.4357042452321125,0.02771672488682617,0.0655509232373313
782,,0.09301174636666543,0.029047489423566865,0.03551769160292256,0.1370028985425053,0.038223772556705136,0.20604717970798336,,0.1370437304123762,0.061734809411609116,0.31150418117158096,,0.14880726123925184,0.05179442568769329,0.0595848878827458,0.30090228066206864,0.08160567773361668
783,,0.3773241510887419,0.0511342822521484,0.008504051046674392,0.029629218720441212,0.4812913539124607,0.03496354600814777,,0.06314332545690453,0.026502181816924292,0.12230277277037513,,0.20712036195532982,0.05920225131544798,0.4542244678571718,0.29981823043679645,0.48013491816516446
784,,0.07947659786794789,0.11653231317816277,0.05577069823288098,0.040570364387570924,0.15753535038643096,0.0013168299091124522,,0.17549603222265991,0.06603158067632668,0.07750844084351037,,0.053967871277397564,0.36001332418670906,0.06368410794794034,0.027823028113976543,0.06622929937555058
785,,0.1184120191522227,0.17310180114347035,0.04133289431822521,0.1765067317600837,0.03820038961355433,0.0010260889495529101,,0.10152511155405264,0.6385486212997027,0.06308748520028179,,0.5589631215857933,0.35633361658653956,0.043210464718253884,0.05767339131400097,0.24356015471506867
786,,0.12343150332792406,0.3694431057958171,0.003564690461991264,0.1531952656448737,0.002786946878929005,0.04985206299834066,,0.11838831055549505,0.06283644642198076,0.003676939160825332,,0.09708389127440133,0.11309672001177429,0.2438433767491425,0.032266844689499495,0.060667473848271314
787,,0.07917304103055303,0.043153450293976936,0.02396425511930133,0.03314125092514968,0.051737585786563026,0.25653887515538887,,0.03491863669628926,0.05653921546502746,0.1128748434049755,,0.20837184906770317,0.22056659632824221,0.09819297703833056,0.41239670424472324,0.39118104952545024
788,,0.3440331305997497,0.08240435718082502,0.0012492065894824337,0.15141582810836532,0.24723690784332875,0.24506984094118456,,0.03585848426672587,0.10999750882663506,0.10008293677681733,,0.05379159125313154,0.26947603256316605,0.051332183590384425,0.0725012645393058,0.39370504428884173
789,,0.30005613652138247,0.11287969519341848,0.038132898676814776,0.11372417093749852,0.06449013226867288,0.04084558399771326,,0.01864189043452575,0.07824146812956376,0.5237958902719535,,0.05067140923278603,0.110163008008858,0.22760988522065093,0.24435364084067,0.3626857613966371
790,,0.07683466431781474,0.032810418255338716,0.10986269109245947,0.002302771047298592,0.07290580434748715,0.05659337454858302,,0.02724088161251698,0.061250280830722904,0.18281907782064372,,0.2272902401959781,0.29278337293355583,0.05801589249685518,0.06804265284778502,0.05782217511130749
791,,0.03278320117591238,0.17255672636414926,0.0018642632290448138,0.037519740463397365,0.23285559068116632,0.34992911626992146,,0.08112701669890024,0.15069232947075004,0.0611160439176915,,0.1814042661979441,0.05022251370171412,0.24816332906310978,0.27393593361539353,0.07615156293401479
792,,0.10327232077639222,0.20976599231865034,0.023421252381509525,0.11439346705093449,0.5109877307932503,0.15625012212199507,,0.09703392817286,0.11916782905042207,0.3419850377224197,,0.048635875265847214,0.7232874574984035,0.09237372929728203,0.06298716717053696,0.38150486229688707
793,,0.07395933027281922,0.062459668911319,0.05291681190817172,0.03996040549038996,0.06783273126166763,0.04302917301481759,,0.21133797568905688,0.5398564876681621,0.05417487471003403,,0.2841688456318544,0.049455619383743765,0.1886236385227586,0.3295425413962775,0.32960884599564955
794,,0.08605407659493253,0.1407678821342298,0.05018911793857517,0.03267777217781124,0.23998433845242614,0.059909657090267104,,0.028970998287285693,0.11735060655113676,0.2020535500236678,,0.20447714763172328,0.4744620619436396,0.04838107282896906,0.020135879077877394,0.2727928183699344
795,,0.10219019040935663,0.0765632170851068,0.0029209748971716835,0.03400061523619834,0.19387450922003122,0.2601277856188292,,0.018006277641766825,0.21628869452159485,0.22021704993526628,,0.5607959824927485,0.05280370582080642,0.06597390525463409,0.0771006586936254,0.10819319493880017
796,,0.07651999830938144,0.16231818965301334,0.0013798978537291936,0.11814911220944799,0.21635194092583132,0.09547711041894076,,0.16505222125077215,0.2333000995211116,0.3859684873297256,,0.07469175474842278,0.3974080233722891,0.18405530370221987,0.13980696071696,0.30508377569340034
797,,0.6456816240272985,0.25548540092686545,0.09882011652925626,0.12196917482951987,0.041769829808729904,0.1523348394363116,,0.030019059128461846,0.06308307253132596,0.2143341006201282,,0.10902207802858922,0.002836032947859328,0.051345276221778584,0.2971029504111238,0.2814159216677788
798,,0.0789178037742383,0.05492569819299107,0.0025408288986689237,0.302014378646235,0.003766854574170991,0.03910603751106497,,0.13059726077417438,0.035930063623878426,0.051358574204824446,,0.393897532198348,0.2766157977232863,0.25455666158006374,0.4224886574454395,0.037860793376562285
799,,0.06860953144788809,0.28799939360369997,0.028219753048701193,0.0331301427108006,0.06239324741073078,0.28454888249094945,,0.11785341681185242,0.10967182270117824,0.13141270503012656,,0.20902279400259696,0.05679966688197036,0.07116227039699423,0.39853072871221557,0.2824714441439887
800,,0.174668979242745,0.16402637645186002,0.029160502203473465,0.19938457778941907,0.062424872576557114,0.5075568106009024,,0.16283618338784078,0.06592070002626095,0.458629765660574,,0.054944818742041004,0.0058569136352845915,0.020259186636401395,0.07209406295925327,0.018843372924249292
801,,0.10240241611767348,0.2038211188035035,0.04380246955427637,0.1190481689650499,0.15558175803982852,0.05613368577262742,,0.042060906248372054,0.10138230130735255,0.26662617239747816,,0.34954639716312735,0.00996000347702651,0.05079983290086184,0.3635057766079111,0.08522713904266783
802,,0.0965241285028076,0.0472007176066955,0.024520494441526118,0.027939321686055604,0.08090889787825094,0.0383395176665081,,0.04517131372938237,0.039245470257310726,0.02166711947062736,,0.06291335734372173,0.08328475692417708,0.11157123533985092,0.0711263049291655,0.1795750878643963
803,,0.07654064543241419,0.03793107361200947,0.1526828602404749,0.16486501202135417,0.2722852284821374,0.05556495075410743,,0.04307037720290531,0.05866005383777607,0.26633932087091594,,0.05118205914582906,0.3044758607341598,0.055659484674555844,0.2898783514298571,0.055498810970968995
804,,0.14883271042214305,0.27726218409918085,0.025108137855974384,0.1351565902053879,0.15453256941416232,0.04240850090626351,,0.07407485087956922,0.05210783034256496,0.15956553774208854,,0.2543576789581794,0.051484680764136884,0.47003216551621324,0.3217653293964681,0.06405661924869432
805,,0.1108845027072309,0.21007266367396593,0.03331272124871117,0.4969335526153921,0.041828100899711576,0.0058124017981294775,,0.23081700313708747,0.07418518932529077,0.20875282619350916,,0.050544390409055555,0.3051552764039027,0.05856969289599713,0.10213978344493031,0.27890726035510727
806,,0.3730523823226406,0.0005028212847794901,0.038540984075456336,0.13825362204149977,0.16694345345840628,0.17111515040378897,,0.20414162487700638,0.09020891647750677,0.058681937234289244,,0.04312325687423001,0.38907957556107853,0.20656978962857223,0.14719097693514285,0.06155913190245494
807,,0.08883845052423844,0.45932029312192324,0.024381178963269044,0.002448221967905069,0.2337597907249067,0.05026317506966034,,0.03344972056174942,0.3048758868075443,0.0843994473141283,,0.31921654426794654,0.05027360725754257,0.10747152657608364,0.10751902549663564,0.2871874910908755
808,,0.3866392215361049,0.06747424330914051,0.10955957188090192,0.188739451808326,0.001957840266358878,0.1903530131840939,,0.04230409199015347,0.08266787460500728,0.054991208602386724,,0.05993680992299292,0.4470158025344325,0.056480152428785645,0.05999301771039692,0.04868546730030638
809,,0.08992011580471523,0.04699922515972421,0.05422710932136529,0.18706110790402228,0.005361479936240083,0.049767890407236594,,0.10424125512819751,0.36446761194373395,0.07176530006863818,,0.0941888311370952,0.00784607778308769,0.08559683457303735,0.25556321609956295,0.2819236942940567
810,,0.07464293193084982,0.041983687342696405,0.025859505329435227,0.043358715926285804,0.00022953576815351029,0.003570275925503223,,0.011512321123183756,0.0697924498528901,0.07217374885622375,,0.31941540594178647,0.00016557915055493688,0.34686722740513043,0.35957283625553915,0.18800706599064884
811,,0.30297107187531824,0.15309430654858344,0.14644320547908604,0.19021379830393167,0.12216306823130024,0.06856334077851653,,0.10192352124602488,0.10717331437829059,0.09691366259818239,,0.0754738692482445,0.05716022263637944,0.2980727296649421,0.2979347435055983,0.26834236481712315
812,,0.09288043724151741,0.03602192709600865,0.03218584304072646,0.3981058955669312,0.16335555526584208,0.07561843523949682,,0.052698673791576035,0.059351347018350556,0.08571566961572416,,0.0708414164401718,0.3340542728299982,0.30467349265590404,0.06021573289900549,0.08195402000322861
813,,0.23973793779986022,0.04222066855503816,0.053569950348792514,0.03686581296440098,0.0032684702913659755,0.037361996353684805,,0.0015806960370887886,0.20858999872365747,0.15511144466035098,,0.20899133674985917,0.052133023894576476,0.2046542866903202,0.07253390264781208,0.3173657842853407
814,,0.13873102206440635,0.04329876684522912,0.0286888118699086,0.17455941168874878,0.035042370945977834,0.0031742243043541957,,0.0,0.005036424076653954,0.096348707792846,,0.05627771418241343,0.44526635770709555,0.3131035403715617,0.24771993166738385,0.2976889277431197
815,,0.32665837460287617,0.19629263177844855,0.060442134730711305,0.1885065899798511,0.007460942148883825,0.04310233764885287,,0.1939704728774978,0.07632592388525317,0.11229976815534377,,0.08955321778242846,0.1970903853976668,0.2668433334041064,0.3352591527751137,0.07171153211522983
816,,0.07608558038005578,0.05990191884785528,0.04980706288563781,0.026834050416257204,0.004462749759696537,0.23479502061118124,,0.11457075554661467,0.07295315639593236,0.282618172935733,,0.08779436142651009,0.04991908948178463,0.21366427828150655,0.08479376774676242,0.23596104732208234
817,,0.11468968462332009,0.05158880353076101,0.055010687617902246,0.0022229496822857332,0.017210938460122588,0.15145553360763933,,0.03963799425422319,0.06818104057449896,0.21413483528875035,,0.05721367559185348,0.31894566277851827,0.04737535296760937,0.2742383000036237,0.609840133571569
818,,0.08723225782350776,0.004302751120026766,0.005336594242393867,0.0005410309424893427,0.014671245169268115,0.03799259703630783,,0.12977989440594473,0.4494644034555169,0.04967066834355258,,0.05401098111070554,0.04672045574079697,0.3382829118501945,0.565984227333789,0.2978136659698168
819,,0.07305194321622896,0.2838585836348725,0.05435058230508778,0.04173456673771932,0.006347585285581953,0.05482111523113525,,0.032994195093635104,0.8659983177541724,0.0903970952020141,,0.21831172444781025,0.2670659269090981,0.06449897522783786,0.07630407009474235,0.20862404423948241
820,,0.456520233057073,0.18818784324502827,0.057408992955727205,0.13354581443159338,0.0009606404189895944,0.07227714030958061,,0.04575916669927543,0.06255490392364259,0.6517122776625437,,0.33716990137191144,0.23014291414171792,0.18485394427231205,0.13653762905835864,0.010311681406837013
821,,0.45483986018391453,0.034547603968274936,0.0866342623584788,0.21932612122436446,0.0747240012706605,0.03597813305032501,,0.46072825494528524,0.014022500506974773,0.3541257288508199,,0.04885504936476559,0.04758901816853001,0.04712029158982661,0.01031388344080026,0.043384284223249824
822,,0.08768955494512584,0.19093389878248831,0.10880490570372359,0.0286970843668493,0.30652993977904486,0.23705766881734275,,0.12489448821840066,0.002158170505461709,0.08431177464291573,,0.2521527079578524,0.7877162123585522,0.08136023880348367,0.33349770669525564,0.2856816270374891
823,,0.07637749083064013,0.10311966010946626,0.023770618509852202,0.18345161762915493,0.04828177804478319,0.1696950052383305,,0.027981637148981484,0.08751207520464975,0.40496013902991546,,0.14101960404114539,0.04941637057720486,0.6339513625825746,0.04573268774993626,0.07751161616733847
824,,0.3341755049720097,0.2897779619288453,0.0005906940180965031,0.2223771016803754,0.06953879819237857,0.03854630717372543,,0.011099470804105092,0.06317969810831982,0.016092465965641733,,0.08897517810916365,0.26377142754612287,0.051475483809029055,0.40470193140546606,0.06176049612903363
825,,0.07620723948198678,0.0396637533336234,0.34683816329908,0.03327516971625117,0.15781230758633027,0.37079999943755837,,0.030444561220910923,0.051175860984763975,0.5472266892965658,,0.10469402169187192,0.3661089025514528,0.0767085078277115,0.10688016694821013,0.05297070254716073
826,,0.09637257136242079,0.11166222485155816,0.1845871732418759,0.4170945643716348,0.047875836827882996,0.16352578899768097,,0.18680575544988398,0.33177805181485626,0.04051826766686649,,0.29970514634782447,0.05053803641715156,0.2622518929235537,0.035060101582060445,0.33877478674700007
827,,0.3714990021569586,0.42454142129875305,0.025536723844484358,0.03392248002181388,0.06434765012977449,0.041267000768253674,,0.03618067362138672,0.06813156735520516,0.1328764554722496,,0.18373241727559503,0.05674803706400506,0.10002614419267689,0.4955950387495152,0.06553540308868806
828,,0.11135995834932226,0.033037350450182315,0.029971335641926642,0.15435074467111137,0.240772010813341,0.0029900626896236016,,0.07507650874257853,0.12686408836905214,0.08391806362006599,,0.3558135684768654,0.35814948555918547,0.19586908558063146,0.07013159112092436,0.3845553847774053
829,,0.12228635212451876,0.28401076272301573,0.21847157865940958,0.33049371125481913,0.0036741877672826755,0.0995097759436704,,0.11416072436686069,0.13015743393091567,0.05894887747308172,,0.20795871322325213,0.19903751855901247,0.048180792557427604,0.2918872131682061,0.3403907075882294
830,,0.07598144829637866,0.2376272380758974,0.023622111150996116,0.2919933063131675,0.039620808924774334,0.06849390252528782,,0.028013745123721956,0.04743910800272728,0.3919668454132332,,0.056215922600779594,0.05380275690247873,0.17946062281734657,0.3316569288091572,0.2751772075931295
831,,0.1018919034348144,0.27367937783416707,0.0005264019529601172,0.2278399105722111,0.06780871571959343,0.05932021753759362,,0.03707983959749879,0.2525989105549963,0.30233237010218444,,0.08635621947109481,0.28640596406130575,0.4520437217140205,0.3015933687767929,0.10000990535416518
832,,0.09374914971934596,0.03146208074204635,0.0,0.3087996173625629,0.2585669589195415,0.1849422435599947,,0.08385412079826962,0.05450153752253706,0.728108361178605,,0.30222469655276835,0.04799578425423414,0.08495396720447361,0.4463728860381911,0.08315380114494375
833,,0.09507820086973885,0.04500793661033061,0.18347972481869398,0.19940164147229156,0.049707591203503584,0.0027952633616669365,,0.05305709133376323,0.11754953481250455,0.00951953354544939,,0.05963612513787146,0.07715111319872303,0.06821638265350329,0.3051940195602566,0.22813784981443055
834,,0.3612525343347802,0.7486896550220515,0.023890958770211638,0.14262722914521064,0.02529384340232577,0.15967477400956184,,0.1731274563204623,0.048412509125107035,0.07754294054619583,,0.04769945798105806,0.22387387066289763,0.3723534101375498,0.3551743373518736,0.10722256979284586
835,,0.0727295834844157,0.06830566150766804,0.03050249103395351,0.051239680718948584,0.2845541882302277,0.04055137304658816,,0.12283117727698832,1.0,0.11977093113777308,,0.24926188184714101,0.056559268840620985,0.2256501611656621,0.05682262011172681,0.5080251125609628
836,,0.06790647807746558,0.04303242948457433,0.3527347330068044,0.058446856451665904,0.10876374417066702,0.062369834356703166,,0.029616639117592825,0.057788102842454926,0.2657976702536026,,0.06444455239604273,0.3703416100446344,0.04891443195048524,0.1346416863771944,0.11602083439872908
837,,0.48251063152822987,0.02951779783156196,0.02821855008429866,0.28237177894230553,0.04958858111515923,0.005582910089196677,,0.038537595647130676,0.05743680636399673,0.08631575387311002,,0.08636759515114717,0.09400056639949289,1.0,0.2172299440316084,0.13526909617768962
838,,0.07505938101757512,0.0404978958755249,0.031194050429385882,0.03240670948879035,0.0555749447836143,0.0925682199770655,,0.11778459990896806,0.053174200764325344,0.26987728363222896,,0.22451614253195482,0.5257354342463123,0.05170039086681837,0.07930318496905786,0.08148647637631867
839,,0.31046887879496105,0.2340740919892985,0.041416062512305465,0.26730716285780565,,0.037074086941981214,,0.07566023197648485,0.2556145339907326,0.009433294821209163,,0.05205548517120264,0.40393104318484646,0.1435016588885375,0.2804048114138441,0.08560580057859955
840,,0.07179184126362582,0.0026153952644931756,0.1229228869870877,0.029004379569239565,,0.007101126146493329,,0.11714219134550907,0.3237479741097187,0.10023517090396787,,0.07847604689559524,0.05591737967950334,0.05714312579328652,0.05289567855135779,0.22993335859176356
841,,0.30655191250126984,0.0867564626631209,0.028675019658240177,0.1553387544710508,,0.0001593584618268919,,0.03032612692862405,0.05746239424662957,0.06968239698031892,,0.3085706883782564,0.0029523414268923824,0.29138927714626534,0.36258479017463935,0.06742467721784946
842,,0.07093095880041306,0.13491402649437842,0.1430310074791385,0.11807166874961927,,0.004089566673218635,,0.04726782805736591,0.11432727731016698,0.21208100340201885,,0.052032513907605854,0.0006179451965137501,0.053311185358656296,0.3815617863584036,0.29078342260318746
843,,0.09070122643476647,0.03719590989261461,0.07889466897985577,0.02689705969151399,,0.0011323156425611948,,0.2028441476831622,0.24770366006226527,0.09678054990884043,,0.0835953893414194,0.0010923518415437605,0.43377931391466396,0.01110414591808788,0.08117979466523766
844,,0.6039945512207786,0.04617672602771329,0.2957229473493768,0.17366276911883594,,0.06167518138518536,,0.15699379008758207,0.09527072301567087,0.20529807742514514,,0.13232985798034438,0.19974202352053916,0.05008212491725688,0.2082143895832756,0.3026548158519687
845,,0.08605239525402698,0.26341833078353505,0.034659980111901266,0.17875063841023597,,0.06958650875630325,,0.10798229637493027,0.04054871135427997,0.3040116414517298,,0.05254446637202659,0.07863174241428372,0.02900469137332868,0.31088169690264056,0.3420535311837618
846,,0.07540156686751079,0.04526488679774734,0.1216316724404433,0.4495641408709073,,0.04415085915682542,,0.17683657190244925,0.06473358160574132,0.06396277524637851,,0.2985679089177406,0.04635949436937191,0.04936333975485917,0.29037933385085957,0.11499385499240708
847,,0.4958000670896518,0.04840626826135218,0.03810546275464184,0.032402120649482814,,0.10167827137224261,,0.11389994820169165,0.0946337423262649,0.2450803346461349,,0.2069473750552006,0.05054623364004643,0.18972688535797055,0.07735868861807703,0.26510798718803025
848,,0.08218369101395373,0.17157378136876822,0.030987811574835506,0.1289665289293761,,0.06273573334729396,,0.029388586657328134,0.07089667763065653,0.31977369233290653,,0.05312365468211073,0.053825552534144505,0.3171558189799458,0.2858655299310443,0.07151418712562953
849,,0.09524140669005375,0.035106091040663916,0.0029808776684657145,0.028068940488841447,,1.0,,0.03803427327663252,0.0553052321174568,0.07004811037808656,,0.0758887068107779,0.14498779023707467,0.3573332734371502,0.5141476308951103,0.3942128312826174
850,,0.0895700229506188,0.2495990818445646,0.09748416603327555,0.21427118013399624,,0.06910518069891944,,0.03649512116441119,0.05387846780624001,0.42014297358905334,,0.07222383387065939,0.2623743151405932,0.05303190363970393,0.3465235870492643,0.07579670358231637
851,,0.07470961326364062,0.30725621430011013,0.07798680460351477,0.44599131966633426,,0.09579772464793894,,0.23318699721019776,0.07731421073303726,0.06271473262182005,,0.472148905019008,0.42523667570228824,0.24842528691811278,0.10655880567704011,0.05586151986649846
852,,0.31424705792180635,0.28376270249206625,0.1259587580600821,0.40906718719510415,,0.002124517020998894,,0.14150034262256436,0.25827773701608964,0.11714595522029325,,0.2057282575928248,0.05376945503159811,0.1372908093493652,0.256292567732767,0.22855476725086493
853,,0.1370469916347644,0.039739182879130905,0.07778136993730404,0.11892768920265785,,0.04771638492331173,,0.15111203604196913,0.06879048268893347,0.06095135208243753,,0.05294300563741675,0.06971751136074182,0.1316363670881494,0.33987121593606573,0.0670394194033613
854,,0.2998286831977897,0.22415784656422175,0.03272342390398826,0.028120099227684384,,0.06597995995912367,,,0.08279241081245624,0.010770421283564816,,0.07749883540158022,0.06518950643506502,0.18863907006808692,0.06520976961967577,0.09905707397639484
855,,0.0988307829790116,0.044011626253343074,0.04108012854009407,0.144438047525248,,0.18167753306560466,,,0.27170169040063424,0.26593618658942914,,0.4315948661899438,0.34282145260323454,0.043912786310027235,0.4039201223067395,0.2806819102569742
856,,0.07809151133296972,0.3080129844230669,0.024475546246086274,0.8101452802401814,,0.28466637463995026,,,0.0721995944362701,0.28846908287859835,,0.06029924336715971,0.20537791737960598,0.45765843993763694,0.29239650404209916,0.06460291823756156
857,,0.4241162044620048,0.03810989153073271,0.0281397316003815,0.14347823910838994,,0.10921728915779506,,,0.04574212133909648,0.28567940645468903,,0.052577069732531574,0.05118286856865627,0.06232519127326083,0.6192256629962534,0.061169168736522866
858,,0.31019439808818033,0.5359720360066186,0.02252462104372193,0.16818114744125282,,0.05950750772549233,,,0.6422782337873014,0.05155569785615504,,0.3146978249507988,0.2506828097672023,0.08110444817481656,0.30427274825803996,0.2895948923284159
859,,0.09287686201605402,0.17911902091027665,0.10457945946571394,0.14213862430630173,,0.0648166471428457,,,0.0036195029249621894,0.07342938943981202,,0.759318393705802,0.21767504287127076,0.22709536052925153,0.3227624216229459,0.27554221800516226
860,,0.09598468202711506,0.06426382096448822,0.14551739193988134,0.0013501551829361229,,0.18590174601454426,,,0.19709198706870656,0.0992860225337885,,0.2298552532774662,0.14268735199841195,0.05182558027326859,0.39090019723787767,0.40042457343872184
861,,0.38309093223245116,0.1516639596022371,0.11961219246917672,0.151869563747268,,0.07506447254538545,,,0.18526526506211075,0.073947744908395,,0.05732773160803352,0.8933044820942455,0.6392680461011322,0.08154856022875645,0.05312922901490342
862,,0.09934811894527465,0.03364831138734631,0.18445240056294598,0.17409421855902493,,0.24731914747143594,,,0.07530609548841416,0.12347579779335403,,0.06007678646936741,0.0033984037150936648,0.543113538645993,0.2630847917598254,0.2820758172365564
863,,0.367328324083876,0.08142754735692087,0.06962764858384606,0.16582890129227498,,0.04807137758853542,,,0.08279721493367995,0.3297028666283648,,0.10543975047175874,0.04929847758147988,0.22506961388134172,0.3168113210841775,0.2912516222704912
864,,0.09833342760951377,0.35934265200323917,0.0013713046185222337,0.025990010894388,,0.04284141986377442,,,0.049067760028373236,0.09002166835595922,,0.32989835670348566,0.3496609774581281,0.1848462212743479,0.06423671277288409,0.0682009792417223
865,,0.012569485245769934,0.05054881197156974,0.04593858276844434,0.21884294113232913,,0.0415503655148763,,,0.47622098978678734,0.333684134662417,,0.07470892021030243,0.05100396322359866,0.04840772935758709,0.2547277091910004,0.5238653226622132
866,,0.077491744657958,0.2605913679863213,0.04421044660718191,0.18015146834815374,,0.057249040660075405,,,0.05383705095294266,0.2573082690060576,,0.06434092548727663,0.007151355711688212,0.13966144886403517,0.3123850445661525,0.054241548328936386
867,,0.09627651816642545,0.03799749176124616,0.004072335844253945,0.030473603914475327,,0.26699829567452804,,,0.08288364850445978,0.07865414109936668,,0.0512474522180249,0.0006169929085935585,0.18582602528385828,0.3024912774361693,0.2343462774578612
868,,0.08844850406589957,0.16337051938521305,0.001216784959531552,0.03489514167264745,,0.0017276437575907608,,,0.06647683699533241,0.2991859055310797,,0.20056076463506634,0.0,0.04619248858717821,0.47083188141307236,0.08284202801661855
869,,0.38394085264756883,0.3003056928676068,0.03584058110393944,0.28979161270262865,,0.056126854144820416,,,0.05319301763354105,0.03136708256212772,,0.11443815275135268,0.0660732756707266,0.07502012464108707,0.07038487630675752,0.6546953949216222
870,,0.07661338638566212,0.031720457030311636,0.02285680123332974,0.1532080351027108,,0.1424797213272118,,,0.04863152443039777,0.19556725908773,,0.27409950557150076,0.32019098866871926,0.34908059250655227,0.7681134478991127,0.004305804093894367
871,,0.09475338562993112,0.03685648411756716,0.23927453811201088,0.03127694515923408,,0.04517654436261801,,,0.20778940155190834,0.04997815849419153,,0.056804632516812455,0.051682623666009696,0.24448196430612162,0.0761005317907707,0.06790267260957196
872,,0.3806762712731749,0.5091574643593648,0.0039025282774998848,0.01285283857057919,,0.0029259331960279377,,,0.05776572091398751,0.07597956179028521,,0.2663904109485979,0.32152149650650114,0.06953958032171972,0.4727386901810761,0.28615222097407034
873,,0.1339100321976249,0.04680537224165351,0.023730587189945463,0.15313723302368307,,0.04381572027267555,,,0.12383733862878017,0.2430221339811367,,0.04639992518865656,0.21703387941158722,0.0703992429346338,0.34004913154020605,0.05401094910392769
874,,0.2992809661396268,0.128104011524636,0.02945288811094897,0.16119796687299504,,0.18381629332430907,,,0.05345634964877101,0.1989354174373294,,0.4093213947537496,0.048110797420578104,0.3606237374096851,0.2901477228813374,0.35308638181889535
875,,0.08721447074884446,0.02650358945062094,0.06493168354604507,0.029426218222602933,,0.06531197919552072,,,0.0487795739209461,0.05199648479462205,,0.0864492372987524,0.07619333607287815,0.03888927685081319,0.32656417111703,0.3075720858771708
876,,0.14763091869029404,0.030596291839149695,0.055108880646265145,0.13960970613393114,,0.1729578988136368,,,0.05550570330430953,0.10181488992200653,,0.22279981649328914,0.18195721442888724,0.29570241034313166,0.5105283104220543,0.15710782605642437
877,,0.09637097004753648,1.0,0.14204610135253193,0.3082039124482451,,0.03974461378062303,,,0.12092785694100879,0.10052327956112556,,0.05580793462040298,0.3685554854538411,0.7503976261050406,0.16152791541921996,0.2040771581329126
878,,0.2254739407903944,0.10075722101497499,0.027995474860588402,0.11911387597238428,,0.05995532298248787,,,0.056901552076076056,0.7590451498346341,,0.07102992829040904,0.003046927656223387,0.05813074340795828,0.0821163780508446,0.3479483477949335
879,,0.11349593270178271,0.08457858850936867,0.18275847234594583,0.029425000218531627,,0.06090491408192305,,,0.4434973066876751,0.004465147704775058,,0.05512195059895119,0.20862213885165085,0.07327097700240437,0.3013983069934864,0.2908990266650797
880,,0.13967789426755775,0.7649392314316666,0.13644644461477828,0.03602402667888022,,0.04774649083138004,,,0.10208379193337225,0.011129222268186266,,0.2819679068690081,0.04623089556894981,0.8148996038826216,0.06476306489734895,0.09280863898397047
881,,0.07105199520192347,0.032199967070449725,0.032203166631486216,0.19856888997661196,,0.13701565408539168,,,0.39468311611837026,0.18245044087442888,,0.22500949701102055,0.5306316173802706,0.054190592128341826,0.25635506042533823,0.39728693086229533
882,,0.2980399256519149,0.26865764769448436,0.029318388626057214,0.13534596909489147,,0.06812730127425476,,,0.010927717552746505,0.0809749372608408,,0.05363565679206725,0.05089562020370009,0.16586408311618672,0.505077238046503,0.05138622673599012
883,,0.07685165388639714,0.05403657262132281,0.02139266666597418,0.033141371515218565,,0.16725182757643997,,,0.07553430938861443,0.05010838307881006,,0.07459183871372489,0.3084105019777152,0.044774862267015644,0.2833067788680548,0.15637862012321757
884,,0.3898935142395852,0.41620598852916785,0.17631362497015993,0.3094014947390286,,0.04509690719780574,,,0.052547959094452916,0.0635661687911245,,0.555169512230502,0.0499405852541606,0.17633538650169683,0.4747497424658043,0.22730884067665338
885,,0.1004949107435649,0.6727008773129546,0.12891594454601107,0.03461879091618998,,0.004036344669440446,,,0.26302903543865463,0.1446803155214746,,0.05447622179736115,0.27760979670077884,0.051497153034184895,0.06342414086164998,0.40563254585383335
886,,0.07777559135858553,0.2856506773654259,0.2625555978365896,0.21553158552340262,,0.43246456577978926,,,0.19906645904691325,0.08730281034777482,,0.05638067912580014,0.04014516346193017,0.08015850320935462,0.6797971045681285,0.021198784938749476
887,,0.33948607084998533,,0.023679480649428184,0.12517500931472864,,0.004292838678374542,,,0.21063545141136011,0.06225899097927797,,0.26202915605855476,0.2838646456596605,0.2740756742121401,0.06455836323584137,0.3133095054795088
888,,0.30091856424129904,,0.005799565963668177,0.027929818131470812,,0.0547107304552012,,,0.06266171007186727,0.17190563172436496,,0.4117541671570401,0.13272807905181275,0.2029298793470683,0.6326733559311286,0.09942917762325955
889,,0.1032956856872545,,0.026784130178074194,0.21042521871157752,,0.17264597604252602,,,0.06995469777730884,0.006339098627624594,,0.05127149539519822,0.19489146214345152,0.3044554753508671,0.29056648154167003,0.006574423306109444
890,,0.06939817931112571,,0.05582019204691497,0.1701628863257232,,0.15332139775952833,,,0.05999277504539807,0.055188342224851784,,0.08418413359910347,0.05476214649373382,0.13908862930072988,0.010674132127268171,0.09257383253424799
891,,0.18951159275550358,,0.02942156500705848,0.02812696854626637,,0.039839134854639593,,,0.050635348507699345,0.3116162352743577,,0.08592787355532967,0.0036310618944296815,0.08214692325596547,0.3658340506828756,0.18576594402192065
892,,0.0742873698303333,,0.07036677170583933,0.04927859260442987,,0.053321852158169564,,,0.3986087382987654,0.279328941766046,,0.04984067893983117,0.47974693444171707,0.045547174265691805,0.07463129080788755,0.20868371838782984
893,,0.10469410806020205,,0.14093662845856253,0.16313863720701233,,0.07657201222593091,,,0.07392075817184367,0.05323429743497469,,0.3491420456865107,0.19563348114822057,0.18629386589922284,0.2785352653752939,0.007095044760440051
894,,0.0902346607761633,,0.19015234656372093,0.029537742724183753,,0.035883711341309805,,,0.09820844063327565,0.07798797591998449,,0.06119283876654102,0.05400640849424711,0.04523366145140608,0.03580350415698327,0.3370434090027638
895,,0.22117568856351158,,0.031329779766755814,0.16865148502012467,,0.043105329479284624,,,0.9941196686468369,0.2685793156297075,,0.07123929661947515,0.04757171373960503,0.07638594592986081,0.2903441216020173,0.059244888913302846
896,,0.0747024263490902,,0.03473073731129715,0.21218962302294977,,0.16810095163802075,,,0.06440098980978398,0.43761551205667376,,0.41271291285365846,0.387714027352634,0.20262412582749414,0.3373144960395863,0.08329286342220504
897,,0.5291389031512985,,0.03663354141847375,0.3783783253029327,,0.04188460420916545,,,0.04839439362986579,0.5441229240094619,,0.05463876017081421,0.05365258118746331,0.04672386422557737,0.06601169321739989,0.35758541451289516
898,,0.42674370629094877,,0.04206589883737809,0.21766208983062038,,0.19931759683403658,,,0.006701085883971932,0.31149983365143236,,0.29062503750766083,0.34720776000770204,0.26624834216176935,0.002434642931794627,0.05191501146661992
899,,0.09345113903946019,,0.02629913027445942,0.16920268560554588,,0.03769462512244087,,,0.0734166942847445,0.06584351882419807,,0.31188750072658195,0.0487251115319211,0.050415451647905944,0.208082488658171,0.05982065741646331
900,,0.07585497301289515,,0.14686853563694263,0.23468864998688585,,0.05590522135261772,,,0.0008082679264450294,0.08032250820150126,,0.053714474475586894,0.38455496859037286,0.31685584352811375,0.052040936211884485,0.27407875254322106
901,,0.4250812932472291,,0.028291522025901412,0.013729289558933714,,0.09431338708090614,,,0.06361037264619622,0.2036157577226427,,0.05748782312721855,0.19718720889318195,0.13737321383914405,0.30219156235324546,0.06961109712264645
902,,0.08371613616064338,,0.16544129290840404,0.16644516969291792,,0.002322638053841892,,,0.05301589560686089,0.3397864436320591,,0.058980307205261526,0.05410624141874899,0.20948365086824375,0.30819957987688235,0.2759128837557682
903,,0.017756227630357713,,0.06533129922659003,0.26364527600890386,,0.037336725104347074,,,0.3036475371525981,0.03304692882218693,,0.04789818122684696,0.26652968222274076,0.04678133302818264,0.07176769475616421,0.05937138003307882
904,,0.06968282297491768,,0.03894526279700618,0.02790507017692482,,0.21030619681652243,,,0.12215319190724029,0.5017499454430551,,0.17014681838493026,0.04795592553748254,0.007675916318378848,0.22726559958515885,0.32861786946191507
905,,0.3609834417350683,,0.05365134235205515,0.27977916693821464,,0.08676306796439001,,,0.01989252010762768,0.049491522717485234,,0.018035177158540517,0.04894744791920731,0.7683647037140261,0.34132912343136407,0.06634172228233663
906,,0.07414668344383267,,0.02342412225524064,0.03010761619947915,,0.15789928869848166,,,0.27601884155740436,0.0012620222025912216,,0.02655910184020233,0.12207066612581886,0.06887591947219096,0.0824933422190882,0.27934747823366174
907,,0.08517995048368462,,0.048021118754346094,0.010385295007640419,,0.03893218145752748,,,0.053203076034949406,0.0008361884208840289,,0.007681106639225298,0.053244840403195964,0.126270655831445,0.25911336711473726,0.3064843367725745
908,,0.4444114652612831,,0.024235298933291856,0.3297891508928474,,0.0022789963660280023,,,0.5461035328477748,0.062435778581444515,,0.009994051284176884,0.685159708657637,0.18094872608900953,0.053392725884381105,0.07106128016452071
909,,0.07417930442278385,,0.15010346730558644,0.026098970718806715,,0.047145772216061865,,,0.06238880177191506,0.2933522032960485,,0.13878246968309982,0.0030246148084793517,0.05486327110956568,0.4826629757822268,0.2718975184764849
910,,0.09493689490591843,,0.05864166469077877,0.16575833884523045,,0.0046574967743899945,,,0.09325166512887448,0.40757233578283103,,0.09924962478601347,0.0001067431907004939,0.28550527742191867,0.08542533503806794,0.06242337558693351
911,,0.5318571087940152,,0.05698678588416046,0.44959969643916664,,0.03667299406940014,,,0.19392756589131405,0.05737444036452905,,0.062135697398926104,0.047189253086774824,0.019943004565638734,0.2860483457181061,0.005222011733661635
912,,0.08890770524387424,,0.1556020614975388,0.3103751720314508,,0.07864143677486644,,,0.055280998984697,0.03633398184869213,,0.05376154016063283,0.27756614744725466,0.04347817515957797,0.5503229137746681,0.09471882238610771
913,,0.36536426160566216,,0.003797412197469188,0.41778669508266914,,0.38727252729158107,,,0.05627227936915604,0.0566730937770553,,0.21735430157960267,0.2766614700398708,0.27279701502066417,0.3544467167621622,0.17397240351441995
914,,0.07822391822021049,,0.032083323786536,0.12382640815546504,,0.038178135694720075,,,0.2424343067610518,0.04575792029493565,,0.28581991925167344,0.17114146781760953,0.25069696543016884,0.36362766825986503,0.05097038658810202
915,,0.06711950729078205,,0.025099714997864408,0.40815202466114076,,0.050984797151308305,,,0.06366594885882358,0.04980198415667146,,0.06826122562376119,0.6674382107635924,0.16967985873120028,0.08052381629654708,0.21948035309713865
916,,0.38935468745110074,,0.08014656608086723,0.029161296397050986,,0.19406306641944399,,,0.057412628983866766,0.5524979292061128,,0.007407445144760372,0.04885831303478253,0.3021997351746361,0.25533334876615676,0.08713759314823469
917,,0.09771509302780972,,0.031438698001388266,0.011165098982960206,,0.05182655477596689,,,0.3181685189376431,0.2671888500488077,,0.11326138177570029,0.0025842385230221148,0.007062888175646678,0.30303113147411875,0.26484227271680505
918,,0.08783211184444938,,0.2579320031003735,0.20768322349470686,,0.15597636101353973,,,0.0005513057767897862,0.3301853796031376,,0.0634932043439712,0.9706506852739861,0.2883864163607296,0.08266548053141998,0.0498068101568732
919,,0.32733631012560777,,0.028752679380331433,0.0035597800033424017,,0.04102259764731633,,,0.046970154405142774,0.4097030795386411,,0.2614933839208929,0.04880000475815021,0.055209001490258244,0.26020483339299366,0.35987979614299603
920,,0.11435596633240451,,0.12732921078812492,0.1130134668461869,,0.001357852675007771,,,0.08172304482787798,0.004409359216154862,,0.22017067017047642,0.42462558734253536,0.101392382235428,0.31702794958967073,0.4418537212773388
921,,0.3718908241105107,,0.49300054781862046,0.028385554344366397,,0.03419956001800749,,,0.07882745533783023,0.06578666447641615,,0.05810918117230578,0.05394301701146855,0.3171886180196314,0.3221289551158808,0.45788710848032954
922,,0.08886127042591115,,0.030273504316941365,0.042433646616563486,,0.31620778030310065,,,0.05646827867973846,0.06798397944086773,,0.06322102729506104,0.08702907221895424,0.050613694645000304,0.331521284500692,0.0731823412034208
923,,0.07836232127341922,,0.05604068569257314,0.04862978405942255,,0.04220926245142368,,,0.5757281640562357,0.42331575546682554,,0.39128461839802986,0.12553008763685872,0.3062685658970133,0.3131246555777059,0.5003791377460586
924,,0.453768325735324,,0.050138806597185434,0.03032183069710651,,0.0520320341640473,,,0.053098997415655005,0.055140913502054655,,0.38097624866961216,0.26022256478569805,0.05619581316666013,0.10942692768312028,0.36246543739737547
925,,0.0836092857641896,,0.10572545818587957,0.02801754673718453,,0.12030631778676278,,,0.08084832788372108,0.002340970056855766,,0.09153905223113228,0.19837771567708135,0.07252981912234062,0.4707253341201419,0.29992163838884256
926,,0.0900201522761918,,0.03587331237116848,0.17711177601791997,,0.03610477429506614,,,0.3192962397845796,0.052152473870765804,,0.27270897419537465,0.056952655809328824,0.21462383596514487,0.6521359901202652,0.015528218483314824
927,,0.07712706381806028,,0.09271877678073027,0.11799566588619338,,0.057441841066738525,,,0.008821673363243143,0.21689999806390817,,0.20704904977529479,0.08976698651615007,0.21216807755686973,0.0781140536053077,0.28917461136747347
928,,0.29978273760889423,,0.03609813503201428,0.13919078287864006,,0.20138190704745304,,,0.3583686214076822,0.081849582061399,,0.06813895687526551,0.5634547624161806,0.2374173443822088,0.2776359355762635,0.06417705225213673
929,,0.07942954172232451,,0.03289237961197294,0.06343285616471235,,0.04351764563333044,,,0.23644199969421573,0.1021827766884024,,0.08955297551539237,0.04848182748844531,0.3058420412748863,0.28735409938901774,0.015800472756999487
930,,0.08747935573723452,,0.0023149945475767135,0.03652656768417892,,0.0785334534731415,,,0.06369785591422872,0.4651796953624783,,0.15343376695466582,0.5163484095169627,0.24451947615863354,0.26596268076000995,0.2984719701867444
931,,0.40205806649056636,,0.04052343278420785,0.1281681571589038,,0.04863380105115455,,,0.08177188940563108,0.04218173858640016,,0.2114032900111203,0.05430858169082901,0.046100464013277574,0.3467573534957423,0.3538604963324926
932,,0.39620012873506016,,0.15505791917085812,0.15336210592816152,,0.15611811681398072,,,0.10958605881979333,0.0682053830958195,,0.0632441620609249,0.28354225429195046,0.07118184831858333,0.32590929171910277,0.06619048477361461
933,,0.08740341490506032,,0.055986964278819856,0.02838753098937645,,0.03833632813437465,,,0.008865864290604002,0.09147913416145782,,0.2413183202629522,0.05869513514385437,0.22979595193262883,0.3212435787560115,0.3086358605968584
934,,0.07644818573275632,,0.09982634623052122,0.13317302213715393,,0.06038505145013991,,,0.08303314814916062,0.11612464164547222,,0.05965300115398821,0.20349866049373552,0.05040609472836711,0.3485737045067938,0.32806562141099826
935,,0.30395254608659455,,0.039769928550767095,0.1652387236769103,,0.259268207518147,,,0.0643963749240323,0.050955820251332544,,0.37760763004077713,0.13159676820008662,0.3007942028826983,0.44767765673524945,0.18424040718361814
936,,0.16447781588077673,,0.0329729517383249,0.22661272836539373,,0.15172059485813916,,,0.24577788980723128,0.19679143478971517,,0.05432966505131056,0.5685649905787094,0.1044815841406712,0.30162873831239667,0.08145499233562532
937,,0.3182659201081094,,0.03884219026891819,0.22889779355158107,,0.03932985999598134,,,0.053033192359558494,0.1146795345083391,,0.42728492665067275,0.0485857527021964,0.18274241109871772,0.3100061027517203,0.073220487334547
938,,0.2793442192588073,,0.04048943802573093,0.49373232645094484,,0.003696104220733211,,,0.07852010486495424,0.07070120598298826,,0.06863760526621161,0.01028438236787883,0.04783236011880206,0.2726255234839097,0.19385045948968493
939,,0.14407358945141974,,0.11486194861519955,0.03099182750882113,,0.07536762850627624,,,0.11020809937707035,0.50741329407937,,0.04690271281821947,0.06378318519193753,0.08933629587529487,0.3542085765229697,0.2727785973015604
940,,0.301899017107307,,0.18620820039945726,0.42034526149771023,,0.04292581751527104,,,0.06041605193827225,0.13659789214060064,,0.3172864353122523,0.3283000652798292,0.39110070627196525,0.06290442116727711,0.06602234304242706
941,,0.08311342654566853,,0.06710223170051498,0.16392093581560194,,0.0011293387908315768,,,0.5132911380471689,0.4518211583698938,,0.13139675903746195,0.05108049188095256,0.0502735643624061,0.5859425888517177,0.30923883310495676
942,,0.10988000276418772,,0.02564706900642461,0.04049890070444248,,0.03424848402733429,,,0.06806819392019858,0.38803484982274056,,0.09464438743960507,0.05152591984260207,0.4712368175846724,0.37083519700507767,0.011643198100969527
943,,0.08966874439839369,,0.30223047362009803,0.2879655091274748,,0.1586064435447289,,,0.45716737416851916,0.36820019498896206,,0.16697969962981193,0.0820722531100684,0.12776201520420802,0.2851988893051936,0.012379208654092973
944,,0.07543816384303703,,0.12368251467471703,0.15486745963291174,,0.4362562697303022,,,0.27395347461177194,0.20730385057662387,,0.07325070331651878,0.08705684416525122,0.2431014124750134,0.07981947908459462,0.06918377069291208
945,,0.1410052987263699,,0.09278250874126798,0.11802419935069752,,0.04909760166805587,,,0.06126029188118471,0.08992968036147421,,0.05821201409210565,0.051181521787452854,0.05147164964322984,0.2709238397745432,0.06314263106579644
946,,0.07542792121894451,,0.0719380751262846,0.032187039660712215,,0.12743611779527184,,,0.051983817189920234,0.4119733518847895,,0.21709883988881606,0.04634709998449011,0.11075326486239227,0.06696505725381477,0.33704795185709857
947,,0.09357400917723648,,0.12328577556875302,0.19081867060721908,,0.07261539574579046,,,0.06332909003273715,0.3107444697941914,,0.1124646173424671,0.11301795867385377,0.047755057585001336,0.2622097430726697,0.299468614747452
948,,0.48698147127660035,,0.0014714913992982443,0.24396361830858726,,0.03797741361787816,,,0.45519217959685165,0.3533697165581989,,0.08983243176779511,0.10841104318047405,0.04777192690198918,0.06335207036399211,0.0426580711219787
949,,0.1639580501301031,,0.018130135572989384,0.03770825326415304,,0.12971197777940785,,,0.11674491894643108,0.2991797780047987,,0.21420934096177666,0.15222092710352184,0.04557440522036405,0.21947671799427573,0.05855262425057321
950,,0.41521385680779055,,0.19663281246168174,0.17496741802994745,,0.055033655833540925,,,0.06251523951225361,0.08521344714416357,,0.05314190106063506,0.04824263335289853,0.06434025900577343,0.07257580113836477,0.44085603949322283
951,,0.08460375093334513,,0.0321011452079384,0.12043531319165979,,0.051991612133520416,,,0.07273165400378734,0.3725887061160634,,0.7341373523050796,0.051610859468459634,0.36541002125795546,0.15861198240752078,0.08488086242411765
952,,0.08334367946251246,,0.0335562008009441,0.028516233477114857,,0.053255242079737704,,,0.073509046245758,0.2580738140281936,,0.05598764509688774,0.3647005622150404,0.053014503477829496,0.3168323463849798,0.08742767972644375
953,,0.30945371178527853,,0.09935065260714283,0.22929579687064636,,0.04795467606114774,,,0.06578352369940635,0.47533461703629515,,0.07501078609234345,0.19954442068364842,0.07832211756790773,0.07678582350805299,0.4174954932279306
954,,0.334249929812571,,0.03066475686774143,0.054754135475018645,,0.23262819819511898,,,0.5373776603726965,0.05402339635015663,,0.29674913465403646,0.048551432006708785,0.19778222550734323,,0.041530615451065546
955,,0.3025301427485899,,0.051767025516207966,0.21564835983065267,,0.004355997812184786,,,0.058452878703548844,0.06363905827711451,,0.0775656423529681,0.16985075777884068,0.048136538678053,,0.0691413242753825
956,,0.0817044615918469,,0.16354026015024548,0.027077901751507445,,0.014162734540147999,,,0.07814511335683744,0.06991114142146683,,0.08255018102688473,0.3283101337377873,0.044504183831894216,,0.11106005546982448
957,,0.12003248627457373,,0.03009945312537995,0.029766874931421317,,0.15296830533270603,,,0.3329688694964838,0.610053703465059,,0.20964510745328402,0.5433183539666707,0.355251649250386,,0.09796871527884198
958,,0.06485070401567,,0.07293034611910283,0.06724555724836279,,0.03942897787139938,,,0.2675071421605948,0.09511179519917896,,0.05591677655061755,0.04945442592556186,0.19419331223386418,,0.3373963765422165
959,,0.13761403014758547,,0.18482198624510887,0.32244361808586386,,0.05411776925008571,,,0.1466810310573261,0.3674699387298204,,0.05464240830497215,0.1300410964925566,0.2229755429271362,,0.049634931735078595
960,,0.11836869526473594,,0.0009545299573768705,0.0513397382942818,,0.07674941516097103,,,0.07149023066660953,0.9024248852254775,,0.3132488089013296,0.002272800893809904,0.04593902432086642,,0.08598856902802725
961,,0.13370484213645176,,0.03498495406728805,0.230582325586663,,0.03804742966448468,,,0.32141427174135334,0.3217758688283937,,0.07036038153902538,0.35391384468442927,0.3317034616681313,,0.20928072816199172
962,,0.07125455303187027,,0.047256068453002974,0.03249048797810105,,0.044241156569779845,,,0.2316816625657179,0.202616790783445,,0.09837345872934089,0.003145323630744306,0.12938842584975105,,0.6764918375934076
963,,0.06800178506799467,,0.15583918515232809,0.15531821771311904,,0.17222976115532088,,,0.08895391599241732,0.1561700849402935,,0.05253253264272602,0.19854273200913272,0.30129416033769496,,0.27190293782803876
964,,0.35643715354079764,,0.16556923930779696,0.027925355448770853,,0.0605867073363958,,,0.10829881290337832,0.2802752716415062,,0.26459421701199426,0.055307758456396676,0.20472172399871197,,0.10345742898222153
965,,0.07041652699295999,,0.3319651646879041,0.05745625692815345,,0.18090144434251573,,,0.4466927143256474,0.28196596065913915,,0.05081976804793816,0.05293778737950653,0.04781672707442218,,0.09989914653713647
966,,0.31420319706227123,,0.3914659718625269,0.1648558856807409,,0.038998262473625554,,,0.09598596829620164,0.2123064185067394,,0.1943497549978779,0.050743732433357724,0.3326644069809583,,0.34659894959319404
967,,0.07898816262989349,,0.0026099331719069336,0.16277908038102604,,0.07736795491970133,,,0.25641782782941275,0.06375222637585609,,0.4353373386626198,0.14855158077093858,0.06467573993606447,,0.0648462157350872
968,,0.09685144400286509,,0.05511953230875309,0.03778248353270535,,0.039217187618648834,,,0.20851729133116353,0.10895992578213891,,0.36606617974154415,0.049043055522562225,0.30352004987979625,,0.32414094122809917
969,,0.11506904245567572,,0.03343404639920947,0.05112489173452168,,0.19774609171143068,,,0.06335667307380359,0.5600726300037026,,0.43800935005065866,0.23739422683689537,0.012891602692091586,,0.08131395696666553
970,,0.07369551858270734,,0.0012207637655509682,0.030678326415674074,,0.15657791765109058,,,0.06956417336539301,0.26705797737477543,,0.050210813760902154,0.22376613078824859,0.04782655400437879,,0.41590988563029896
971,,0.2969351349154785,,0.0384467636487338,0.20235803555374077,,0.03926170770697298,,,0.10987871630149969,0.9369284574283469,,0.08358970527045453,0.05500187181843806,0.056881032728929484,,0.18259837721945024
972,,0.07598410685788902,,0.04118792758730952,0.030282172166210194,,0.04786587883237366,,,0.2408031316326351,0.09275967792541882,,0.11207699171452194,,0.1589268226238241,,0.3293288342644562
973,,0.05506371024592858,,0.027201394808513912,0.1727451564099153,,0.016384011783004283,,,0.07145564702713669,0.6953888765132189,,0.04593284163118232,,0.1017003813903394,,0.06213678695742412
974,,0.4044745984668507,,0.11797561841728438,0.11654250273728711,,0.07303786236761835,,,0.007799626650941404,0.018493798236030253,,0.07004175106092586,,0.18468698291345018,,0.28505429540385724
975,,0.08804201277103284,,0.001708756179197097,0.02935122315236411,,0.003968402860382934,,,0.1199220374860868,0.6069097567600172,,0.2992277029264879,,0.05039477887493412,,0.07266757203686881
976,,0.07213493026942909,,0.03114057896243328,0.21067699136682042,,0.05324531073055047,,,0.4297399714548163,0.33101093239092266,,0.2991422273601929,,0.05755666409996761,,0.10132567031633487
977,,0.32505005401309767,,0.112807333795137,0.11534330059896225,,0.003568722987130163,,,0.16462588901227612,0.3453623312466434,,0.054908498503209675,,0.1792610235360093,,0.34902719272771515
978,,0.31792500218046305,,0.00395401444694745,0.3494712168943692,,0.0022290472382765244,,,0.26748088604679565,0.43379475258167843,,0.0625139821019252,,0.1460877103457428,,0.05771371153358907
979,,0.07689009323941498,,0.04471519432261504,0.26493940631632673,,0.009941611743414578,,,0.14070458724938567,0.20889458672754263,,0.666068023513927,,0.04077256605636742,,0.26165531717417095
980,,0.08947211123105368,,0.024949627049830805,0.14738518928068206,,0.06117145300651525,,,0.21009969874006643,0.07028521099713263,,0.056862600590537556,,0.18273638547651816,,0.32706778594159536
981,,0.48991056413681167,,0.15275198042627786,0.18066076369037581,,0.12484950654663078,,,0.05631073329352204,0.07602314612344502,,0.05101389702330686,,,,0.40164116692209606
982,,0.07226622106581673,,0.2367391127485453,0.03878408643904858,,0.04970286709589899,,,0.5190655977252923,0.06263034046355716,,0.22168952812559775,,,,0.01194324572285403
983,,0.3031784041253572,,0.030257272448166162,0.20059787730028675,,0.05822634107186426,,,0.054607842028160866,0.5524599201814931,,0.1210356733948409,,,,0.008959207881860932
984,,0.7090140162290611,,0.0008674398516731665,0.03283481955217921,,0.09344092187006181,,,0.0782115974537649,0.057228113307931275,,0.24105308930410319,,,,0.07794294212550261
985,,0.347657357369136,,0.027438297832015776,0.18252788703610204,,0.0030484597770653677,,,0.05735208940195599,0.7191056078280876,,0.0507333332419153,,,,0.38789598032589284
986,,0.09069715011289108,,0.17263997166354508,0.14314426793262414,,0.06515083631702343,,,0.7974351167573014,0.2707983321538973,,0.2836914112828835,,,,0.09158121045064976
987,,0.07477638466033039,,0.0031294233585910003,0.035987898688154704,,0.02734121576504966,,,0.6814348421242505,0.25275138596759694,,0.38529507598435675,,,,0.4186159432320615
988,,0.4013763094583547,,0.0573164114799781,0.16459045544212414,,0.05650557860146215,,,0.10981338676157232,,,0.05553743397340631,,,,0.009787636497061864
989,,0.33944097181268207,,0.08332381475421646,0.12140808687516763,,0.003504180026337734,,,0.12813245067250265,,,0.06567329880903731,,,,0.05002301761666506
990,,0.013314488575637223,,0.14281339831307807,0.027053015566750285,,0.0013434695258577856,,,0.6908938003625472,,,0.21457218650676585,,,,0.05898896226413093
991,,0.006429258831208958,,0.0320081279745266,0.17835479919045463,,0.04455829051777842,,,0.07000467287654652,,,0.1139652497005573,,,,0.365165902054471
992,,0.005253177080567614,,0.02089645699256714,0.049234347331275456,,0.039127532966278106,,,0.31597439394174504,,,0.2121625566909119,,,,0.2936610463035191
993,,0.07956090057594636,,0.27658443637990365,0.20176779154968896,,0.04119826597037177,,,0.5693236479636938,,,0.051066065927688614,,,,0.2857112683580895
994,,0.07673798118303045,,0.14087685269170958,0.12344958490875149,,0.15952078051294818,,,0.05555269905296184,,,0.1397836039369712,,,,0.10066214937978168
995,,0.37152795316240944,,0.18358662999233627,0.030981612265294035,,0.1573968127816393,,,0.04450896177478448,,,0.07595454575509107,,,,0.10188427753275467
996,,0.11189380374799945,,0.05264881287755646,0.17038224667533675,,0.04451362606299602,,,0.28160571020563546,,,0.05326213882216603,,,,0.6222689472708093
997,,0.08898150365076538,,0.003465848458122288,0.12365683477391176,,0.04740807673873314,,,0.0872817754540664,,,0.3995453768837671,,,,0.05845504516907743
998,,0.30390894766515536,,0.02354072763079046,0.03806311653991483,,0.012261824167118964,,,0.33073964697714636,,,0.07325174526532102,,,,0.1131130129058253
999,,0.14799355378066026,,0.11617861626748058,0.4415318253421271,,0.1671306972646428,,,,,,0.3185581176372986,,,,0.1638791697956323
1000,,0.18986202511032538,,0.18255799116964783,0.026405242708665056,,0.04294424596576255,,,,,,0.18813298629679687,,,,0.4130738229622345
1001,,0.3005174232055822,,0.029336335335742637,0.15597989517060512,,0.05952858628364447,,,,,,0.2672432647982199,,,,0.015949614976954057
1002,,0.07842251924673475,,0.12812625479742193,0.403315092869471,,0.1549923388445981,,,,,,0.05217827957733196,,,,0.2704642639220228
1003,,0.0830789975600357,,0.0022954580281409277,0.03477116813506981,,0.037661352027579344,,,,,,0.30986572876897284,,,,0.05029483835872636
1004,,0.09809303768272193,,0.034007392701711395,0.14251556950605831,,0.0036440777441527693,,,,,,0.05428314920189461,,,,0.4622201426102639
1005,,0.13817283685369683,,0.15911612627525876,0.03713842130468716,,0.02222960942070699,,,,,,0.38241707099649735,,,,0.08629208898492717
1006,,0.21166211977536914,,0.15974645438255203,0.3892732493045357,,0.0389178182421034,,,,,,0.06744795947254476,,,,0.0895883665671402
1007,,0.26490887591607837,,0.13095120964737345,0.29579237118882934,,0.05460861415343627,,,,,,0.05571430920686209,,,,0.0775944195723257
1008,,0.13946698220894152,,0.02860112970658303,0.026675705670258672,,0.07062394105882411,,,,,,0.3340570861627336,,,,0.202732446326207
1009,,0.07952572723631096,,0.025699485002586255,0.004856622980723608,,0.0647007064196104,,,,,,0.06466332171472806,,,,0.2886903411195941
1010,,0.30496646378185466,,0.13275072904628632,0.1667046425730406,,0.03844459153748782,,,,,,0.0762622352375786,,,,0.3692106533187963
1011,,0.0917880006441182,,0.05574368114597575,0.19286888563597282,,0.0419307025999339,,,,,,0.046619532709085344,,,,0.27790103733458243
1012,,0.3086318383812725,,0.023862972970213416,0.0353082639093484,,0.15816522878699046,,,,,,0.2140344080877599,,,,0.14326320795489114
1013,,0.0825423211899809,,0.17485058476910487,0.1689874285114087,,0.1613372856129406,,,,,,0.3243619879705167,,,,0.08505790501977023
1014,,0.09729846408072985,,0.1604473268845871,0.22997680418527625,,0.03918878723148052,,,,,,0.049615144402739036,,,,0.35902143529167385
1015,,0.1722554066843664,,0.0016470816859912541,0.21025436422473925,,0.0432489030644921,,,,,,0.2689277206525362,,,,0.049316016241549805
1016,,0.06923723434335576,,0.027452838992502643,0.03751140268777535,,0.04063000624546114,,,,,,0.17651018427064366,,,,0.3136978706201809
1017,,0.08052698150137744,,0.10975598474461443,0.608337069936625,,0.06176831291528455,,,,,,0.21144233301043752,,,,0.09589604441440581
1018,,0.37327929675005506,,0.1555463901326859,0.25003055222856835,,0.184159673329829,,,,,,0.05107441141737527,,,,0.44435892536807503
1019,,0.08813224067873617,,0.26859952446733065,0.11595359616777183,,0.06478438406615833,,,,,,0.19439152542215105,,,,0.055090839469682
1020,,0.2618515793567449,,0.0005562544628621598,0.03410650465179235,,0.15732347185951623,,,,,,0.3266135669236991,,,,0.05518076434934333
1021,,0.07724033302758603,,0.03216984976877399,0.04723474531446125,,0.04392823672804482,,,,,,0.0523451391816397,,,,0.4016460794070854
1022,,0.08929120177836856,,0.033663529336235294,,,0.0030319271513821115,,,,,,0.36726472553925127,,,,0.07416211454772859
1023,,0.42011317364454454,,0.022887217347066047,,,0.03510378505884557,,,,,,0.20377967072084086,,,,0.17422129290096647
1024,,0.30608367143981613,,0.00210207516952803,,,0.09732570652889473,,,,,,0.055243531350112667,,,,0.06105485814127568
1025,,0.10526044387786665,,0.10132775816136826,,,0.05060040302443618,,,,,,0.4389201462488661,,,,0.23492836994436342
1026,,0.07263184621879375,,0.05107342952321516,,,0.08068922713135393,,,,,,0.5619090096217074,,,,0.087978842998982
1027,,0.37993109108026535,,0.10948448384350566,,,0.13397635861050264,,,,,,0.06659063289976926,,,,0.05350836077647871
1028,,0.11846092550206273,,0.029085741314231417,,,0.15800699751844227,,,,,,0.3847530061931839,,,,0.2859918013934361
1029,,0.07033830182845498,,0.028907533512691843,,,0.017789397040983236,,,,,,0.2197450750920264,,,,0.06285046416303444
1030,,0.32001619859846925,,0.10419853689252427,,,0.03481060436735701,,,,,,0.0613385590622376,,,,0.18361290819229054
1031,,0.0797872732960294,,0.5882950502666607,,,0.15167145991648207,,,,,,0.10448998362155833,,,,0.050952431228801026
1032,,0.09684123260086747,,0.0018507168183541235,,,0.04067361733465427,,,,,,0.37859052056051623,,,,0.267460226761467
1033,,0.4328241720446932,,0.13723202428652653,,,0.1510209468598207,,,,,,0.05276860102728467,,,,0.06845829129537175
1034,,0.34421195141931615,,0.03198038681014202,,,0.04313920064146688,,,,,,0.6320155260679167,,,,0.0
1035,,0.07984566306074746,,0.029145212905355815,,,0.06573377072764143,,,,,,0.25742330463201113,,,,0.30134670391599133
1036,,0.08160286533908923,,0.10054145680953655,,,0.07289548621219823,,,,,,0.05654040528433436,,,,0.3168947379481609
1037,,0.45278131839462044,,0.09651904334843117,,,0.1338118866079836,,,,,,0.07068090042767598,,,,0.32460893678374453
1038,,0.07810409570663003,,0.1335197506250772,,,0.07065447897736594,,,,,,0.2582279414645354,,,,0.15662290433490947
1039,,0.07321262384477267,,0.029252448149558807,,,0.16746934027341093,,,,,,0.05841763074513634,,,,0.10561467744489099
1040,,0.2973160571809928,,0.02436161556807322,,,0.03662588033218755,,,,,,0.003831339615525202,,,,0.39396965393557326
1041,,0.07898084039339519,,0.09875668732195961,,,0.05199441933849372,,,,,,0.5198201941496731,,,,0.060555997171043645
1042,,0.10713470334223546,,0.10818526440621606,,,0.30375722586589554,,,,,,0.05179934501792758,,,,0.09089230036733557
1043,,0.11687647527765355,,0.024487068347420763,,,0.05176951819924256,,,,,,0.08721142313292254,,,,0.11368792392835655
1044,,0.07365649415631333,,0.2644780059749852,,,0.047188785136730534,,,,,,0.12674820513387874,,,,0.3915646047882031
1045,,0.31762415601460436,,0.05279597391003498,,,0.037065383712324255,,,,,,0.30590617213220606,,,,0.2783431444156541
1046,,0.34305247257096605,,0.5402141644008387,,,0.005094950542268401,,,,,,0.43814606895934066,,,,0.076069091258307
1047,,0.08051233953145913,,0.0034936101404992753,,,0.04165904445510465,,,,,,0.22171788518359867,,,,0.2938732344236834
1048,,0.09263713119191165,,0.03821800764267798,,,0.25400384504941564,,,,,,0.0511047911341177,,,,0.23958693544978965
1049,,0.4842484433207064,,0.5239050817539171,,,0.04173001887591994,,,,,,0.07792532805125621,,,,0.19296960950636877
1050,,0.1390043642077496,,0.001683880881161728,,,0.053344687350150945,,,,,,0.30130569455929984,,,,0.07149338408923629
1051,,0.3916970919166367,,0.16840370446364156,,,0.07160206486245589,,,,,,0.05086052787150247,,,,0.06366786308337896
1052,,0.09894537612611866,,0.37028172874182885,,,0.038247126033155936,,,,,,0.520612429202111,,,,0.15793482589435243
1053,,0.075993997999348,,0.09830837013285205,,,0.004108555670018927,,,,,,0.23487752931191572,,,,0.051824404574390345
1054,,0.3146285197162732,,0.032805641063713226,,,0.03314526346353245,,,,,,0.08989344526871743,,,,0.33951297635811784
1055,,0.15773616811855035,,0.023919295266009492,,,0.007110022626977368,,,,,,0.4110241273956812,,,,0.27146208066468064
1056,,0.40842162393835724,,1.0,,,0.06804126668780527,,,,,,0.05204608992300458,,,,0.31270465639051404
1057,,0.08155057562031083,,0.026715000048927424,,,0.07877455979073503,,,,,,0.46470255988398934,,,,0.052863785590639895
1058,,0.08930109202408151,,0.030156864142544985,,,0.05004380496878172,,,,,,0.05236819550033892,,,,0.3086278967892784
1059,,0.40464579545960705,,0.04205850928991774,,,0.04688929377528276,,,,,,0.17346458339357237,,,,0.05589272466558901
1060,,0.0846556676573963,,0.023688752873087235,,,0.06186645218930224,,,,,,0.09579082755284722,,,,0.22225592214006187
1061,,0.07877736037491062,,0.20469337516705566,,,0.18826043541842805,,,,,,0.05790575875900551,,,,0.06267267620339215
1062,,0.13968542050563473,,0.034207766817716,,,0.004822056745482023,,,,,,0.2848111897619096,,,,0.08288710934972636
1063,,0.0843744097396342,,0.002841193341593796,,,0.2648379537217482,,,,,,0.13827587658151458,,,,0.33575984048617297
1064,,0.0784767203821812,,0.038158878300529844,,,0.047753135274800886,,,,,,0.08330361946676483,,,,0.06479132001698805
1065,,0.07721281914150473,,0.0875607258584614,,,0.003140464969094441,,,,,,0.3092883179578128,,,,0.07726094983788905
1066,,0.32087517996972836,,0.023798287055287897,,,0.0447133082704865,,,,,,0.21008506375243974,,,,0.354123059342799
1067,,0.27745448556983293,,0.001199174646434905,,,0.03722129265826144,,,,,,0.05564360743334137,,,,0.08473584577292577
1068,,0.5104160124629344,,0.02833126782922449,,,0.04020270935137226,,,,,,0.26973592354825515,,,,0.1135331703951057
1069,,0.301328055777342,,0.14386902046376057,,,0.06532110866925588,,,,,,0.39456620478034876,,,,0.28579237061371304
1070,,0.08683920755633134,,0.0448601306394641,,,0.04516508138360305,,,,,,0.050108168488353075,,,,0.06820158859703458
1071,,0.08477084142828764,,0.14122896686924125,,,0.0029114367684129135,,,,,,0.25332932855855633,,,,0.32055708176226927
1072,,0.1636569517496566,,0.03675291332840141,,,0.03956740152793337,,,,,,0.9072426194597977,,,,0.37946133082523276
1073,,0.0930803689100183,,0.0010176492035272812,,,0.011221510576488024,,,,,,0.06765490122861899,,,,0.05339255261968251
1074,,0.5567675816197215,,0.02336883324353621,,,0.014805467948580425,,,,,,0.05727082767758209,,,,0.2839975282287227
1075,,0.2974749917326116,,0.10548939781231904,,,0.013562363818371512,,,,,,0.2079583613500524,,,,0.008111281021752254
1076,,0.076990939071239,,0.09615632078794067,,,0.05722987578946987,,,,,,0.058356844544378686,,,,0.07093200146320298
1077,,0.09112854102918591,,0.026293559456445847,,,0.051260819414778974,,,,,,0.0696605071797406,,,,0.062398320494999604
1078,,0.30760501654605193,,0.030155530821603212,,,0.04391820485173411,,,,,,0.3431612088086332,,,,0.36475210872477803
1079,,0.08149836956811558,,0.2863266627316517,,,0.040190338171378244,,,,,,0.20431340076227555,,,,0.36787373496870485
1080,,0.33900006375210306,,0.02707389487414031,,,0.20111684911251967,,,,,,0.05356927615533306,,,,0.13607780534187341
1081,,0.08403141370921322,,0.19584882642200357,,,0.15706602630470234,,,,,,0.7109769481675877,,,,0.09460771550464415
1082,,0.08616414447574602,,0.3586078975361689,,,0.0430505479732512,,,,,,0.05109332723481435,,,,0.33166110051704856
1083,,0.5839931535118829,,0.1113234443512452,,,0.002099018960270601,,,,,,0.0680859474470506,,,,0.05151675009267215
1084,,0.06984000538513999,,0.02751563300188029,,,0.044615657689547256,,,,,,0.06224416762881578,,,,0.07395244724579092
1085,,0.39820801221473295,,0.0013461749572636285,,,0.0018426615355693016,,,,,,0.27318878631607796,,,,0.35316354228467833
1086,,0.07779825375060594,,0.06583707201577718,,,0.009654584491006537,,,,,,0.06521811591505537,,,,0.05876114289639085
1087,,0.07206712028531381,,0.03132055011220862,,,0.11566147237719974,,,,,,0.22877192585470751,,,,0.3034163606536058
1088,,0.3140618844168485,,0.15377816056918156,,,0.052447234043221394,,,,,,0.049395239660932795,,,,0.2394049276386983
1089,,0.07432462569477107,,0.05965646515446335,,,,,,,,,0.06249626066091914,,,,0.08578353352850134
1090,,0.1053883413596367,,0.10595144603337961,,,,,,,,,0.43304869455399414,,,,0.3126345950091715
1091,,0.3822211075649777,,0.02457516030150397,,,,,,,,,0.30345447495930133,,,,0.45904218939668606
1092,,0.23688194238860516,,0.16270041786425068,,,,,,,,,0.05357860306203281,,,,0.2684449821546363
1093,,0.33708015889407467,,0.05880366749616468,,,,,,,,,0.3688873471841825,,,,0.06821757503350406
1094,,0.08068601930004517,,0.15602578354190894,,,,,,,,,0.33584930927524315,,,,0.5598741154284823
1095,,0.06830094294429301,,0.25470593557022975,,,,,,,,,0.07611458942147808,,,,0.3196312281788174
1096,,0.37901939411469965,,0.030722026074356586,,,,,,,,,0.04937859718731576,,,,0.0543744690720696
1097,,0.07543303529428383,,0.029862860065207532,,,,,,,,,0.2018603932371873,,,,0.21958902595606183
1098,,0.10043386657291281,,0.14750650354416928,,,,,,,,,0.22866534945472924,,,,0.06816056069177175
1099,,0.5252741337715405,,0.002082952961198294,,,,,,,,,0.3179321634590243,,,,0.29159750201613066
1100,,0.038395860881768974,,0.029288390697923807,,,,,,,,,0.20980836695178742,,,,0.15749672416233487
1101,,0.3077667095238746,,0.001415665395789406,,,,,,,,,0.055648694051778344,,,,0.06908023395286395
1102,,0.08632576770985698,,0.024290100471091532,,,,,,,,,0.0681124536191066,,,,0.06236835334628227
1103,,0.08693543776315858,,0.11508595177311988,,,,,,,,,0.1304462153971602,,,,0.26147477349491227
1104,,0.1219310262956467,,0.12292306871002952,,,,,,,,,0.46933632395211045,,,,0.09925206752054365
1105,,0.16467221427102333,,0.19189989285634654,,,,,,,,,0.06964136600784036,,,,0.14060531773531834
1106,,0.41774281679557984,,0.08746696014618424,,,,,,,,,0.003618638901189889,,,,0.07816700977726883
1107,,0.33338010318116745,,0.1922279161716191,,,,,,,,,0.16774892172111502,,,,0.29737614207725926
1108,,0.08226802576589205,,0.12808285354969282,,,,,,,,,0.17947860747502675,,,,0.07624746981578447
1109,,0.016918525000633705,,0.028921693964497168,,,,,,,,,0.04717242326408117,,,,0.3531132280172376
1110,,0.09222986245793038,,0.022985005196360236,,,,,,,,,0.151986460457473,,,,0.0012921407408222957
1111,,0.11184219298478851,,0.10634483790251482,,,,,,,,,0.7267734305923269,,,,0.24200504046635124
1112,,0.06667203581925908,,0.0413791749514413,,,,,,,,,0.05222803141361746,,,,0.6262619023827343
1113,,0.47925867531838845,,0.13707963669154327,,,,,,,,,0.07289970784003688,,,,0.1081701030592569
1114,,0.02955012225605513,,0.21483418739571503,,,,,,,,,0.08510825772800411,,,,0.2946498118390844
1115,,0.3057273579670132,,0.026003547283624504,,,,,,,,,0.2954643003292678,,,,0.07390338043891233
1116,,0.08406352558920932,,0.330290801704262,,,,,,,,,0.3316468423222007,,,,0.08741441138263575
1117,,0.09336276873735952,,0.122793664530461,,,,,,,,,0.057212223341987424,,,,0.3039548525124618
1118,,0.7656717314940642,,0.001187450382889745,,,,,,,,,0.20721423186441745,,,,0.06993777831489602
1119,,0.3046008864483308,,0.026900983782171803,,,,,,,,,0.19918592216048153,,,,0.23694165583841365
1120,,0.07566777981655434,,0.03578575486808866,,,,,,,,,0.05618772445725381,,,,0.2688489855580739
1121,,0.10432612877476503,,0.023262386983811292,,,,,,,,,0.07923779224428922,,,,0.06171861750740842
1122,,0.4025390639638582,,0.10758877104463646,,,,,,,,,0.2892591289395657,,,,0.5164452961409931
1123,,0.07674241884058249,,0.13019289609375603,,,,,,,,,0.10889515060933075,,,,0.3085337415808186
1124,,0.07005070018730729,,0.1335793734653092,,,,,,,,,0.2087379406811473,,,,0.5736527088788965
1125,,0.2976431595165342,,0.16354706159569105,,,,,,,,,0.04994682475520638,,,,0.3196345034350688
1126,,0.15219383365048755,,0.023226444190437,,,,,,,,,0.2910705785998345,,,,0.07508555048204073
1127,,0.098904814137252,,0.03056108099688787,,,,,,,,,0.048514347283007415,,,,0.07594458706960144
1128,,0.29537118756647746,,0.04597142823216641,,,,,,,,,0.41597196568469935,,,,0.05606647531046134
1129,,0.07986322217875054,,0.021982586547110886,,,,,,,,,0.10570984284410669,,,,0.2580217454489971
1130,,0.10066382106900336,,0.15196257417814651,,,,,,,,,0.3112083238655652,,,,0.07113565361519128
1131,,0.3075143235512691,,0.5055428012126956,,,,,,,,,0.04439368564022953,,,,0.2876794694855244
1132,,0.0809839788804507,,0.536315387754056,,,,,,,,,0.01210292421056859,,,,0.05143428320139625
1133,,0.18923987970758993,,0.029603191448949972,,,,,,,,,0.07617743157042675,,,,0.24519308679540722
1134,,0.3304469686213425,,0.02559282584615444,,,,,,,,,0.3047799476381729,,,,0.08531890820061787
1135,,0.08453772743592375,,0.14584077347289687,,,,,,,,,0.30340551795133364,,,,0.05557775652208925
1136,,0.07252879028925206,,0.3102052482375873,,,,,,,,,0.051406199629701214,,,,0.06955930988936186
1137,,0.2583121196004932,,0.07424196697350637,,,,,,,,,0.06545513810700916,,,,0.3206177447545826
1138,,0.08976727695711433,,0.04283691744711221,,,,,,,,,0.4436268243060004,,,,0.3002314537596879
1139,,0.07211146660245424,,0.03832261694496671,,,,,,,,,0.3444103689637505,,,,0.06918872283079654
1140,,0.3627761000040849,,0.05582893746234831,,,,,,,,,0.2802104771741726,,,,0.0625339643712597
1141,,0.2110391526078448,,0.35522438143349194,,,,,,,,,0.07263921219644376,,,,0.27639219438147417
1142,,0.14391763803374322,,0.030428136888336857,,,,,,,,,0.06896552162675378,,,,0.055438181531441644
1143,,0.401230013399025,,0.026195965149719204,,,,,,,,,0.25963829088819906,,,,0.2821882219925596
1144,,0.08892559071609933,,0.1286212570242515,,,,,,,,,0.2655063815831311,,,,0.2396258452115235
1145,,0.07510150106118803,,0.004856280133256131,,,,,,,,,0.05105686532340275,,,,0.2329182690108667
1146,,0.0838370040679014,,0.05215654492990092,,,,,,,,,0.08800102414677823,,,,0.29250782176231843
1147,,0.10612181688406284,,0.12049958977511677,,,,,,,,,0.0859500496707363,,,,0.28523841764441227
1148,,0.3299161218780772,,0.029827505317854018,,,,,,,,,0.07924894521865859,,,,0.004827764708600645
1149,,0.07636316095537617,,0.023889385352565892,,,,,,,,,0.27119222417387806,,,,0.320261924189448
1150,,0.07096312816806412,,0.30338834569298667,,,,,,,,,0.24056427256712706,,,,
1151,,0.22123478935509722,,0.024276702028571937,,,,,,,,,0.05958505728462597,,,,
1152,,0.07708887640592738,,0.0739149308942494,,,,,,,,,0.08370970442525758,,,,
1153,,0.20290349336693922,,0.035809060468607504,,,,,,,,,0.12146172282036317,,,,
1154,,0.0961655028535832,,0.17862124207813887,,,,,,,,,0.21728298896815193,,,,
1155,,0.38012287174769355,,0.041225680639760155,,,,,,,,,0.05714007104030686,,,,
1156,,0.09101020250150815,,0.26673707049556217,,,,,,,,,0.05281424419285942,,,,
1157,,0.3213071236146508,,0.0036656546743566018,,,,,,,,,0.04588550802123529,,,,
1158,,0.07682001756861555,,0.02656441618625283,,,,,,,,,0.3408528962415943,,,,
1159,,0.07166444715625785,,0.031066957535400664,,,,,,,,,0.34395247702887105,,,,
1160,,0.3286450868643518,,0.03147472330399517,,,,,,,,,0.4143922661185313,,,,
1161,,0.3789928047903926,,0.001247647575667556,,,,,,,,,0.05412865937690283,,,,
1162,,0.08991652603127034,,0.07010863404484513,,,,,,,,,0.3192227861443489,,,,
1163,,0.07349665176516898,,0.028846028505527213,,,,,,,,,0.09867052100456734,,,,
1164,,0.3120931247851121,,0.02301412200814633,,,,,,,,,0.01281410425274452,,,,
1165,,0.07554965822773343,,0.13290187359400782,,,,,,,,,0.6139997814920471,,,,
1166,,0.06851202965976905,,0.03823673530753761,,,,,,,,,0.3046677831067987,,,,
1167,,0.36917653997199223,,,,,,,,,,,0.049358477327971426,,,,
1168,,0.13797900227548468,,,,,,,,,,,0.08018661631124753,,,,
1169,,0.09400989973843607,,,,,,,,,,,0.1277746732635245,,,,
1170,,0.30296793896760355,,,,,,,,,,,0.26639126998575297,,,,
1171,,0.09565968826859866,,,,,,,,,,,0.37064583378643223,,,,
1172,,0.09293112795445574,,,,,,,,,,,0.05407576666998424,,,,
1173,,0.36989729081035905,,,,,,,,,,,0.19240654049288566,,,,
1174,,0.07759660260594749,,,,,,,,,,,0.41451600551734763,,,,
1175,,0.08033506615539708,,,,,,,,,,,0.22896459396282465,,,,
1176,,0.3527562614061859,,,,,,,,,,,0.051106104821335804,,,,
1177,,0.12562354558872837,,,,,,,,,,,0.2507924521635217,,,,
1178,,0.30662819312913603,,,,,,,,,,,0.04913733354857299,,,,
1179,,0.08184280277350144,,,,,,,,,,,0.442046714668654,,,,
1180,,0.10675735508189373,,,,,,,,,,,0.2963144692934652,,,,
1181,,0.22604471929470066,,,,,,,,,,,0.05114686307231197,,,,
1182,,0.07581709984837916,,,,,,,,,,,0.37735974210850953,,,,
1183,,0.12397082814450831,,,,,,,,,,,0.04578331346420565,,,,
1184,,0.07448755991812515,,,,,,,,,,,0.08562245198503017,,,,
1185,,0.11770282099091976,,,,,,,,,,,0.3716776483323038,,,,
1186,,0.1047166589738351,,,,,,,,,,,0.6443514223587102,,,,
1187,,0.4069823899229132,,,,,,,,,,,0.4229017400550732,,,,
1188,,0.30914151668894757,,,,,,,,,,,0.07182191438068801,,,,
1189,,0.07641965981800414,,,,,,,,,,,0.05124823524388094,,,,
1190,,0.09038213289192139,,,,,,,,,,,0.6182921768976029,,,,
1191,,0.4320277212648302,,,,,,,,,,,0.25254012107774076,,,,
1192,,0.2942209137572578,,,,,,,,,,,0.10322328156887627,,,,
1193,,0.08772781829726614,,,,,,,,,,,0.0611260522684667,,,,
1194,,0.08231682283566727,,,,,,,,,,,0.20898437686243565,,,,
1195,,0.5239666984813857,,,,,,,,,,,0.05149687525136046,,,,
1196,,0.08200376337816072,,,,,,,,,,,0.26378605078676537,,,,
1197,,0.026724690823553377,,,,,,,,,,,0.08804468832515701,,,,
1198,,0.256272049815004,,,,,,,,,,,0.27153584357492394,,,,
1199,,0.09261953448053899,,,,,,,,,,,0.25345528671519263,,,,
1200,,0.07598685862363441,,,,,,,,,,,0.05376261361858676,,,,
1201,,0.3329561402080551,,,,,,,,,,,0.4223352588606167,,,,
1202,,0.10593719768407195,,,,,,,,,,,0.21187395497249906,,,,
1203,,0.33469344200429574,,,,,,,,,,,0.05362164780549638,,,,
1204,,0.07670022597869665,,,,,,,,,,,0.09903602671443591,,,,
1205,,0.09318782258565395,,,,,,,,,,,0.3918424836797925,,,,
1206,,0.37607593355908886,,,,,,,,,,,0.30010050476931255,,,,
1207,,0.07487272494207435,,,,,,,,,,,0.05801228586063339,,,,
1208,,0.07053119702865984,,,,,,,,,,,,,,,
1209,,0.4220942364222551,,,,,,,,,,,,,,,
1210,,0.09152609688665317,,,,,,,,,,,,,,,
1211,,0.37812959522496165,,,,,,,,,,,,,,,
1212,,0.09134504393100414,,,,,,,,,,,,,,,
1213,,0.07402976200220637,,,,,,,,,,,,,,,
1214,,0.34180632790563836,,,,,,,,,,,,,,,
1215,,0.4325016624165658,,,,,,,,,,,,,,,
1216,,0.1459566069738438,,,,,,,,,,,,,,,
1217,,0.3746877887995371,,,,,,,,,,,,,,,
1218,,0.09198750924344627,,,,,,,,,,,,,,,
1219,,0.09889345585012098,,,,,,,,,,,,,,,
1220,,0.12528188190666165,,,,,,,,,,,,,,,
1221,,0.22746492882183827,,,,,,,,,,,,,,,
1222,,0.08407080872182754,,,,,,,,,,,,,,,
1223,,0.012778616892565056,,,,,,,,,,,,,,,
1224,,0.13822663997897106,,,,,,,,,,,,,,,
1225,,0.09946662725961387,,,,,,,,,,,,,,,
1226,,0.18256731524762837,,,,,,,,,,,,,,,
1227,,0.0845838073219069,,,,,,,,,,,,,,,
1228,,0.3042054471740548,,,,,,,,,,,,,,,
1229,,0.0692895968610677,,,,,,,,,,,,,,,
1230,,0.3523849018103549,,,,,,,,,,,,,,,
1231,,0.08317286250086207,,,,,,,,,,,,,,,
1232,,0.07491400140853496,,,,,,,,,,,,,,,
1233,,0.33811131298604313,,,,,,,,,,,,,,,
1234,,0.42078491414230607,,,,,,,,,,,,,,,
1235,,0.0908276509358455,,,,,,,,,,,,,,,
1236,,0.07952378059175981,,,,,,,,,,,,,,,
1237,,0.2777641786746366,,,,,,,,,,,,,,,
1238,,0.0680241737521985,,,,,,,,,,,,,,,
1239,,0.15399165025266828,,,,,,,,,,,,,,,
1240,,0.10681904608605149,,,,,,,,,,,,,,,
1241,,0.2397933668856774,,,,,,,,,,,,,,,
1242,,0.09081674863330433,,,,,,,,,,,,,,,
1243,,0.12128358795493163,,,,,,,,,,,,,,,
1244,,0.0739665952397677,,,,,,,,,,,,,,,
1245,,0.3958573508279806,,,,,,,,,,,,,,,
1246,,0.4549165022968087,,,,,,,,,,,,,,,
1247,,0.06981561351577789,,,,,,,,,,,,,,,
1248,,0.09411666986750386,,,,,,,,,,,,,,,
1249,,0.14507789491482703,,,,,,,,,,,,,,,
1250,,0.06964802163981537,,,,,,,,,,,,,,,
1251,,0.4187510699655208,,,,,,,,,,,,,,,
1252,,0.08712663765386551,,,,,,,,,,,,,,,
1253,,0.07995430931805952,,,,,,,,,,,,,,,
1254,,0.39800395189145454,,,,,,,,,,,,,,,
1255,,0.08828186182977973,,,,,,,,,,,,,,,
1256,,0.07275123656802278,,,,,,,,,,,,,,,
1257,,0.23980253764062237,,,,,,,,,,,,,,,
1258,,0.07610619770082494,,,,,,,,,,,,,,,
1259,,0.07292222518094042,,,,,,,,,,,,,,,
1260,,0.2758198398541935,,,,,,,,,,,,,,,
1261,,0.0749512260011346,,,,,,,,,,,,,,,
1262,,0.38668711855579696,,,,,,,,,,,,,,,
1263,,0.09022051241588261,,,,,,,,,,,,,,,
1264,,0.08419103915807166,,,,,,,,,,,,,,,
1265,,0.4068534247749017,,,,,,,,,,,,,,,
1266,,0.30308698052522615,,,,,,,,,,,,,,,
1267,,0.08717305599393348,,,,,,,,,,,,,,,
1268,,0.08839987585767016,,,,,,,,,,,,,,,
1269,,0.0910793222767261,,,,,,,,,,,,,,,
1270,,0.0889339036403442,,,,,,,,,,,,,,,
1271,,0.3030094939979343,,,,,,,,,,,,,,,
1272,,0.18967122303232975,,,,,,,,,,,,,,,
1273,,0.30089223074251986,,,,,,,,,,,,,,,
1274,,0.0787489166950432,,,,,,,,,,,,,,,
1275,,0.09091063075617414,,,,,,,,,,,,,,,
1276,,0.44799179682619605,,,,,,,,,,,,,,,
1277,,0.32776978732272627,,,,,,,,,,,,,,,
1278,,0.08273895861831175,,,,,,,,,,,,,,,
1279,,0.07075069314380178,,,,,,,,,,,,,,,
1280,,0.5096754605171812,,,,,,,,,,,,,,,
1281,,0.3064146456560335,,,,,,,,,,,,,,,
1282,,0.08116394912066414,,,,,,,,,,,,,,,
1283,,0.004545575364686785,,,,,,,,,,,,,,,
1284,,0.08536005409272893,,,,,,,,,,,,,,,
1285,,0.14078086909538623,,,,,,,,,,,,,,,
1286,,0.3769723435022809,,,,,,,,,,,,,,,
1287,,0.15149897272502727,,,,,,,,,,,,,,,
1288,,0.3794942278769456,,,,,,,,,,,,,,,
1289,,0.0885512612842864,,,,,,,,,,,,,,,
1290,,0.07475385776277858,,,,,,,,,,,,,,,
1291,,0.005527509345175068,,,,,,,,,,,,,,,
1292,,0.36642332263736477,,,,,,,,,,,,,,,
1293,,0.1535982153012211,,,,,,,,,,,,,,,
1294,,0.38983446351306006,,,,,,,,,,,,,,,
1295,,0.08894574374282643,,,,,,,,,,,,,,,
1296,,0.08130659362590915,,,,,,,,,,,,,,,
1297,,0.36933525988905846,,,,,,,,,,,,,,,
1298,,0.08238118757131872,,,,,,,,,,,,,,,
1299,,0.24565104042815977,,,,,,,,,,,,,,,
1300,,0.6704097594047999,,,,,,,,,,,,,,,
1301,,0.08853424457893921,,,,,,,,,,,,,,,
1302,,0.08987399484871206,,,,,,,,,,,,,,,
1303,,0.12477032002282522,,,,,,,,,,,,,,,
1304,,0.1738732477420084,,,,,,,,,,,,,,,
1305,,0.07379779911309522,,,,,,,,,,,,,,,
1306,,0.098269733385198,,,,,,,,,,,,,,,
1307,,0.13542565623284566,,,,,,,,,,,,,,,
1308,,0.21794260517628294,,,,,,,,,,,,,,,
1309,,0.07724541758992391,,,,,,,,,,,,,,,
1310,,0.01481817243898736,,,,,,,,,,,,,,,
1311,,0.31202430735001524,,,,,,,,,,,,,,,
1312,,0.09456621292574233,,,,,,,,,,,,,,,
1313,,0.36711936152234925,,,,,,,,,,,,,,,
1314,,0.09006797061131656,,,,,,,,,,,,,,,
1315,,0.0783182857618807,,,,,,,,,,,,,,,
1316,,0.4064176575091401,,,,,,,,,,,,,,,
1317,,0.08242643510685219,,,,,,,,,,,,,,,
1318,,0.088469384731726,,,,,,,,,,,,,,,
1319,,0.45172971549190205,,,,,,,,,,,,,,,
1320,,0.3062792887018082,,,,,,,,,,,,,,,
1321,,0.07760144631328732,,,,,,,,,,,,,,,
1322,,0.09435034488400523,,,,,,,,,,,,,,,
1323,,0.36234265581138064,,,,,,,,,,,,,,,
1324,,0.08013665130679275,,,,,,,,,,,,,,,
1325,,0.12288161874021913,,,,,,,,,,,,,,,
1326,,0.14128683188175967,,,,,,,,,,,,,,,
1327,,0.3105667754577911,,,,,,,,,,,,,,,
1328,,0.29319802576047355,,,,,,,,,,,,,,,
1329,,0.07964555610174504,,,,,,,,,,,,,,,
1330,,0.09073079053369043,,,,,,,,,,,,,,,
1331,,0.40852442553282714,,,,,,,,,,,,,,,
1332,,0.08072999780036975,,,,,,,,,,,,,,,
1333,,0.07872382122652179,,,,,,,,,,,,,,,
1334,,0.30272384515892103,,,,,,,,,,,,,,,
1335,,0.455184113143499,,,,,,,,,,,,,,,
1336,,0.08806036831007938,,,,,,,,,,,,,,,
1337,,0.0806425549198629,,,,,,,,,,,,,,,
1338,,0.4213063851961941,,,,,,,,,,,,,,,
1339,,0.48447809040086426,,,,,,,,,,,,,,,
1340,,0.0733731464017657,,,,,,,,,,,,,,,
1341,,0.09022096102057772,,,,,,,,,,,,,,,
1342,,0.11097854901350576,,,,,,,,,,,,,,,
1343,,0.07302451071307119,,,,,,,,,,,,,,,
1344,,0.283911543746507,,,,,,,,,,,,,,,
1345,,0.07785955188524957,,,,,,,,,,,,,,,
1346,,0.09722722439605627,,,,,,,,,,,,,,,
1347,,0.4004665166753038,,,,,,,,,,,,,,,
1348,,0.08063603606168449,,,,,,,,,,,,,,,
1349,,0.07535148843681341,,,,,,,,,,,,,,,
1350,,0.31557922829152685,,,,,,,,,,,,,,,
1351,,0.08891935047006391,,,,,,,,,,,,,,,
1352,,0.40678820630117285,,,,,,,,,,,,,,,
1353,,0.0790969136515092,,,,,,,,,,,,,,,
1354,,0.1299933466343982,,,,,,,,,,,,,,,
1355,,0.0977226599735904,,,,,,,,,,,,,,,
1356,,0.07362628302031095,,,,,,,,,,,,,,,
1357,,0.29045365417670616,,,,,,,,,,,,,,,
1358,,0.07576440227018652,,,,,,,,,,,,,,,
1359,,0.06895686973002635,,,,,,,,,,,,,,,
1360,,0.4699036680899384,,,,,,,,,,,,,,,
1361,,0.07597741346369315,,,,,,,,,,,,,,,
1362,,0.11036659773810666,,,,,,,,,,,,,,,
1363,,0.4280749860735012,,,,,,,,,,,,,,,
1364,,0.08815869383464733,,,,,,,,,,,,,,,
1365,,0.0708416687987089,,,,,,,,,,,,,,,
1366,,0.3762873873602715,,,,,,,,,,,,,,,
1367,,0.30123846358727135,,,,,,,,,,,,,,,
1368,,0.08244463948285216,,,,,,,,,,,,,,,
1369,,0.07227487053090827,,,,,,,,,,,,,,,
1370,,0.2938617165369444,,,,,,,,,,,,,,,
1371,,0.0799592181069004,,,,,,,,,,,,,,,
1372,,0.07468287803407173,,,,,,,,,,,,,,,
1373,,0.0063688099700985705,,,,,,,,,,,,,,,
1374,,0.2458309848893087,,,,,,,,,,,,,,,
1375,,0.08814864193383101,,,,,,,,,,,,,,,
1376,,0.10229155416044552,,,,,,,,,,,,,,,
1377,,0.33694443120121276,,,,,,,,,,,,,,,
1378,,0.125514567412211,,,,,,,,,,,,,,,
1379,,0.30208605929855126,,,,,,,,,,,,,,,
1380,,0.08190877058446278,,,,,,,,,,,,,,,
1381,,0.0899064876717787,,,,,,,,,,,,,,,
1382,,0.09332248509292004,,,,,,,,,,,,,,,
1383,,0.07378442211677322,,,,,,,,,,,,,,,
1384,,0.3136524882374624,,,,,,,,,,,,,,,
1385,,0.1556642886799783,,,,,,,,,,,,,,,
1386,,0.3002219866895742,,,,,,,,,,,,,,,
1387,,0.0876582510136938,,,,,,,,,,,,,,,
1388,,0.07094716131950879,,,,,,,,,,,,,,,
1389,,0.3402304415425311,,,,,,,,,,,,,,,
1390,,0.074959314701064,,,,,,,,,,,,,,,
1391,,0.09450691228873072,,,,,,,,,,,,,,,
1392,,0.17283103893187413,,,,,,,,,,,,,,,
1393,,0.49848173408637303,,,,,,,,,,,,,,,
1394,,0.07612481890035654,,,,,,,,,,,,,,,
1395,,0.3925175990363184,,,,,,,,,,,,,,,
1396,,0.09039149572033674,,,,,,,,,,,,,,,
1397,,0.07893821801141827,,,,,,,,,,,,,,,
1398,,0.34830204757112043,,,,,,,,,,,,,,,
1399,,0.07270521078748635,,,,,,,,,,,,,,,
1400,,0.09213012429820902,,,,,,,,,,,,,,,
1401,,0.38515811915814024,,,,,,,,,,,,,,,
1402,,0.14784494988105015,,,,,,,,,,,,,,,
1403,,0.33838679081700285,,,,,,,,,,,,,,,
1404,,0.0756996147578176,,,,,,,,,,,,,,,
1405,,0.08721573592821,,,,,,,,,,,,,,,
1406,,0.625519755141772,,,,,,,,,,,,,,,
1407,,0.3828401674950939,,,,,,,,,,,,,,,
1408,,0.0977913798966716,,,,,,,,,,,,,,,
1409,,0.07917681061534296,,,,,,,,,,,,,,,
1410,,0.3392474983640418,,,,,,,,,,,,,,,
1411,,0.3190367257736213,,,,,,,,,,,,,,,
1412,,0.08250411169179755,,,,,,,,,,,,,,,
1413,,0.0943395905616355,,,,,,,,,,,,,,,
1414,,0.10197658328723148,,,,,,,,,,,,,,,
1415,,0.07378100192599962,,,,,,,,,,,,,,,
1416,,0.3406536278365647,,,,,,,,,,,,,,,
1417,,0.13616900061718848,,,,,,,,,,,,,,,
1418,,0.3805738247642765,,,,,,,,,,,,,,,
1419,,0.09301011094623025,,,,,,,,,,,,,,,
1420,,0.04230126716554355,,,,,,,,,,,,,,,
1421,,0.07827979870745445,,,,,,,,,,,,,,,
1422,,0.3366367312500636,,,,,,,,,,,,,,,
1423,,0.1669005243452573,,,,,,,,,,,,,,,
1424,,0.2988042858246878,,,,,,,,,,,,,,,
1425,,0.08398854196261278,,,,,,,,,,,,,,,
1426,,0.08607280904892504,,,,,,,,,,,,,,,
1427,,0.3735766606358759,,,,,,,,,,,,,,,
1428,,0.07662771156085574,,,,,,,,,,,,,,,
1429,,0.06908513373656537,,,,,,,,,,,,,,,
1430,,0.33871184026526274,,,,,,,,,,,,,,,
1431,,0.30148623648032835,,,,,,,,,,,,,,,
1432,,0.08114913657204391,,,,,,,,,,,,,,,
1433,,0.0940712985047045,,,,,,,,,,,,,,,
1434,,0.36503830753534305,,,,,,,,,,,,,,,
1435,,0.08631238365096441,,,,,,,,,,,,,,,
1436,,0.06838036056451445,,,,,,,,,,,,,,,
1437,,0.3898355367846799,,,,,,,,,,,,,,,
1438,,0.07940234036241917,,,,,,,,,,,,,,,
1439,,0.08969213517808121,,,,,,,,,,,,,,,
1440,,0.38602618019299334,,,,,,,,,,,,,,,
1441,,0.15039512355978393,,,,,,,,,,,,,,,
1442,,0.32369775526206684,,,,,,,,,,,,,,,
1443,,0.07918006797395886,,,,,,,,,,,,,,,
1444,,0.06938785354677064,,,,,,,,,,,,,,,
1445,,0.2595015790034352,,,,,,,,,,,,,,,
1446,,0.07585209034401172,,,,,,,,,,,,,,,
1447,,0.08040904605094008,,,,,,,,,,,,,,,
1448,,0.4898432026809998,,,,,,,,,,,,,,,
1449,,0.099569473822686,,,,,,,,,,,,,,,
1450,,0.08112260769098649,,,,,,,,,,,,,,,
1451,,0.3512740418376043,,,,,,,,,,,,,,,
1452,,0.36569711305910735,,,,,,,,,,,,,,,
1453,,0.08853608323356088,,,,,,,,,,,,,,,
1454,,0.07477142911510846,,,,,,,,,,,,,,,
1455,,0.2907961062496746,,,,,,,,,,,,,,,
1456,,0.07690067509979387,,,,,,,,,,,,,,,
1457,,0.09957695517095698,,,,,,,,,,,,,,,
1458,,0.3977619196942295,,,,,,,,,,,,,,,
1459,,0.5526035416122909,,,,,,,,,,,,,,,
1460,,0.09218130810176525,,,,,,,,,,,,,,,
1461,,0.081471134111747,,,,,,,,,,,,,,,
1462,,0.4923976309519746,,,,,,,,,,,,,,,
1463,,0.08767975228055701,,,,,,,,,,,,,,,
1464,,0.07433652485702452,,,,,,,,,,,,,,,
1465,,0.4895854932403716,,,,,,,,,,,,,,,
1466,,0.30150723118592754,,,,,,,,,,,,,,,
1467,,0.08318545294642662,,,,,,,,,,,,,,,
1468,,0.07269201430162821,,,,,,,,,,,,,,,
1469,,0.29696475300057007,,,,,,,,,,,,,,,
1470,,0.07847418758906949,,,,,,,,,,,,,,,
1471,,0.06767053325943566,,,,,,,,,,,,,,,
1472,,0.9670601143274073,,,,,,,,,,,,,,,
1473,,0.6752726230639842,,,,,,,,,,,,,,,
1474,,0.07535212606359065,,,,,,,,,,,,,,,
1475,,0.07176225600800486,,,,,,,,,,,,,,,
1476,,0.5191463580512998,,,,,,,,,,,,,,,
1477,,0.14177325530900653,,,,,,,,,,,,,,,
1478,,0.39937222249279974,,,,,,,,,,,,,,,
1479,,0.1022241175710924,,,,,,,,,,,,,,,
1480,,0.07708966332562048,,,,,,,,,,,,,,,
1481,,0.0821433566224636,,,,,,,,,,,,,,,
1482,,0.0862545282845746,,,,,,,,,,,,,,,
1483,,0.13173565821452046,,,,,,,,,,,,,,,
1484,,0.07201566072942989,,,,,,,,,,,,,,,
1485,,0.3096383069433476,,,,,,,,,,,,,,,
1486,,0.36215487158610654,,,,,,,,,,,,,,,
1487,,0.38008501928926824,,,,,,,,,,,,,,,
1488,,0.30261665319412095,,,,,,,,,,,,,,,
1489,,0.07857608458014216,,,,,,,,,,,,,,,
1490,,0.10325862185757873,,,,,,,,,,,,,,,
1491,,0.09657338469302755,,,,,,,,,,,,,,,
1492,,0.0770741695750635,,,,,,,,,,,,,,,
1493,,0.3148186967030557,,,,,,,,,,,,,,,
1494,,0.17490087351957984,,,,,,,,,,,,,,,
1495,,0.4614948334194942,,,,,,,,,,,,,,,
1496,,0.09222737343030707,,,,,,,,,,,,,,,
1497,,0.11665198075671712,,,,,,,,,,,,,,,
1498,,0.286646818424006,,,,,,,,,,,,,,,
1499,,0.09166335819903293,,,,,,,,,,,,,,,
1500,,0.07533227738483404,,,,,,,,,,,,,,,
1501,,0.32422217641628553,,,,,,,,,,,,,,,
1502,,0.07143667999265191,,,,,,,,,,,,,,,
1503,,0.12466823319420353,,,,,,,,,,,,,,,
1504,,0.2973807258607686,,,,,,,,,,,,,,,
1505,,0.07775017809681917,,,,,,,,,,,,,,,
1506,,0.09724801254461923,,,,,,,,,,,,,,,
1507,,0.5051580556330005,,,,,,,,,,,,,,,
1508,,0.10061950053239821,,,,,,,,,,,,,,,
1509,,0.3686879425774171,,,,,,,,,,,,,,,
1510,,0.0980480703659027,,,,,,,,,,,,,,,
1511,,0.07645448379686982,,,,,,,,,,,,,,,
1512,,0.2844920957164726,,,,,,,,,,,,,,,
1513,,0.08856083326534017,,,,,,,,,,,,,,,
1514,,0.07510067065140606,,,,,,,,,,,,,,,
1515,,0.40279133107845994,,,,,,,,,,,,,,,
1516,,0.1821662800040851,,,,,,,,,,,,,,,
1517,,0.32588313944787595,,,,,,,,,,,,,,,
1518,,0.07865887471471994,,,,,,,,,,,,,,,
1519,,0.06979431475997397,,,,,,,,,,,,,,,
1520,,0.44853426924276935,,,,,,,,,,,,,,,
1521,,0.07816180897585567,,,,,,,,,,,,,,,
1522,,0.08311025865131676,,,,,,,,,,,,,,,
1523,,0.310680442704063,,,,,,,,,,,,,,,
1524,,0.5337824870762703,,,,,,,,,,,,,,,
1525,,0.3752024941681361,,,,,,,,,,,,,,,
1526,,0.0910683551119837,,,,,,,,,,,,,,,
1527,,0.08275012513882563,,,,,,,,,,,,,,,
1528,,0.3189316875266071,,,,,,,,,,,,,,,
1529,,0.14936208197834558,,,,,,,,,,,,,,,
1530,,0.1611364856297195,,,,,,,,,,,,,,,
1531,,0.3060404835824059,,,,,,,,,,,,,,,
1532,,0.09352025086197749,,,,,,,,,,,,,,,
1533,,0.07566808233629818,,,,,,,,,,,,,,,
1534,,0.3349179804486921,,,,,,,,,,,,,,,
1535,,0.13624406568499237,,,,,,,,,,,,,,,
1536,,0.3748181709048201,,,,,,,,,,,,,,,
1537,,0.09567679557836155,,,,,,,,,,,,,,,
1538,,0.0754487005946663,,,,,,,,,,,,,,,
1539,,0.3403761618255357,,,,,,,,,,,,,,,
1540,,0.13765136738256284,,,,,,,,,,,,,,,
1541,,0.3788811596852153,,,,,,,,,,,,,,,
1542,,0.08773037902855377,,,,,,,,,,,,,,,
1543,,0.07566331042444581,,,,,,,,,,,,,,,
1544,,0.012831814597123566,,,,,,,,,,,,,,,
1545,,0.5019429803467382,,,,,,,,,,,,,,,
1546,,0.07607276706690287,,,,,,,,,,,,,,,
1547,,0.31074681578164404,,,,,,,,,,,,,,,
1548,,0.09281757366309466,,,,,,,,,,,,,,,
1549,,,,,,,,,,,,,,,,,
1550,,,,,,,,,,,,,,,,,
1551,,,,,,,,,,,,,,,,,
1552,,,,,,,,,,,,,,,,,
1553,,,,,,,,,,,,,,,,,
1554,,,,,,,,,,,,,,,,,
1555,,,,,,,,,,,,,,,,,
1556,,,,,,,,,,,,,,,,,
1557,,,,,,,,,,,,,,,,,
1558,,,,,,,,,,,,,,,,,
1559,,,,,,,,,,,,,,,,,
1560,,,,,,,,,,,,,,,,,
1561,,,,,,,,,,,,,,,,,
