,6PG5,6PG6,6PG8,6PG9,6PG10,6PG11,6PG12,6PG15,6PG24,6PG25,6PG27,6PG28,6PG30,ML11,ML12,ML13,ML14,ML15,ML17,6PG33,6PG34,6PG35
0,,,,,,,,,,,,,,,,,,,,,,
1,0.22585898,0.003793107,0.277464542,0.00189234,1,0.409934909,0.26407186,0.483139859,,0.187330021,0.278875674,0.002385203,0.18855224,0.255235432,0.444717709,0.055294666,0.009886821,0.441588066,0.00221274,0.013611494,1,0.806211158
2,0.116140355,0.082501682,0.291991913,0.507550985,0.172670159,0.340021751,0.303899528,0.003978572,0.510864611,0.116986846,0.087573919,0.031137693,0.034533648,0.312009296,0.275024063,0.050386031,0.517423286,0.035510712,0.737851925,0.610095549,0.022086602,0.370162584
3,0.769202093,0.069435448,0.478142702,0.332771669,0.001647388,0.080033353,0.237456016,0.198400891,0.056511149,0.739268967,0.155426416,0.906806184,1,0.414660955,0.029688693,0.00653036,0.283314695,0.298333959,0.303812817,0.322623028,0.59745214,0.638377898
4,0.135957905,0.238642511,0.22261154,0.001627134,0.000363698,0.148413622,0.322734026,0.180092484,0.464342046,0.308547284,0.217454116,0.012635499,0.183078851,0.120607879,0.301568548,1,0.191537546,0.058735185,0.003052234,0.003958748,0.023772037,0.00540464
5,0.174030486,0.081613761,1,0.168983395,0.173993246,0.554585396,0.679599119,0.160737519,0.370445252,0.00188397,0.256472341,0.275759178,0.267438167,0.707660174,0,0.160890294,0.568241082,0.725755174,0.736650658,0.24187368,0.08662592,0.294381989
6,0.37245298,0.056968089,0.341932614,0.053714039,0.145318442,0.17278256,0.726091043,0.255574824,0.298949426,0.228795356,0.164908156,0.249873348,0.178363859,0.240334388,0.482397619,0.225683249,0.235624319,0.043379136,0.880907041,0.135755985,0.52458617,0.296130654
7,0.005669277,0.289177348,0.075110578,0.165942678,0.049440449,0.034391418,0.055941427,0.258193177,0.199211697,0.734503129,0.096131041,0.334606692,0.143806691,0.168034466,0.227733169,0.290143679,0.428178551,0.058160935,1,0.036739448,0.089783069,1
8,0.276492671,0.027150668,0.00513221,0.181993236,0.087782056,0.171717754,0.094477289,0.084177012,1,0.259107729,1,0.01368645,0.022564276,0.294303141,0.244385987,0.129855836,0.653535719,0.217594431,0.004582361,0.033214792,0.038069472,0.012226906
9,0.012507462,0.063399433,0.125117696,0.010125883,0.08413515,0.297096993,0.317388255,0.002218487,0.055978124,1,0.035171365,0.032545388,0.177597534,0.052422673,0.388001228,0.080463232,0.394204351,0.002414936,0.821609313,0.394666828,0.128168911,0.268602224
10,0.056540111,0.12010743,0.198016553,0.028616044,0.304948184,0.157566244,0.197514798,0.516394673,0.001405047,0.011505877,0.004798611,0.253565847,0.134501372,0.148814879,0.387332848,0.209988141,0.287072121,0.190782657,0.093194781,0.026838093,0.079304578,0.052709538
11,0.205321766,0.054810081,0.13356305,0.034894817,0.01129826,0.04454711,0.043047478,0.026631693,0.263308808,0.951831208,0.410815105,0.198059937,0.106942308,0.022950636,0.004935732,0.001306499,0.098770077,0.04815804,0.901690802,0.13313473,0.161240824,0.465720045
12,0.082574047,1,0.047748999,0.131880389,0.02557967,0.319361791,0.071775682,1,0.440764441,0.082854269,0.45198914,0.006856659,0.105263332,0.067955223,0.068922307,0.258442475,0.034791084,0.450025336,0.191305739,0.00321478,0.052254304,0.398509842
13,0.199732012,0.075548028,0.18033781,0.067054157,0.136947553,0.225422075,0.293559383,0.004078595,0.238679311,0.007680926,0.040257844,0.075579463,0.161833672,0.141788976,0.188633619,0.119294349,0.288992166,0.195605927,0.135590637,0.154114138,0.553710724,0.283717454
14,0.027212148,0.149402481,0.04217559,0.415965945,0.322565163,0.503310025,0.359011476,0.000445895,0.186165383,0.122478514,0.187841621,0.031091805,0.189704945,0.118255795,0.383306971,0.67725557,0.572219784,0.21967667,0.374039176,0.025479235,0.051627879,0.551790472
15,0.118359749,0.290707131,0.067568609,0.176618218,0.036670491,0.234485346,0.329811033,0.484893104,0.042838434,0.029189199,0.038932597,0.148227939,0.212548211,0.0238982,0.175761062,0.001383566,0.514399404,0.185640108,0.072521347,0.26254096,0.176637427,0.252413786
16,0.079896852,0.348337943,0.203490903,0.069618194,0.01291947,0.043208282,0.189363313,0.890233915,0.001267123,0.047012627,0.001750119,0.303198394,0.034201902,0.230131775,0.053499316,0.048918899,0.36054654,0.041853037,0.063745112,0.511494183,0.054645532,0.061860657
17,0.037078726,0.152785765,0.245613468,0.208619047,0.081066567,0.367411561,0.102966417,0.081444844,0.002259275,0.013778236,0.000437805,0.198104933,0.022022312,0.01992371,0.352921825,0.023709174,0.052075585,0.536376497,0.101855387,0.006063967,0.035077636,0.690718545
18,0.15123191,0.20319819,0.037422902,0.197485888,0.072852353,0.038024101,0.481934793,0.027351107,0.145240469,0.303984384,0.000860874,0.07394674,0.369790209,0.030752138,0.232262122,0.054953644,0.005196575,0.185692576,0.238851158,0.027609845,0.22870155,0.72313899
19,0.065088031,0.075370749,0.345182592,0.19957617,0.102692998,0.009370317,0.010238976,0.003362269,0.001665363,0.037774362,0.006406391,0.224103624,0.347661323,0.153116932,0.198882451,0.296231616,0.003859343,0.760959117,0.101620858,0.005763412,0.415175251,0.05915113
20,0.111202214,0.068531277,0.330129642,0.024061196,0.044071195,0.129499316,0.202929205,0.078292726,0.196269827,0.239194811,0.208298291,0.488215293,0.053711454,0.03284715,0.163257022,0.229369701,0.079309009,0.182873961,0.309721176,0.014122782,0.029563193,0.086809001
21,0.026049682,0.049045996,0.036256214,0.20776644,0.008932257,0.033228014,0.388442602,0.017395717,0.149560692,0.195503246,0.186971049,1,0.434785603,0.07831478,0.178420742,0.024214762,0.433316259,0.026046682,0.104485427,0.077344952,0.405747039,0.045585375
22,0.053844743,0.101933189,0.492394992,0.088313499,0.055316083,0.224675264,0.363970539,0.007953597,0.023227591,0.04745955,0.00241801,0.098337823,0.223000327,0.022214189,0.221903387,0.335013841,0.075261237,0.040575416,0.442796556,0.003865827,0.047928299,0.362613949
23,0.103200618,0.062532959,0.318171183,0.090444027,0.084268841,0.189570094,0.348035487,0.026486919,0.574463132,0.229949148,0.353520851,0.025657744,0.06555385,0.022319194,0.056203785,0.213887861,0.308906933,0.277625772,0.148397204,0.13225493,0.044719318,0.073644692
24,0.024638524,0.137849368,0.139755282,0.213937417,0.010009085,0.444445613,0.047235259,0.114454973,0.173251947,0.029092672,0.003104583,0.375277766,0.079746526,0.2092398,0.178372383,0.075395295,0.421530733,0.380883479,0.238296466,0.075259751,0.403151896,0.045402733
25,0.052716964,0.24383831,0.263309294,0.202038112,0.001433488,0.034028603,0.062103105,0.236687486,0.135228715,0.092730773,0.049677222,0.005495621,0.161184463,0.498673326,0.11950519,0.148820968,0.053224524,0.200634311,0.154046229,0.022233049,0.361022917,0.330952281
26,0.036245129,0.227226993,0.068504037,0.038726312,0.001647224,0.293569197,0.393189759,0.066982962,0.197794011,0.033785215,0.000737804,0.300883749,0.219695633,0.001049252,0.183298088,0.240645708,0.072440013,0.71192898,0.071640737,0.191676905,0.052617429,0.039646113
27,0.148346987,0.040005736,0.039964744,0.055550058,0.088101217,0.232052891,0.30559459,0.037494212,0.038474431,0.164998105,0.119949331,0.030018171,0.019432191,0.0433301,0.004343485,0.222283706,0.26122145,0.990185631,0.449321914,0.030981239,0.210777925,0.134239819
28,0.079896239,0.081972791,0.350477915,0.109305946,0.078300541,0.175065398,0.057052398,0.083144234,0.00870278,0.023365873,0.173929381,0.036961409,0.003370653,0.038389614,0.258716829,0.12354389,0.248425934,0.013859542,0.139823768,0,0.011520848,0.102456631
29,0.03397962,0.995292218,0.066268771,0.056854668,0.098803408,0.143052254,0.397860418,0.017519559,0.133587491,0.111403396,0.030889479,0.218183358,0.09130577,0.021472195,0.03594646,0.043312577,0.045414627,0.289114334,0.32889189,0.181133224,0.103351397,0.364565727
30,0.068331133,0.106557005,0.040554752,0.155591459,0.057097254,0.178359859,0.397842751,0.029638379,0.047608898,0.51695725,0.115002038,0.137965804,0.041545029,0.106545102,0.210882552,0.148997026,0.097059482,0.034750803,0.068816245,0.279283754,0.005847863,0.467390988
31,0.115121016,0.172289902,0.132575551,0.044024655,0.008649161,0.246514146,0.0075593,0.033011692,0.133596914,0.399244022,0.419587943,0.060972076,0.028793866,0.096907315,0.443511784,0.031574318,0.178284702,0.214559937,0.421821738,0.268331912,0.019206549,0.071342434
32,0.192404554,0.249195459,0.110437303,0.21836378,0.16342068,0.246273649,0.005496668,0.161108495,0.199246858,0.196730317,0.21106157,0.176988843,0.123039053,0.104974685,0.073801284,0.118157398,0.173475142,0.129305567,0.052581954,0.2497602,0.011184426,0.044917162
33,0.075914508,0.056418783,0.050198962,0.04687305,0.017064708,0.002970389,0.008791228,0.223372382,0.072211684,0.034862713,0.370279412,0.163083423,0.16065488,0.037499173,0.124339267,0.040482275,0.206099004,0.027370616,0.055272353,0.169694763,0.217499904,0.206862991
34,0.139439218,0.110887261,0.044842089,0.188223659,0.049809759,0.021799167,0.083769671,0.151331233,0.237306868,0.326281533,0.054888604,0.335244607,0.033032103,0.26842029,0.191793875,0.029423518,0.059705439,0.002637025,0.603130822,0.023028754,0.167626063,0.417549758
35,0.080602835,0.081397984,0.037001116,0.026889502,0.018282948,0.042851884,0.073820136,0.08397929,0.007691123,0.112427896,0.177350533,0.035603011,0.12479245,0.110210286,0.0349433,0.286360105,0.072629805,0.032716443,0.117554479,0.326201599,0.002618582,0.715800334
36,0.225980693,0.114323665,0.477869617,0.02558884,0.252419459,0.202594744,0.20932857,0.101333958,0.209361253,0.563845035,0.08723852,0.193671282,0.033477216,0.157319234,0.007401593,0.023392013,0.412933774,0.05835098,0.054169882,0.066582965,0.052232458,0.464558828
37,0.241768799,0.110628316,0.052881093,0.152162844,0.026757053,0.13814962,0.056666556,0.369583642,0.042249802,0.800852424,0.158987633,0.28079796,0.128678758,0.112676727,0.05257745,0.03535424,0.369374531,0.004418038,0.546109079,0.589309076,0.318209795,0.077005912
38,0.037878851,0.235182941,0.04225537,0.038223509,0.076128487,0.035292037,0.007498687,0.018739611,0.267912756,0.357196192,0.028409017,0.151597527,0.120537959,0.003051899,0.006563484,0.146084144,0.187146524,0.509724981,0.275012723,0.390576436,0.300060959,0.042370533
39,0.031311676,0.101548816,0.57701483,0.162140805,0.010128347,0.176870043,0.259240429,0.435912581,0.004954524,0.490525753,0.015371635,0.25608683,0.056564242,0.03129261,0.020312393,0.033764397,0.202309156,0.087973341,0.134349757,0.13172156,0.039793786,0.326637303
40,0.150004758,0.061750211,0.836779158,1,0.010545064,0.00454578,0.041296294,0.043377657,0.134886084,0.04118691,0.121517934,0.064503634,0.094486793,0.052956233,0.003153682,0.125026188,0.036492762,0.05795876,0.246513933,0.155537306,0.161688026,0.498589117
41,0.060329895,0.232497724,0.430174702,0.027713757,0.030380946,0.18516588,0.001059336,0.019822685,0.114588714,0.255057785,0.036584394,0.006514171,0.109398657,0.275281141,0.130982661,0.025924222,0.150275433,0.041094961,0.058673673,0.027319257,0.080586387,0.077545834
42,0.00485851,0.055982308,0.035105935,0.030515988,0.013347522,0.032773813,0.062285284,0.032062276,0.027627894,0.03744019,0.622851817,0.022443502,0.000838644,0.288905104,0.114615142,0.024587033,0.183998027,0.086309004,0.181018362,1,0.065421114,0.207994097
43,0.001248519,0.05638852,0.068800086,0.301593069,0.049260827,0.124049646,0.207101717,0.17296754,0.02097099,0.253165811,0.003897918,0.117392795,0.001800953,0.227554292,0.142596621,0.009615555,0.050308667,0.363213469,0.006476949,0.008143402,0.355063904,0.064485287
44,0.000859167,0.211706338,0.014010279,0.033964423,0.007093006,0.027043087,0.89091523,0.272207234,0.109531048,0.150861709,0.000529137,0.047284533,0.17458,0.178578589,0.038863407,0.110226335,0.08863147,0.378915767,0.3047819,0.011019887,0.205357559,0.016016035
45,0.000673378,0.054946523,0.214477874,0.377931806,0.013367486,0.043884672,0.046337993,0.026340863,0.14156258,0.395621807,0,0.278022482,0.125794724,0.037563548,0.058702423,0.039696833,0.243538191,0.070100555,0.318411645,0.004344234,0.010317491,0.211765751
46,0.005017687,0.07110191,0.005193021,0.046773317,0.006957481,0.328077403,0.505759258,0.031796414,0.042108496,0.212958567,0.002442201,0.115310495,0.024307292,0.268124274,0.191311095,0.224431368,0.237221804,0.167493566,0.06926699,0.004478207,0.006486514,0.081796659
47,0.026966708,0.254033137,0,0.004297532,0.014530569,0.049899838,0.046921561,0.030796279,0.026869482,0.032342004,0.000989525,0.230971623,0.023896027,0.024229922,0.367252548,0.035997419,0.037422013,0.218555233,0.218380521,0.029220721,0.01200601,0.073025523
48,0.049685474,0.047349185,0.072179338,0.107502704,0.042702241,0.751875189,0.072477132,0.161257825,0.105379879,0.180466714,0.002561698,0.044385005,0.21912379,0.101432495,0.179848617,0.033159857,0.072398852,0.1660235,0.497951008,0.028288793,0.028774511,0.305007028
49,0.012505686,0.068943249,0.130927477,0.42693174,0.056564441,0.021557879,0.343089514,0.07700239,0.025848396,0.166358667,0.000400978,0.044549538,0.020871091,0.034977443,0.065915558,0.025228624,0.242768369,0.038985246,0.082288345,0.005278736,0.176804307,0.068794836
50,0.001203531,0.080705109,0.078053236,0.029021455,0.148937439,0.183114311,0.045477614,0.023543161,0.344450344,0.508577128,0.001597999,0.029177082,0.485810151,0.001925939,0.217610775,0.129484884,0.043337177,0.168137745,0.096946384,0.162397821,0.078469046,0.044394938
51,0.011543236,0.084507016,0.007761151,0.110375978,0.001862574,0.173914321,0.07335734,0.027724872,0.060427119,0.105335908,0.000994542,0.134850178,0.455339835,0.256883265,0.303826429,0.049782847,0.039899769,0.007560947,0.062501731,0.030946748,0.028345162,0.259640707
52,0.068787582,0.257136679,0.040103995,0.004887014,0.00964284,0.086164264,0.217906826,0.174961693,0.151376427,0.002094518,0.006209351,0.126136816,0.050360026,0.029872468,0.059263478,0.02362909,0.226078184,0.046265818,0.007635685,0.007748215,0.003442064,0.050434498
53,0.046582553,0.070461775,0.17022275,0.248005661,0.05626402,0.74449273,0.042539214,0.066975758,0.037453041,0.70806842,0.082209739,0.028445648,0.129140355,0.568982403,0.202171925,0.09468529,0.043372679,0.205654073,0.28546208,0.003817556,0.234201977,0.21761171
54,0.200565054,0.066583332,0.063672279,0.033642119,0.017091298,0.041770049,0.061856601,0.087723774,0.151798601,0.429663101,0.058280013,0.055126391,0.030829523,0.117770648,0.1077115,0.038687374,0.314468184,0.061066807,0.104124407,0.063999103,0.048875608,0.342710193
55,0.003502627,0.151806388,0.016126732,0.03310585,0.019270576,0.002510124,0.272030328,0.016475203,0.001657982,0.165922806,0.076829853,0.111081685,0.14028028,0.20589203,0.240173372,0.027807034,0.108244456,0.036718573,0.448918299,0.282261759,0.031807671,0.269826871
56,0.027008628,0.067417387,0.166781015,0.095416253,0.042064375,0.000684791,0.093055404,0.029421172,0.028821224,0.001596397,0.004940835,0.035116984,0.04557626,0.137665106,0.009084523,0.11348145,0.181045249,0.19160461,0.131811151,0.190357521,0.140582092,0.578353315
57,0.028875152,0.056884513,0.038892308,0.027567239,0.014078023,0.005865948,0.074905132,0.100329728,0.041156006,0.287020226,0.022408388,0.242482478,0.031791852,0.177573555,0.159420802,0.113064231,0.038325716,0.169487724,0.471745583,0.255026337,0.055595398,0.297758216
58,0.168990817,0.819962701,0.074748934,0.036300222,0.069309203,0.004030376,0.622394038,0.03639134,0.001210663,0.036520602,0.005939894,0.266890754,0.022596599,0.034961998,0.009275638,0.114085408,0.069433892,0.070220038,0.091957341,0.062082357,0.219017864,0.086027439
59,0.037985723,0.062185935,0.072095778,0.104910869,0.001408156,0.003973745,0.087973096,0.127652519,0.106439977,0.004070428,0.038397587,0.060941441,0.042999277,0.076227168,0.070710972,0.046703153,0.251564966,0.007173618,0.276058543,0.122372039,0.004222952,0.063246086
60,0.047168715,0.24746601,0.044774169,0.049235739,0.007519727,0.001908476,0.249207582,0.071563109,0.004672548,0.11406374,0.104562731,0.005671199,0.17247894,0.123386012,0.056535399,0.091544138,0.037174849,0.031355202,0.087335004,0.326316743,0.007582492,0.210705277
61,0.130247009,0.062699591,0.260878569,0.094560239,0.03417146,0.027271566,0.493819901,0.015936626,0.000978253,0.011115776,0.028901051,0.120242182,0.037352459,0.022633476,0.213672162,0.073902963,0.09866138,0.074453423,0.101072732,0.341572089,0.025447628,0.308305379
62,0.203748701,0.067882552,0.16983869,0.038546378,0.012539579,0.008221093,0.044961668,0.027808776,0.002846013,0.177073947,0.095055322,0.144915229,0.250698902,0.023814504,0.061762632,0.123866114,0.209588978,0.136535937,0.075989801,0.164006956,0.112316122,0.089055373
63,0.102678096,0.071724921,0.03212138,0.144606136,0.009676791,0.11974263,0.073259502,0.031943029,0.001630341,0.052023658,0.016363214,0.102431899,0.027438525,0.042237391,0.11849104,0.02219435,0.075251939,0.040270999,0.326384119,0.044528551,0.005923991,0.407001273
64,0.001249773,0.270519619,0.030444679,0.006532851,0.029105802,0.031833658,0.197628602,0.135412724,0.045751911,0.342100478,0.001404346,0.022688925,0.142771507,0.185925569,0.036363673,0.033304077,0.185712454,0.139540848,0.147005609,0.154498427,0.042384619,0.078822913
65,0.033497011,0.051431505,0.051709221,0,0.00828825,0.000793863,0.067142015,0.207198621,0.035121151,0.123548836,0.031611351,0.027956144,0.113483254,0.008475981,0.112675188,0.189809261,0.076929573,0.000596732,0.22398936,0.028472193,0.065769803,0.046026218
66,0.121514437,0.05419568,0.040524204,0.078157363,0.015901667,0.020859084,0.005545811,0.098489327,0.019806801,0.183643064,0.134493925,0.229319542,0.14795051,0.044981751,0.119161437,0.029067157,0.075427921,0.040168373,0.067642613,0.207486895,0.030744831,0.157284014
67,0.029539323,0.075243852,0.4413578,0.007016514,0.037718362,0.182311996,0.038861353,0.074216843,0.116476763,0.161262266,0.034109482,0.42515792,0.280596798,0.005185576,0.090237413,0.054640073,0.052640371,0.146312475,0.075148258,0.019560707,0.221108163,0.068464981
68,0.044568248,0.091284323,0.057421422,0.196140895,0.01209565,0.002758579,0.047276573,0.136938977,0.006874075,0.066252745,0.046249703,0.303849616,0.113878766,0.022024805,0.180637229,0.072395422,0.181231293,0.048568697,0.272290769,0.113591117,0.051047572,0.051360736
69,0.040747328,0.074108098,0.103294225,0.10575269,0.018416363,0.045186918,0.004999834,0.110175069,0.133581705,0.053963202,0.108763798,0.140734996,0.018358168,0.090785409,0.054403763,0.027064803,0.062045733,0.140605887,0.15737026,0.059218564,0.330882433,0.465648565
70,0.085734392,0.065861899,0.066034786,0.144218967,0.027915867,0.037278001,0.002433195,0.018339034,0.102081114,0.756039901,0.041565244,0.044280327,0.044474537,0.01849734,0.250801546,0.045248832,0.042650494,0.029432841,0.42049744,0.08030522,0.200268981,0.069027641
71,0.03130284,0.070354835,0.052957685,0.037355162,0.008625157,0.088512752,0.067488636,0.054811934,0.002859354,0.105648,0.218714582,0.153853418,0.101257926,0.019457955,0.093049773,0.120433515,0.172082388,0.036611421,0.082983868,0.051947879,0.029861434,0.066143234
72,0.131818091,0.074104137,0.052959618,0.139207565,0.001952981,0.021712047,0.233511732,0.146088383,0.000312859,0.019588934,0.017692618,0.034597744,0.032708007,0.110777667,0.171404591,0.035510385,0.056166197,0.002323108,0.306491146,0.186662424,0.009001469,0.118849794
73,0.100875817,0.319693651,0.027110188,0.025704383,0.01477314,0.047861399,0.044355435,0.111693461,0.039908866,0.045884404,0.024708944,0.187736192,0.158272339,0.029799867,0.034233183,0.22672277,0.044348471,0.172956805,0.061556889,0.025260984,0.022412911,0.089002929
74,0.022722326,0.073141215,0.16512901,0.04237108,0.05918218,0.000571146,0.065344818,0.043621005,0.018404732,0.003117536,0.292807083,0.04150106,0.007940851,0.024004152,0.054565515,0.035561987,0.243146579,0.025669087,0.047627988,0.048211912,0.016030061,0.004536305
75,0.038096234,0.138439375,0.044252107,0.083136719,0.145646912,0,0.002252769,0.159630529,0.152535624,0.17451111,0.017158451,0.131325613,0.02054442,0.11101016,0.409702182,0.126362629,0.095416617,0.163652127,0.356158819,0.0308109,0.013285179,0.027729207
76,0.000980083,0.058547486,0.066678024,0.087328332,0.002321107,0.176480264,0.003288709,0.194652197,0.000405742,0.026519219,0.023938594,0.053232482,0.130470914,0.04160673,0.271417762,0.039496554,0.214070798,0.162416292,0.461692844,0.253768056,0.014130572,0.041832117
77,0.00927543,0.048405833,0.198486454,0.009033554,0.009584207,0.006714921,0.193197729,0.024841067,0.001100019,0.033304947,0.034480752,0.352569506,0.132907328,0.173161985,0.050539764,0.076228586,0.06729139,0.174892386,0.121814091,0.027414432,0.355085779,0.22223493
78,0.134916198,0.328260919,0.044483199,0.038621031,0.045169039,0.004367977,0.100036026,0.022774938,0.064523429,0.026030686,0.048817707,0.059253559,0.056091305,0.168624329,0.232935544,0.027128078,0.044367065,0.026928144,0.400356394,0.217538768,0.037671723,0.009271728
79,0.032392774,0.145576473,0.069462763,0.054719949,0.013275888,0.003083406,0.2627188,0.120902778,0.046976726,0.056698174,0.070442329,0.349710974,0.07461902,0.129702967,0.033870073,0.043963011,0.178670141,0.038170008,0.130612084,0.062585777,0.002952478,0.004016506
80,0.055241623,0.04916342,0.14673555,0.012213276,0.126052889,0.023312395,0.055111249,0.025183893,0.025197066,0.09752878,0.022224062,0.025946318,0.027635931,0.261070003,0.206427398,0.087573468,0.045421036,0.205969669,0.147050787,0.07570984,0.002510643,0.071711757
81,0.002327451,0.093856496,0.038350092,0.079739425,0.039356548,0.156509616,0.004848122,0.001695969,0.038175249,0.139701456,0.035743064,0.055031858,0.0300682,0.036107465,0.044703926,0.10466614,0.200466545,0.121959283,0.361653185,0.175152748,0.043153411,0.053488711
82,0.002767775,0.095978487,0.051946404,0.038194375,0.047716427,0.144758553,0.070864538,0.124617113,0.089821403,0.07221879,0.066668389,0.052026954,0.077508485,0.041334815,0.033481057,0.026834631,0.055785017,0.145365712,0.059057101,0.190341989,0.011881207,0.262331221
83,0.01577997,0.085954779,0.061004407,0.000447022,0.009436257,0.066818556,0.106619195,0.109744926,0.02606085,0.146326961,0.032388525,0.033507241,0.017803132,0.340554351,0.212753157,0.023354321,0.006533985,0.004269715,0.067654049,0.262877961,0.029558027,0.061220913
84,0.075744828,0.066555872,0.065568832,0.005236786,0.008174617,0.199816611,0.118537772,0.001638098,0.015601645,0.139662498,0.14931198,0.045823466,0.115507222,0.017666722,0.19306343,0.09881132,0.078378235,0.035590471,0.035799679,0.031676156,0.003773676,0.366906283
85,0.036652566,0.004573074,0.040584073,0.179236053,0.009409263,0.005836033,0.22528476,0.020821387,0.03554837,0.658136424,0.11251247,0.158197213,0.018724635,0.195822009,0.00324174,0.134595193,0.243496964,0.037369343,0.054568841,0.114801362,0.129913482,0.058538628
86,0.154500228,0.051499148,0.140251459,0.034698378,0.003409142,0.028535959,0.053827725,0.035979883,0.163529845,0.020959844,0.132601564,0.030482924,0.30055045,0.216355304,0.117854585,0.023359367,0.041551873,0.412101318,0.237735775,0.028809292,0.055079101,0.079238329
87,0.001904932,0.038942938,0.040622961,0.096961411,0.043477287,0.010632952,0.07602063,0.070015916,0.037742766,0.0082846,0.056024756,0.04663822,0.120263392,0.144253761,0.033042002,0.104765227,0.07797866,0.030884911,0.066667144,0.010651888,0.004448742,0.06578043
88,0.000711874,0.065808115,0.043755383,0.014583167,0.017661637,0.04647501,0.107047629,0.028982369,0.039220117,0.004675984,0.004845639,0.164157989,0.00830834,0.066802981,0.169900672,0.038971694,0.280129849,0.046532806,0.227377461,0.005733027,0.003680727,0.213292443
89,0.083535142,0.07137246,0.068872078,0.02496081,0.035633467,0.002682762,0.035394133,0.040963636,0.040695059,0.005174293,0.11962778,0.037259741,0.074230502,0.114255177,0.063709117,0.008087028,0.038620772,0.042599461,0.014375929,0.055220327,0.027827408,0.059041669
90,0.110867604,0.384285072,0.055346125,0.101230858,0.010889845,0.048229941,0.291020587,0.001838278,0.022320243,0.006460347,0.176816574,0.030272885,0.004298534,0.145373499,0.322295317,0.105703979,0.07701354,0.143469251,0.04977657,0.009116324,0.173012424,0.067090535
91,0.034539375,0.099114893,0.177144332,0.003663575,0.015991558,0.036969415,0.073518205,0.016150245,0.008981683,0.002102035,0.001927275,0.139911518,0.038306169,0.644782582,0.1540265,0.028419502,0.164987985,0.142502765,0.079627889,0.032931959,0.05216471,0.173014368
92,0.072797142,0.057414398,0.045630866,0.023369905,0.053817833,0.086860099,0.35057468,0.105123521,0.032052493,0.002369963,0.023306974,0.051287369,0.088129626,0.08298316,0.032851502,0.075945723,0.050240058,0.190045864,0.421382014,0.017286588,0.033952057,0.0627144
93,0.002189008,0.414887207,0.042056857,0.029946326,0.011381574,0.035768721,0.404442811,0.025491733,0.019926305,0.002791299,0.001344056,0.147864027,0.053729925,0.050222683,0.072965346,0.138303601,0.075156481,0.045451544,0.05066319,0.160660889,0.118644997,0.087598722
94,0.000135868,0.03900923,0.063350893,0.089795368,0.062437513,0.011213481,0.040911808,0.007024786,0.091232553,0.33178868,7.29E-05,0.025842587,0.043940325,0.33621593,0.210743763,0.029645301,0.094293383,0.0568947,0.082903119,0.042985539,0.03329225,0.073754622
95,0.004408185,0.227891897,0.180220484,0.028354482,0.017711942,0.022368945,0.061494169,0.00388116,0.031003472,0.006541955,0.000302293,0.088137716,0.113113991,0.161260615,0.051326453,0.182105083,0.307893104,0.140882365,0.056797405,0.200799518,0.241766993,0.078464768
96,0.028842016,0.049780785,0.049107556,0.036138505,0.012567028,0.157725953,0.228426368,0.124776602,0.108303582,0.00222307,0.061223362,0.026321514,0.018494115,0.021786496,0.23669529,0.102719183,0.071676769,0.001659521,0.194310995,0.035260347,0.041569061,0.304685102
97,0.166217405,0.07374849,0.202276203,0.06705364,0.006669713,0.002131234,0.47239133,0.016937731,0.219832008,0.044711932,0.072956248,0.033714892,0.114456071,0.118345064,0.032586484,0.068133321,0.061305327,0.320418321,0.045565908,0.052715908,0.004988982,0.006114981
98,0.025603983,0.188148607,0.043022908,0.022614415,0.009710696,0.254610768,0.214811897,0.099746792,0.02519689,0.002993643,0.017671573,0.027953938,0.037385595,0.27065219,0.136122337,0.022852008,0.047946323,0.040290598,0.067539961,0.107125065,0.012534552,0.059309925
99,0.078203293,0.068790366,0.202042787,0.047475121,0.045300908,0.099019724,0.056741431,0.004072183,0.217436918,0.282008388,0.056281315,0.07997981,0.129659925,0.020314697,0.221125968,0.108044493,0.15531836,0.158445586,0.088585746,0.029249617,0.421334318,0.04022378
100,0.000822767,0.08935351,0.042412062,0.859706443,0.033402741,0.0268624,0.08549416,0.041877555,0.029970078,0.026092403,0.069381824,0.280614313,0.147354732,0.125215424,0.093206054,0.033526936,0.044966282,0.219016697,0.085121574,0.047441806,0.013952516,0.483023839
101,0.025310672,0.092850643,0.043339089,0.439176444,0.056759701,0.003711474,0.073610101,0.008532411,0.098492453,0.046762877,0.144824318,0.026493538,0.003399104,0.185477046,0.202666465,0.021836334,0.038012905,0.02426521,0.051062144,0.173615225,0.001272983,0.056331379
102,0.14930325,0.25895176,0.054392708,0.076010492,0.027743915,0.045484649,0.289224504,0.00168575,0.00780641,0.04986131,0.001398515,0.054285404,0.286203145,0.008566392,0.158122899,0.104564683,0.187352773,0.044767382,0.231974456,0.054403465,0.001571377,0.465691791
103,0.027865331,0.100473332,0.068293255,0.17274516,0.062039611,0.26189183,0.158376768,0.088107497,0.111766779,0.310844253,0.000298569,0.008875225,0.029691576,0.133565017,0.166762984,0.26772897,0.304057623,0.00095623,0.091555293,0.512502965,0.002752959,0.082704827
104,0.091215614,0.086976201,0.158153751,0.024598733,0.018979245,0.040554671,0.293947087,0.038513729,0.029840219,0.001686159,0.000594498,0.00888895,0.089320503,0.026673425,0.631274607,0.030016913,0.073658925,0.23246138,0.054097307,0.210140528,0.072646784,0.220937645
105,0.172003769,0.080562559,0.355571945,0.098612203,0.03660821,0.335377925,0.069923485,0.037920725,0.039346542,0.060103831,0.002514706,0.004072443,0.234249176,0.178306466,0.043984312,0.214863517,0.176476815,0.101440476,0.347527612,0.097628466,0.009636899,0.08623541
106,0.072818427,0.083458159,0.066516539,0.039309777,0.012666397,0.332747347,0.319459464,0.111127263,0.024780246,0.093090851,0.017248971,0,0.018892384,0.023289809,0.055291164,0.031488108,0.067617743,0.032912283,0.607521788,0.112141984,0.006885005,0.042395833
107,0.03756663,0.069807059,0.003617166,0.13928398,0.047715493,0.194334874,0.160628375,0.020187174,0.18297658,0.04860641,0.045515748,0.03571254,0.030323859,0.174452866,0.029268824,0.027809541,0.219321509,0.006695701,0.102717885,0.033128121,0.072287688,0.141053173
108,0.042196861,0.187653017,0.202877078,0.023724948,0.013551438,0.133464124,0.082413987,0.005313397,0.095972379,0.28220171,0.023889743,0.17709488,0.08668764,0.1851089,0.132777078,0.103320308,0.040166881,0.382374024,0.074615258,0.271210254,0.154933641,0.044515352
109,0.007294998,0.080462717,0.041058116,0.028195321,0.050546066,0.573880435,0.059640556,0.00090784,0.044140304,0.00857228,0.167207346,0.046032427,0.025805971,0.209336856,0.139139519,0.021433227,0.26268815,0.022647872,0.010855659,0.198530707,0.003661567,0.088545433
110,0.002701687,0.066261514,0.131346592,0.045046016,0.022039461,0.179297147,0.209103522,0.00033736,0.139298403,0.010737135,0.016885903,0.030177268,0.015481214,0.499620712,0.111041339,0.02201431,0.066577324,0.040467274,0.05985739,0.045936616,0.000546152,0.327143285
111,0.158037359,0.05357844,0.048870173,0.12924506,0.036778936,0.240417623,0.050941193,8.45E-05,3.70E-01,0.032459285,0.02272984,0.253445078,0.080536582,0.055260051,0.075187938,0.112977002,0.207065361,0.227964365,0.225775957,0.054025252,0.001155982,0.069611983
112,0.027488398,0.510231559,0.084224663,0.110937929,0.0668143,0.091621927,0.032641013,0.001929162,0.124814034,0.081099007,0.025822635,0.054307718,0.023798519,0.023088375,0.038597548,0.124844642,0.035787984,0.249857013,0.120905111,0.114397806,0.000578755,0.075985731
113,0.006612452,0.442896033,0.148357179,0.148262178,0.016797596,0.080239537,0.088969061,0.000436772,0.050760497,0.003592131,0.116593714,0.040435123,0.031940289,0.112869972,0.044705663,0.047540665,0.06909988,0.603983631,0.234545914,0.149261259,0.056049097,0.390981001
114,0.115576278,0.505076504,0.036561361,0.073869912,0.008860902,0.003231607,0.392934392,0.000213281,0.114633734,0,0.001813819,0.311027331,0.250824426,0.293836102,0.046791105,0.027433224,0.152318947,0.242397007,0.097093996,0.035688023,0.050470165,0.340343142
115,0.038077968,0.616289475,0.042004912,0.025696267,0.004880318,0.000385883,0.183077019,0.000575308,0.026033557,0.003470772,0.045977795,0.048700005,0.08771839,0.238134202,0.12756177,0.071232362,0.038011217,0.005451889,0.079472726,0.0049998,0.144918817,0.23624435
116,0.034283543,0.739199745,0.05160769,0.0428476,0.010225619,0.070018817,0.071521538,0.000361911,0.009064215,0.014219837,0.032975842,0.070994416,0.017667552,0.096945926,0.058117549,0.199566019,0.06112351,0.193720977,0.180984881,0.029283057,0.056598854,0.068909541
117,0.050307464,0.055737197,0.152477875,0.346434199,0.034201837,0.094523355,0.167933413,0.000633445,0.024338027,0.193745299,0.064341958,0.128490684,0.037642705,0.363437708,0.040622755,0.101999795,0.152366616,0.032343403,0.34716584,0.066544772,0.060465671,0.004426871
118,0.178123039,0.0851365,0.044343895,0.696421247,0.018234177,0.000757044,0.005516472,0.000600591,0.023009352,0.007149585,0.015920826,0.025771337,0.004489169,0.12670463,0.134762197,0.039380851,0.082698151,0.358883456,0.051156393,0.15107131,0.036319218,0.117324135
119,0.032056864,0.00470522,0.056227297,0.199548709,0.020975527,0.005712574,0.000379785,0.000427578,0.120401361,0.039034214,0.028346087,0.047474001,0.135347844,0.351997619,0.036478282,0.198767604,0.063295575,0.262973691,0.062222746,0.02414865,0.005408594,0.448083872
120,0.031738244,0.062153261,0.079338297,0.100201928,0.011784662,0.037005178,0.046437983,0.001559985,0.106711507,0.008982417,0.01734382,0.033031271,0.017461803,0.185535403,0.072031136,0.148000436,0.055632554,0.006839938,0.076229586,0.046094344,0.028058251,0.29131943
121,0.062417164,0.060020983,0.419555075,0.022890409,0.046977931,0.033724919,0.003950193,0.000454018,0.036709759,0.00636211,0.070130444,0.102504843,0.026170217,0.118459763,0.032660902,0.121322085,0.177836207,0.030355655,0.056614028,0.169203219,0.315317006,0.092495618
122,0.092237926,0.254771969,0.186342695,0.320442189,0.016727553,0.00296866,0.001990846,0.002726315,0.018795885,0.082156514,0.243466159,0.333378566,0.110507301,0.045804934,0.140557948,0.040039588,0.046863879,0.01292721,0.209219727,0.051981595,0.048264372,0.262367752
123,0.234545481,0.047538055,0.162764652,0.384044965,0.00138191,0.025598238,0.064730067,0.000112629,0.078533236,0.009603189,0.141460344,0.033101838,0.021475215,0.145395811,0.162320737,0.029838441,0.243303643,0.031139259,0.345768833,0.361195307,0.028086545,0.226209565
124,0.186043874,0.208045988,0.040166416,0.011993135,0.014334279,0.096170421,0.176023467,0.001200243,0.035508867,0.027575747,0.215554442,0.040451433,0.006298691,0.095411004,0.25094221,0.085158409,0.041986221,0.264915571,0.099440998,0.180387856,0.147071666,0.018395898
125,0.209033376,0.049975699,0.034472817,0.027068131,0.0027236,0.044688467,0.047418656,0.000637742,0.017441257,0.134611052,0.002545663,0.10434893,0.027165219,0.135523573,0.181752451,0.023485026,0.278265088,0.04744527,0.071252177,0.04190857,0.003966422,0.374749572
126,0.156128307,0.144344435,0.007461192,0.035332997,0.048624492,0.023649229,0.099561994,0.000724132,0.134202807,0.193036138,0.035624446,0.027239966,0.090031949,0.038810444,0.043619657,0.023571414,0.166683789,0.128586235,0.341580752,0.030160807,0.046073362,0.155636459
127,0.003894934,0.07658013,0.041095557,0.021814104,0.010518574,0.110966786,0.166234446,0.000626653,0.042482722,0.06453461,0.129769451,0.054835034,0.087739069,0.019906027,0.197263124,0.091117644,0.067940142,0.407266338,0.162311952,0.005646135,0.003783446,0.060509564
128,0.005012861,0.074935174,0.152721322,0.040649262,0.000987853,0.01832228,0.004545518,0.000878886,0.15038157,0.670577172,0.016311978,0.028131801,0.020047502,0.086700757,0.002627613,0.045403535,0.190696057,0.304235061,0.067044996,0.021485254,0.034588096,0.24384369
129,0.050018538,0.062096709,0.053853518,0.107623464,0.012603985,0.022443992,0.000286031,0.001353265,0.170967867,0.096313854,0.164072438,0.028139361,0.029180287,0.029466656,0.262552645,0.112990292,0.060606292,0.347242265,0.135880084,0.147631165,0.199387406,0.048485353
130,0.027937291,0.061924505,0.044503689,0.029052003,0.10794465,0.101369275,0.043914353,0.002057629,0.033553577,0.744528567,0.085333886,0.179158507,0.154754645,0.341266473,0.042714255,0.038103813,0.153823786,0.092004097,0.332162334,0.197066972,0.048869966,0.045420686
131,0.00297255,0.046764813,0.311302472,0.038561133,0.022823689,0.056103861,0.005166581,0.00012826,0.064184567,0.067462444,0.017689098,0.135367003,0.021408303,0.051725533,0.06204476,0.024806878,0.045521209,0.024124329,0.094149622,0.028368299,0.108133762,0.183639369
132,0.025681588,0.105419715,0.061512502,0.002821796,0.013353595,0.255746284,0.065578705,0.00016914,0.070478327,0.061845518,0.021375464,0.049717964,0.096223401,0.047952612,0.001663176,0.111139034,0.039997416,0.562551287,0.064783832,0.038599478,0.229486384,0.078406171
133,0.029366885,0.030790822,0.06247528,0.179833123,0.001044701,0.263754991,0.067660007,0.000438725,0.115809613,0.064078202,0.027835403,0.022590683,0.022773166,0.101202873,0.186953271,0.119680869,0.180478281,0.030211248,0.312482502,0.004199983,0.040087001,0.156855155
134,0.041802885,0.066536362,0.044390411,0.035013441,0.139141031,0.153272429,0.229668054,0.000728318,0.008253382,0.039651628,0.071789575,0.49476607,0.0252028,0.01705642,0.156859315,0.11798,0.04293945,0.036381701,0.109460654,0.147155331,0.046498575,0.057180134
135,0.000725354,0.072855814,0.064644579,0.087425279,0.062506308,0.023649506,0.038900349,0.00053925,0.086031414,0.098237943,0.028073824,0.502420114,0.041317653,0.255550341,0.067256158,0.022771862,0.081193812,0.280496,0.092191443,0.028630556,0.031699238,0.313398467
136,0.004313046,0.052115318,0.035980157,0.022201677,0.007041334,0.09432326,0.079440132,0.005304984,0.091288435,0.078694417,0.182869411,0.055025107,0.067553621,0.466867764,0.047965064,0.013170481,0.05611267,0.025751539,0.298694617,0.046101495,0.030512032,0.00567065
137,0.044276043,0.227572003,0.175946028,0.167350368,0.066831786,0.239701774,0.178199887,0.002260878,0.038213218,0.429217442,0.032908052,0.046372073,0.020154307,0.026781725,0.083477429,0.126801798,0.166415014,0.228657919,0.102030594,0.165362478,0.026440772,0.111977986
138,0.031575929,0.240751942,0.038542463,0.119049066,0.012754772,0.045695081,0.042465991,0.02707278,0.104481033,0.132955162,0.030166936,0.167799615,0.020471983,0.192590578,0.158682298,0.021735544,0.034201355,0.200079762,0.082575271,0.008768571,0.189553892,0.067925979
139,0.001067444,0.082820294,0.147249552,0.100981208,0.059099309,0.027321947,0.067090663,0.002639605,0.073300651,0.108904467,0.045241203,0.043187446,0.094523875,0.479117251,0.051762217,0.040324904,0.067651088,0.102899822,0.143638374,0.23219307,0.228020364,0.26147831
140,0.001030606,0.097175645,0.045412998,0.013726878,0.00279125,0.089406261,0.003748894,0.000390498,0.034019351,0.034382705,0.045235676,0.053899298,0.018741849,0.991253369,0.004436711,0.098523613,0.151516885,0.217325239,0.315899329,0.193974783,0.032677156,0.064016913
141,0.004434379,0.068493212,0.066665097,0.022250047,0.039727262,0.043508696,0.383195388,0.003085873,0.149556311,0.004217147,0.018510998,0.005618305,0.031055856,0.561008879,0.013830627,0.020691165,0.035209692,0.102598852,0.046233282,0.028339307,0.301947827,0.320509133
142,0.03879632,0.076541232,0.061958964,0.229571117,0.060224439,0.18887059,0.041759499,0.00080923,0.023686794,0.043100255,0.162057139,0.04628859,0.12942505,0.309802435,0.181355796,0.035521182,0.065369593,0.023478995,0.062128176,0.030309996,0.088499101,0.067316559
143,0.043214802,0.093531975,0.039656409,0.076964387,0.015405444,0.029063031,0.380044329,0.091146996,0.037342259,0.171963995,0.081369339,0.156420512,0.22976464,0.112878069,0.188861098,0.112133234,0.224966232,0.049777015,0.123551446,0.038963743,0.029242782,0.093751909
144,0.0210101,0.068249083,0.227711223,0.036938547,0.038621463,0.052790357,0.095375183,0.002991172,0.095618826,0.197031304,0.213935035,0.435845621,0.023397573,0.239070947,0.028839156,0.021085507,0.039118851,0.148247297,0.054641812,0.254455676,0.060757179,0.158610851
145,0.151538959,0.015269047,0.06058932,0.021875755,0.098513398,0.048980111,0.238964398,0.002789475,0.033875989,0.210368347,0.144986153,0.036759934,0.126875873,0.156018927,0.128700007,0.120863461,0.035304113,0.00589951,0.226914989,0.0443529,0.00818961,0.048669142
146,0.022851514,0.01183909,0.041122054,0.027491263,0.191161504,0.000883044,0.065113642,0.005688289,0.062329713,0.031426466,0.021289434,0.022070933,0.02033871,0.053348247,0.057460063,0.092297361,0.039979029,0.147690151,0.042527156,0.134997692,0.033411691,0.068488894
147,0.102258132,0.101057295,0.148506012,0.021670124,0.001918521,0.093889781,0.110363331,0.002602019,0.181881645,0.085066839,0.082397244,0.254687574,0.017019623,0.511494114,0.054136281,0.036206007,0.165992351,0.038528227,0.192630799,0.040336979,0.00408415,0.426834271
148,0.119840127,0.210740422,0.040068034,0.101166517,0.006730905,0.203370327,0.057856045,0.002267248,0.003616223,0.032363246,0.026798918,0.041092209,0.107726417,0.101835273,0.080219534,0.075768928,0.038455172,0.154181794,0.055828856,0.255850427,0.002418208,0.038434774
149,0.035210687,0.097243811,0.06080088,0.02628246,0.011517554,0.000964611,0.04462019,0.00036049,0.002996708,0.135702722,0.073132821,0.06258088,0.070732618,0.032093307,0.181735841,0.104162546,0.082854578,0.173972389,0.056927105,0.141138123,0.024921472,0.006527178
150,0.138700814,0.066630973,0.148970767,0.128232035,0.002972341,0.234202865,0.280775156,0.000893812,0.025497922,0.025122655,0.001104822,0.498824902,0.205338898,0.894113287,0.046059574,0.025334285,0.159590907,0.035932611,0.308567068,0.071337369,0.038411672,0.059365649
151,0.069359799,0.053652796,0.038982398,0.03760159,0.041078811,0.023159337,0.289678334,0.002067955,0.02311442,0.006821775,0.021892174,0.06742379,0.021700936,0.026425887,0.180179423,0.001880298,0.035885309,0.001065078,0.088835145,0.127270428,0.125024558,0.075881059
152,0.006830794,0.081635652,0.066005731,0.03218119,0.017768065,0.132396318,0.045959122,0.003803926,0.102874941,0.128186144,0.043562514,0.314117724,0.021897357,0.03860188,0.05441853,0.048237532,0.070341492,0.180996288,0.115078398,0.02760408,0.00302107,0.069970076
153,0.003897574,0.083313541,0.201580253,0.109816571,0.07447818,0.023846619,0.036118388,0.0010005,0.098100141,0.097549529,0.109156859,0.089130619,0.146004739,0.309981557,0.06926375,0.129043139,0.175794345,0.15177813,0.206422048,0.049769544,0.000432883,0.044995126
154,0.001848943,0.412481096,0.058852647,0.346377351,0.007251753,0.034658719,0.00130639,0.001515245,0.03334278,0.004426354,0.0208853,0.046305603,0.143165869,0.270011935,0.09213415,0.022283298,0.133269413,0.020126286,0.067529164,0.003977646,0.009344508,0.37274829
155,0.02244383,0.089421737,0.035200214,0.58330828,0.001570903,0.074912126,0.004034889,0.026885374,0.124060815,0.053092549,0.031345495,0.243796545,0.017882179,0.036021162,0.191671721,0.026396679,0.04202882,0.141259307,0.041968715,0.017419029,0.059963422,0.042387552
156,0.030722146,0.083125444,0.156134642,0.188036709,0.01113645,0.305137858,0.04386185,0.00220704,0.019865979,0.068552249,0.032288085,0.188355443,0.11907709,0.27059977,0.170164304,0.091582402,0.063599969,0.045596317,0.050170272,0.203087723,0.001709559,0.019325418
157,0.348799761,0.115796271,0.039823253,0.165064153,0.053165983,0.00061477,0.061369561,0.000366264,0.043165725,0.470960666,0.000610875,0.043837369,0.018411323,0.111458408,0.123820117,0.059805325,0.150254857,0.169738057,0.265422167,0.051695216,0.238829654,0.151849807
158,0.360489821,0.135971734,0.051309822,0.022813864,0.011273696,0.040192675,0.251598708,0.000181942,0.002052993,0.122204897,0.000552192,0.011172852,0.026797039,0.020341971,0.090961398,0.207025428,0.039911404,0.072162684,0.479754293,0.134910848,0.000994524,0.044491835
159,0.030340301,0.064118115,0.222786561,0.040766169,0.012689,0.025405306,0.044341899,0.000959447,0.114257296,0.139566019,0.00124795,0.082933658,0.113575828,0.011797079,0.001029394,0.022840331,0.067082768,0.042278101,0.046138987,0.044298397,0.042265159,0.168412627
160,0.090025141,0.219440795,0.033976515,0.312054691,0.113637211,0.176535341,0.06770377,0.003808153,0.001066177,0.346724338,0.004901033,0.140006114,0.004621462,0.096579938,0.030758423,0.103097281,0.045239425,0.100638752,0.065102724,0.172998186,0.193826928,0.059533155
161,0.024344164,0.335398153,0.065192741,0.246757543,0.006750557,0.216256281,0.260689806,0.031839409,0.03302708,0.122583453,0.001141425,0.026886561,0.029158764,0.092160334,0.129074159,0.04302031,0.036843476,0.382962445,0.085665319,0.005671072,0.008454579,0.686117988
162,0.056100441,0.222975121,0.070353808,0.04018049,0.009526701,0.010713158,0.041498568,0.052519474,0.001104478,0.038257425,0.019215317,0.060243106,0.13795513,0.032984538,0.146720849,0.023238068,0.291890305,0.315736913,0.050533799,0.040191828,0.040277872,0.069747396
163,0.002499337,0.076970075,0.056323796,0.166176573,0.217906697,0.18399463,0.052142515,0.002044041,0.000545155,0.052541582,0.117183821,0.040229959,0.026206926,0.141037284,0.036129385,0.098923136,0.041197708,0.048622082,0.285346007,0.194946101,0.03751278,0.305711551
164,0.005799548,0.212368358,0.0078847,0.030557239,0.015386696,0.004363319,0.182758572,0.001094499,0.032754547,0.030959695,0.153907237,0.055735188,0.203915388,0.129374799,0.073688968,0.034108127,0.037571882,0.173687324,0.344145633,0.02575612,0.05826898,0.021201133
165,0.004420891,0.086885483,0.04051598,0.226040067,0.020733047,0.11428485,0.042866795,0.015423918,0.099675193,0.007082906,0.172498391,0.027878174,0.109422318,0.039532857,0.303384647,0.023587199,0.039180339,0.064136064,0.364123629,0.283244276,0.125630355,0.138674932
166,0.097530281,0.057958386,0.033905512,0.00705178,0.03444045,0.312770446,0.06885237,0.001154206,0.024959237,0.8945522,0.188543371,0.002395884,0.019985155,0.362030438,0.064732573,0.183467195,0.153674026,0.061355184,0.078282022,0.170061836,0.001612751,0.292300512
167,0.065603902,0.012730861,0.160952513,0.070110131,0.025090871,0.025145354,0.245392045,0.023203146,0.032268044,0.754875315,0.02959351,0.012669121,0.082168608,0.002367291,0.091637287,0.022561027,0.115651118,0.068121836,0.05535775,0.032892094,0.063925512,0.072346093
168,0.036338282,0.068054594,0.064452793,0.00987976,0.020607566,0.089616531,0.176782208,0.000825377,0.031222389,0.021818341,0.129002152,0.044448356,0.019329782,0.030301412,0.03118991,0.034842577,0.192056378,0.302115607,0.641711683,0.073077015,0.000827465,0.184033731
169,0.046822677,0.092053346,0.101583977,0.02153224,0.155131526,0.052107191,0.576979335,0.000790147,0.05382028,0.089921835,0.087233475,0.218730647,0.039330285,0.349255824,0.140148372,0.037418579,0.033668495,0.006372344,0.089558356,0.001985358,0,0.063706139
170,0.029393787,0.212357861,0.06075798,0.125892644,0.009681931,0.200649933,0.039698644,0.001453483,0.123018919,0.049764668,0.001798245,0.003016952,0.01835549,0.051656486,0.217284194,0.023959453,0.06284359,0.268216417,0.157807535,0.138423524,0.044892523,0.065749089
171,0.211772919,0.118035876,0.150307717,0.142309721,0.074000581,0.038564068,0.065124379,0.070932645,0.052235257,0.016733136,0.017988784,0.078313986,0.135890889,0.168207187,0.08703163,0.122016914,0.481618595,0.373995254,0.258239868,0.060536113,0.060259361,0.19329432
172,0.022475402,0.451302246,0.034585823,0.02523383,0.049763332,0.028892547,0.078814654,0.024410637,0.125312628,0.03706999,0.034609388,0.047756918,0.148892946,0.14401083,0.148740313,0.143804411,0.043525988,0.318479992,0.084814893,0.038455214,0.182875886,0.0647444
173,0.003167284,0.057747726,0.044848127,0.101359903,0.066710411,0.355381811,0.033856885,0.002354399,0,0.013240408,0.089379029,0.105914523,0.198439037,0.170619099,0.25013485,0.022097115,0.177570137,0.311935966,0.054329931,0.031488208,0.057574912,0.246670444
174,0.026248897,0.008131234,0.052083124,0.02309487,0.010645135,0.037196703,0.389913068,0.000342455,0.030973997,0.077423435,0.020276739,0.030401721,0.027418351,0.351636833,0.057873547,0.151913952,0.037927747,0.240146659,0.226661934,0.177566549,0.214950362,0.036526732
175,0.132215022,0.052346335,0.092928659,0.035559743,0.007584331,0.000348822,0.089565267,0.002965779,0.021756756,0.032894682,0.025737226,0.085300199,0.125059185,0.065407278,0.054076696,0.107675032,0.068686169,0.116685697,0.076608802,0.048118613,0.039137496,0.140349797
176,0.135134952,0.063629727,0.151251831,0.143904747,0.003324148,0.003925023,0.044463762,0.052014549,0.105668731,0.002438391,0.112086839,0.030676845,0.079236591,0.055171684,0.168838248,0.023502991,0.216519538,0.027058797,0.056621725,0.07656498,0.001452281,0.065343791
177,0.071756549,0.522136625,0.081180616,0.026362824,0.008239875,0.039725767,0.2413683,0.019070815,0.019205948,0.008519163,0.053907158,0.070333515,0.022160597,1,0.026599706,0.048279544,0.053609541,0.111208713,0.223587226,0.055601495,0.035812767,0.076273194
178,0.183731303,0.048275976,0.142585452,0.177250426,0.01283799,0.004138505,0.044648669,0.00742461,0.031014067,0.016205145,0.029630587,0.599835315,0.002574594,0.033490017,0.16001458,0.201657602,0.116637125,0.029807844,0.527975108,0.054183789,0.392496096,0.257311076
179,0.220614297,0.088801821,0.039428787,0.77981403,0.001403266,0.095596795,0.048017969,0.043497695,0.110844895,0.182731114,0.06451247,0.296745424,0.19210958,0.025735944,0.382582534,0.208823734,0.148865926,0.39464779,0.119028695,0.027445946,0.092969338,0.104501872
180,0.044677908,0.079587795,0.055067893,0.025703496,0.023007222,0.031751021,0.053808551,0.001163498,0.025329233,0.032968783,0.01653206,0.017435145,0.107090905,0.029321542,0.155318578,0.025964932,0.037384484,0.088741737,0.266940847,0.097054084,0.026082525,0.018542421
181,0.025746353,0.040625524,0.049476974,0.365298009,0.078791959,0.214437577,0.042173716,0.000364038,0.040669239,0.048018582,0.023700763,0.109469014,0.155017371,0.090177115,0.002245767,0.026022719,0.05601587,0.277427321,0.098619253,0.043933121,0.036788717,0.392594657
182,0.023169125,0.207260598,0.040731986,0.032338947,0.005170406,0.03721298,0.043505998,0.001096855,0.033107063,0.008210564,0.020792392,0.026350635,0.041510342,0.054632209,0.001117573,0.154636994,0.035621765,0.023145689,0.059235195,0.020481857,0.151543084,0.004987623
183,0.123344999,0.008160747,0.241991429,0.284348414,0.014650366,0.613439348,0.069186587,0.000623794,0.046345234,0.158535533,0.070896207,0.046597036,0.085709898,0.319366341,0.071601492,0.159985967,0.213201686,0.178339139,0.088701929,0.026906148,0.055426931,0.043869302
184,0.412864428,0.00981404,0.033291445,0.054123991,0.011494436,0.025048448,0.124126046,0.000937411,0.02085352,0.005425523,0.041783359,0.126479226,0.017634345,0.024179892,0.177890378,0.007760348,0.040431102,0.493939773,0.051676105,0.148990868,0.035205411,0.309386012
185,0.104275835,0.051924161,0.055796117,0.150157374,0.00801275,0.028159119,0.1442047,0.004336937,0.652128143,0.001839314,0.024525489,0.008841014,0.120130544,0.139411202,0.152901314,0.04952019,0.062940028,0.119986573,0.267048542,0.028391339,0.252776894,0.130857065
186,0.174628388,0.052592552,0.044418364,0.575597497,0.034091722,0.023871291,0.353165615,0.025773323,0.045762989,0.03899546,0.02396721,0.099431034,0.017296698,0.032579868,0.03158731,0.193294419,0.624781038,0.031618404,0.554702983,0.032511,0.043312656,0.323249273
187,0.005979976,0.053037246,0.247686638,0.270688486,0.000882538,0.02809075,0.013283881,0.022780393,0.030335231,0.004188453,0.120148314,0.025897565,0.02110294,0.006312904,0.063839619,0.026942403,0.044310514,0.194137813,0.054912787,0.153376712,0.140612026,0.049226039
188,0.072040985,0.228703062,0.040463267,0.029106997,0.17116049,0.106194024,0.177356759,0.068121874,0.047455718,0.002792175,0.018060923,0.034496421,0.077891375,0.023091584,0.220375029,0.019107291,0.060848507,0.160281571,0.386193416,0.186259882,0.035816456,0.249704953
189,0.024510943,0.058311652,0.055851788,0.035449869,0.030708833,0.029196537,0.0533917,0.018042528,0.133021211,0.024650707,0.022231787,0.05420278,0.023039386,0.072644491,0.001692344,0.254928706,0.040608801,0.146860423,0.132261811,0.047964991,0.093749812,0.039439147
190,0.048955809,0.085811336,0.109717804,0.10951712,0.007192548,0.30517122,0.121514803,0.025648382,0.135928292,0.012657218,0.251769947,0.026941203,0.083761812,0.020653827,0.000200519,0.02415735,0.242529728,0.148256629,0.043402008,0.274263343,0.295068369,0.120882529
191,0.034168447,0.098581882,0.035605807,0.023190872,0.013561087,0.014786509,0.065385576,0.110868394,0.025792219,0.009487969,0.116649048,0.029541502,0.028834428,0.018827038,0.029592838,0.045174007,0.048078215,0.200998631,0.072165337,0.049431883,0.043556195,0.015434749
192,0.126405614,0.083781468,0.490410286,0.264477506,0.030061495,0.000564237,0.163912092,0.027406632,0.028086725,0.025952275,0.018097519,0.317057462,0.029084383,0.104077754,0.238434019,0.094658293,0.253962879,0.286816362,0.068194515,0.007823433,0.032689184,0.443053502
193,0.572256985,0.488262883,0.007769308,0.030140392,0.011434219,0.001237511,0.068274233,0.017202256,0.349483767,0.034720986,0.078897027,0.028581335,0.073772051,0.030070648,0.176616664,0.024849831,0.040447818,0.121770806,0.217441091,0.153907271,0.193136761,0.17362121
194,0.127537417,0.141230863,0.055339924,0.050187918,0.036279436,0.028553891,0.171933675,0.115378755,0.022976628,0.004329393,0.091051781,0.138422551,0.077139155,0.019521753,0.016385525,0.022318793,0.033932392,0.035797002,0.048831047,0.058541497,0.08369311,0.051460601
195,0.040644083,0.057503341,0.253100581,0.123254697,0.016081829,0.044337963,0.043413758,0.124159679,0.036358666,0.018485567,0.065367525,0.049817845,0.01036217,0.041741655,0.034585277,0.136244652,0.035355301,0.000391323,0.079416568,0.03786557,0.043715581,0.005396092
196,0.506336857,0.10210972,0.168640305,0.1307755,0.004353654,0.023450825,0.001660654,0.018896213,0.469971822,0.112171191,0.017310838,0.010111382,0.058202804,0.031907066,0.161475287,0.025686592,0.16011775,0.084473156,0.079311008,0.049199031,0.109027916,0.010298069
197,0.001329102,0.21881599,0.038932826,0.016345867,0.008413448,0.184125673,0.000331346,0.002379077,0.072607942,0.005807683,0.119325889,0.102816649,0.0278977,0.091818401,0.138498779,0.089569608,0.05743333,0.48635285,0.051425339,0.152038344,0.036223181,0.044993611
198,0.026008493,0.086440969,0.064556983,0.03929634,0.079374898,0.095550406,0.029477784,0.024272171,0.21048175,0.038416459,0.021213321,0.035932791,0.24549034,0.16615354,0.037258234,0.092181814,0.15466921,0.042970978,0.13823081,0.028433968,0.002004026,0.49580366
199,0.470839912,0.054490496,0.044103295,0.00725784,0.012359312,0.041238456,0.025277366,0.085487811,0.081977209,0.031090229,0.021084164,0.008360524,0.020098005,0.029138735,0.090342223,0.097890551,0.238547261,0.356773638,0.111768045,0.071617312,0.028650157,0.038606854
200,0.136630597,0.127614332,0.036476331,0.123084813,0.024344713,0.024229963,0.12598557,0.029389831,0.090584013,0.113427241,0.020094325,0.024362659,0.040205565,0.036858449,0.032311407,0.020457447,0.041892015,0.400675244,0.055627669,0.190487349,0.169832376,0.067926165
201,0.109307393,0.060071044,0.154933613,0.013969884,0.010038228,0.13065897,0.032471063,0.096376596,0.052838978,0.059881637,0.108574454,0.176401924,0.03304351,0.023306256,0.165573983,0.040181732,0.062498716,0.083949958,0.192456239,0.045271855,0.139035283,0.177250706
202,0.000974617,0.207149497,0.036191611,0.035647328,0.007310149,0.040586012,0.252532061,0.032681769,0.039777959,0.013266021,0.002232235,0.038867669,0.05485118,0.091627876,0.114345021,0.000470084,0.206111379,0.111710558,0.089847592,0.029102843,0.002022366,0.041231846
203,0.037486389,0.008627193,0.055145626,0.086593135,0.112558804,0.011738754,0.169943283,0.029502128,0.040581379,0.029472953,0.14511879,0.0268111,0.083503521,0.142601153,0.064265293,0.136230373,0.03573937,0.023495627,0.244641975,0.15781732,0.058063221,0.080752535
204,0.074428129,0.066715975,0.049258436,0.047773256,0.048563559,0.101083113,0.149665682,0.098959356,0.177543516,0.012557103,0.120344912,0.056520364,0.061866126,0.053500023,0.200349785,0.037078581,0.029829725,0.359373744,0.045087765,0.024435946,0.029104456,0.237971526
205,0.363600183,0.090207305,0.029107527,0.1596978,0.010853812,0.112100978,0.273064593,0.001242484,0.168593075,0.11385756,0.196987509,0.206374554,0.150682235,0.017071955,0.052690864,0.136744154,0.042024631,0.029246736,0.125198554,0.004894441,0.136415463,0.122175568
206,0.026696139,0.092794727,0.035088874,0.033783816,0.011185236,0.006512439,0.061514729,0.000314734,0.293052511,0.047393783,0.030874794,0.042123335,0.021706121,0.205681056,0.061319088,0.029610224,0.153964208,0.249716895,0.057057511,0.059082634,0.038397343,0.024158443
207,0.038281067,0.050703015,0.135935952,0.030064875,0.083470267,0.003682147,0.332819432,0.001062825,0.206474144,0.218941281,0.009677591,0.039078922,0.088726328,0.116054792,0.063622077,0.021582193,0.051211847,0.210099454,0.237761737,0.077093417,0.158951177,0.068092658
208,0.001469937,0.106015306,0.033642093,0.35323432,0.021973235,0.00388246,0.038559803,0.026149821,0.097581963,0.224419581,0.005533075,0.238539319,0.124268098,0.160171101,0.165885669,0.121609479,0.03451147,0.076248079,0.280290741,0.103895468,0.173188025,0.217784718
209,0.000654057,0.205818163,0.073984249,0.036444699,0.01393312,0.086953834,0.183829327,0.022130945,0.071254951,0.04967337,0.106425921,0.013796879,0.025902168,0.040420783,0.032421538,0.023091711,0.232029361,0.253440163,0.191624329,0.051886085,0.07768136,0.075493383
210,0.00193903,0.117365393,0.144224441,0.217965666,0.009511066,0.094101509,0.004060655,0.01822978,0.071457725,0.004114836,0.029047923,0.039565679,0.05289874,0.052998837,0.206452393,0.021617753,0.036688329,0.03536622,0.241920856,0.026504217,0.167764511,0.068158721
211,0.035590688,0.035263729,0.037332581,0.085833541,0.029483679,0.03206893,0.045308276,0.091441756,0.023667718,0.291779708,0.067188602,0.046956964,0.030151262,0.209113316,0.059137324,0.02088187,0.055731029,0.043890303,0.047059047,0.210362033,0.036582913,0.041918739
212,0.025834608,0.052556799,0.054872453,0.094955923,0.112858742,0.079808174,0.063977676,0.004318721,0.060256985,0.024902065,0.001037858,0.03736624,0.211924335,0.02377913,0.150125712,0.116654758,0.337550357,0.030768187,0.140161457,0.046780405,0.13339228,0.210393238
213,0.001057104,0.228934077,0.062718374,0.035954014,0.017556842,0.028139991,0.044026781,0.018150995,0.025236269,0.070486935,0.212517558,0.126919216,0.152913851,0.500437391,0.028234618,0.020813631,0.412847173,0.133873615,0.164617869,0.026935693,0.027060025,0.038183737
214,0,0.233199584,0.032864252,0.030210134,0.030853991,0.002461837,0.28544207,0.001365917,0.13394596,0.025746653,0.028472119,0.027763717,0.018552812,0.088101521,0.0663941,0.10847921,0.039434625,0.024799478,0.052881548,0.062955061,0.001370715,0.218446576
215,0.152143752,0.055355207,0.055176813,0.020472679,0.015361741,0.337794587,0.13476172,0.023067264,0.091294038,0.074854343,0.038012574,0.154908399,0.016950533,0.033170362,0.268157026,0.0448764,0.034910063,0.11520842,0.054600042,0.028688981,0.038392515,0.059113003
216,0.078677578,0.07846883,0.139265904,0.108259521,0.048168723,0.16977053,0.090237423,0.061983615,0.162287277,0.266735357,0.002817271,0.027696514,0.025359411,0.116723419,0.107451284,0.048998529,0.225337778,0.023231261,0.402770039,0.258453877,0.390341506,0.238490067
217,0.050973136,0.220504935,0.037197561,0.053193368,0.007248299,0.030077257,0.166503678,0.021409154,0.02832818,0.010240198,0.015996993,0.031161001,0.021818857,0.208244321,0.187757913,0.022721103,0.242560778,0.030322475,0.080134172,0.068663041,0.054016236,0.054756607
218,0.152012549,0.048540429,0.049626437,0.027394266,0.002021985,0.196153111,0.177495176,0.016066331,0.07473796,0.028120239,0.024702592,0.044849717,0.059072209,0.008415497,0.03379177,0.108922461,0.038065054,0.41979729,0.265108452,0.05008156,0.004670383,0.238514613
219,0.032079531,0.111002444,0.14197845,0.031916254,0.011352079,0.023278405,0.0793734,0.074423565,0.047945627,0.017375109,0.019603486,0.060815627,0.13821844,0.020706635,0.170704926,0.02118739,0.035946688,0.022169661,0.191458318,0.050094611,0.008898842,0.061483763
220,0.027425278,0.16864881,0.053693456,0.095430612,0.048679453,0.126390816,0.070910183,0.023575145,0.393736782,0.043868184,0.102336291,0.155998298,0.021420798,0.0393893,0.129298842,0.039002957,0.193433944,0.402514232,0.056976021,0.026370681,0.007340982,0.095660892
221,0.036841675,0.057726911,0.250188912,0.02817564,0.265245554,0.428997317,0.233501694,0.133036074,0.199807847,0.132646235,0.026654174,0.027420439,0.143794897,0.102295583,0.14386253,0.273151208,0.035677584,0.275037023,0.067789798,0.096151499,0.004056227,0.09649741
222,0.137981354,0.047760904,0.035623012,0.038731434,0.00847979,0.059334053,0.037861338,0.135119658,0.020051211,0.076021053,0.07894933,0.007148734,0.080986322,0.165100228,0.167660247,0.021186839,0.261813611,0.102196934,0.006730533,0.032308909,0.024572971,0.187889474
223,0.230108371,0.281595476,0.040173025,0.344938944,0.006394649,0.046335644,0.074288416,0.06876286,0.066614139,0.169392574,0.089763506,0.040078483,0.073296561,0.10036593,0.182129749,0.103696329,0.06427065,0.079418962,0.125727091,0.364141536,0.029703037,0.059478225
224,0.004355392,0.055716581,0.22994005,0.026236704,0.011521261,0.023721535,0.226452366,0.017034859,0.023852599,0.05953203,0.061914987,0.211670857,0.101282686,0.377036488,0.075778048,0.020305052,0.25415609,0.103582936,0.047280542,0.025352532,0.108384,0.045861606
225,0.393665913,0.096050056,0.057481437,0.056679016,0.011840328,0.214788742,0.463215197,0.030894239,0.068441382,0.108587282,0.085431465,0.150621259,0.031904887,0.065188639,0.123125426,0.167377227,0.038015669,0.183169569,0.048469856,0.04051092,0.025971295,0.472593299
226,0.114207659,0.194960182,0.210689321,0.084480574,0.013137588,0.082890796,0.04443803,0.013574884,0.023235903,0.068967616,0.04033408,0.04540356,0.16099742,0.163842485,0.209644082,0.103902105,0.029482744,0.097340032,0.075683025,0.142104649,0.003747201,0.117658454
227,0.036759466,0.200244483,0.043361637,0.05843186,0.000674024,0.125732512,0.02836094,0.094788644,0.15992042,0.043061783,0.024571901,0.052954655,0.019744583,0.02933948,0.032485461,0.000920455,0.018846443,0.190341482,0.219780922,0.027233499,0.033430873,0.111057888
228,0.09157274,0.048758913,0.035057654,0.032159121,0.007219368,0.000472713,0.433074398,0.000873861,0.066329539,0.002993008,0.070562513,0.045626168,0.058722031,0.015639022,0.063809071,0.020072127,0.034600142,0.118275146,0.063563591,0.059549642,0.029465668,0.014751553
229,0.002093821,0.053786612,0.137828107,0.13214011,0.004618326,0.139504268,0.043235779,0.03563895,0.171433221,0.453639078,0.025776106,0.06760386,0.10355732,0.150367048,0.051186636,0.025986,0.202575283,0.039917612,0.076640475,0.073764903,0.315417827,0.030226917
230,0.000131279,0.228943379,0.045154216,0.051547794,0.069501574,0.289001822,0.164157504,0.041654517,0.025401833,0.334149179,0.096643511,0.151119072,0.076790879,0.157258473,0.321644293,0.108961315,0.033439552,0.024799313,0.107813997,0.048517106,0.025311446,0.070435686
231,0.003629381,0.070123628,0.055629415,0.023377304,0.018147177,0.261934906,0.050443078,0.077681729,0.022477932,0.441011191,0.022191331,0.061176631,0.019965075,0.026048659,0.003275723,0.038611227,0.060382373,0.067060223,0.448618818,0.180197676,0.000894391,0.075837108
232,0.020627205,0.079151448,0.145143522,0.012424162,0.001572174,0.134376267,0.02666177,0.035375157,0.110539719,0.243323852,0.071264952,0.00832557,0.251983783,0.025131832,0.166183064,0.107659377,0.150002998,0.108409366,0.304561602,0.140084323,0.068591111,0.079595011
233,0.031012498,0.336058297,0.036980777,0.024234159,0.007734336,0.028796469,0.016299061,0.100367442,0.025490631,0.037090701,0.114892278,0.018046545,0.10560364,0.000187628,0.029519728,0.024591116,0.03608483,0.570936927,0.061385394,0.042020597,0.155330479,0.080839436
234,0.003304233,0.323619932,0.042512436,0.422509903,0.003076401,0.002217058,0.048211238,0.071678847,0.026999238,0.028614227,0.244720005,0.167462985,0.004888284,0.082706949,0.050668368,0.010935855,0.210190826,0.203915417,0.005971274,0.025327035,0.043691172,0.207776781
235,0.009308304,0.168187006,0.051015483,0.016208131,0.010350626,0.003672646,0.023830817,0.025709309,0.049323205,0.367010106,0.036665068,0.025125346,0.059750102,0.109116492,0.128697172,0.021869145,0.033684045,0.52159981,0.079581828,0.102912411,0.04976968,0.287473268
236,0.103888903,0.180345584,0.050008854,0.024445481,0.035710076,0.035971343,0.188102842,0.075184525,0.086541999,0.007971169,0.004669466,0.054352683,0.000171135,0.123472687,0.033142141,0.049326072,0.074261194,0.623437116,0.085997416,0.093413844,0.032460792,0.04528141
237,0.003630507,0.338990872,0.151097345,0.101869962,0.018655531,0.399280155,0.019444987,0.140202867,0.01889122,0.039776198,0.028243636,0.003605012,0.02354184,0.044967378,0.049626568,0.038119214,0.206320715,0.056459795,0.05688759,0.16025717,0.099519755,0.063556568
238,0.027868347,0.207049942,0.085692178,0.068107462,0.075461758,0.21903823,0.090962308,0.001224875,0.042145945,0.004317525,0.072415894,0.069491183,0.097426936,0.122646525,0.156521604,0.0681639,0.051664622,0.392630828,0.214747487,0.05471868,0.060189551,0.154828544
239,0.069465878,0.051138709,0.161157037,0.100158033,0.016488115,0.026853535,0.061260736,0.025120421,0.029837473,0.03187431,0.050789278,0.008546152,0.018512623,0.238461335,0.172636642,0.113074874,0.248698609,0.124627339,0.178315348,0.028964757,0.001157515,0.060969095
240,0.180444297,0.006260873,0.063996104,0.031353895,0.128799525,0.084982258,0.156216732,0.003501724,0.024029608,0.042884749,0.026090409,0.170264294,0.041205293,0.150833962,0.15585635,0.024504492,0.040737011,0.057989414,0.006678363,0.106081207,0.002298626,0.107712377
241,0.154655546,0.042905159,0.048483696,0.40831708,0.082435959,0.438012945,0.041723572,0.041054074,0.037955337,0.046458855,0.175758901,0.026398348,0.046064487,0.018436882,0.136470175,0.00085352,0.02016252,0.053619613,0.198278252,0.042279656,0.025753467,0.051015236
242,0.16244083,0.039809994,0.054648724,0.159322801,0.014872627,0.147856639,0.065057188,0.001323907,0.022320777,0.014994494,0.018329723,0.027403208,0.066774165,0.068854877,0.432430971,0.043372983,0.036767478,0.017280512,0.102331598,0.009242562,0.137365742,0.299576804
243,0.491061537,0.044383725,0.150430175,0.02912379,0.012942144,0.185998501,0.075239495,0.152280052,0.056846101,0.10848518,0.018144174,0.045282925,0.035848825,0.03169703,0.043608463,0.268409637,0.243801275,0.025554562,0.176336674,0.035971882,0.034872769,0.040632266
244,0.000529635,0.066050717,0.043661225,0.132188156,0.012686621,0.212273163,0.026036354,0.03087861,0.021212979,0.02727223,0.065852709,0.028233454,0.2524866,0.026279199,0.050068255,0.025749239,0.04035736,0.097437347,0.059975971,0.026528861,0.046404446,0.22188814
245,0.095833474,0.011131103,0.145956461,0.026318627,0.007621331,0.033046368,0.040099109,0.000708681,0.005778936,0.03140603,0.016028548,0.046957401,0.020774078,0.128655829,0.152835459,0.017780098,0.05348068,0.00066182,0.081471613,0.182308514,0.034375978,0.042761972
246,0.161078273,0.01487736,0.060230549,0.034438562,0.01397322,0.021751202,0.073736135,0.057012559,0.086268574,0.002386049,0.023219253,0.046729118,0.032015073,0.132416778,0.055995244,0.023317563,0.046454727,0.232824568,0.091834289,0.043287388,0.033444209,0.138255667
247,0.026954664,0.476812114,0.168085082,0.213123438,0.007986979,0.206117599,0.220294053,0.090571971,0.034882804,0.001275199,0.06635421,0.030412551,0.106475788,0.023218766,0.168798803,0.023333156,0.219324371,0.120240342,0.058949396,0.024663571,0.146094501,0.073438794
248,0.09791616,0.065247761,0.036451891,0.038911697,0.035356222,0.052285818,0.271458468,0.021751366,0.095858666,0.059767971,0.044721486,0.087235996,0.016358839,0.021393454,0.03476182,0.059570064,0.174001134,1,0.201445583,0.144739061,0.035905338,0.331816432
249,0.024786127,0.067176608,0.03407769,0.031545827,0.048626722,0.07834362,0.039370868,0.000456856,0.096291332,0.105591556,0.056100845,0.04271823,0.223038518,0.435762909,0.114686011,0.022242371,0.039246191,0.399268128,0.234673377,0.041369984,0.044749699,0.051830208
250,0.173903094,0.057461823,0.043087972,0.104821582,0.03428287,0.039674705,0.139872825,0.034678055,0.22254316,0.030392473,0.030627962,0.04634419,0.005387267,0.067943735,0.110881736,0.101154526,0.032609288,0.041581691,0.116819947,0.036568938,0.00087386,0.053897746
251,0.169183706,0.205020745,0.224651206,0.026217473,0.133035268,0.051534858,0.270366478,0.00086399,0.290812956,0.002597965,0.005478011,0.097957535,0.033339908,0.311160679,0.06554251,0.120314421,0.036336544,0.324851398,0.105345815,0.106919716,0.026498382,0.507891441
252,0.205084022,0.091312,0.031023316,0.026670159,0.050917094,0.080620002,0.204399597,0.017840379,0.002731378,0.003266433,0.021751615,0.020471463,0.177156634,0.120084897,0.057122061,0.122283583,0.152841182,0.036584264,0.191840533,0.034097841,0.188231548,0.040033927
253,0.014036419,0.054300764,0.042558466,0.023309195,0.007631788,0.143648448,0.039285722,0.003560981,0.028332702,0.002082968,0.083038872,0.029120412,0.164388783,0.018330348,0.1933693,0.018461719,0.149916581,0.040509881,0.157366682,0.169986267,0.027139816,0.048131526
254,0.156518254,0.10604474,0.039753967,0.098495782,0.074586646,0.158626279,0.070487362,0.016452324,0.051529909,0.070204657,0.027939143,0.034719386,0.108382777,0.00141311,0.121616873,0.161586798,0.038357319,0.180815922,0.203454929,0.029520899,0.050270913,0.425534506
255,0.000937874,0.096300719,0.079400147,0.097528289,0.007636037,1,0.066901608,0.004360264,0.136629748,0.046130887,0.032806285,0.198743114,0.025044022,0.032601735,0.033635675,0.189362986,0.045816565,0.038590113,0.047156825,0.002572398,0.176612997,0.103783599
256,0.001016479,0.501315269,0.17447965,0.120893408,0.00695221,0.029675852,0.11811176,0.034902414,0.020702524,0.050386716,0.124516427,0.111242068,0.018461655,0.110733098,0.053421765,0.123847299,0.176625753,0.129623745,0.081587216,0.065296328,0.061475563,0.057939463
257,0.025508325,0.249016688,0.034161508,0.070436511,0.012016706,0.002040033,0.035475415,0.077764461,0.02319998,0.278565743,0.0027061,0.027391383,0.036166282,0.036729922,0.024973509,0.045709935,0.268062049,0.044073401,0.084911178,0.045512742,0.004081584,0.013536264
258,0.072077926,0.078526757,0.053998248,0.188752218,0.019724138,0.002598093,0.058103587,0.021779088,0.022130439,0.033662393,0.042149176,0.030451304,0.185259896,0.00250727,0.030609077,0.023379119,0.265013995,0.126190111,0.31055495,0.028483918,0.060555041,0.052457538
259,0.097307545,0.032902044,0.136859764,0.152749154,0.006656453,0.000167944,0.513747486,0.137611879,0.093932749,0.220799832,0.003197623,0.031459284,0.063364761,0.002027359,0.149916721,0.092516879,0.039172303,0.036255719,0.114869429,0.02897373,0.028000843,0.067513735
260,0.022804003,0.319183069,0.042440898,0.146270497,0.166205323,0.006038804,0.202476516,0.018239779,0.051309919,0.062724731,0.011810601,0.052272404,0.107774379,0,0.037913883,0.101260714,0.040768996,0.124664263,0.269163621,0.42846338,0.319105565,0.099793786
261,0.064708634,0.247671289,0.003607428,0.116184943,0.021042177,0.01298742,0.041083667,0.104386633,0.091937281,0.036276553,0.004312279,0.022665104,0.072831318,0.040846808,0.144147309,0.090810676,0.067639488,0.021393963,0.075979607,0.038234858,0.050872933,0.066455369
262,0.181615556,0.073711209,0.027301117,0.020638529,0.087467029,0.219611313,0.055800631,0.022333726,0.021176128,0.02929344,0.01650522,0.035243916,0.018017894,0.265152553,0.029743835,0.023629332,0.213686262,0.009770897,0.073982445,0.049884118,0.050880384,0.038091618
263,0.085579869,0.071263456,0.033447982,0.123440243,0.005581616,0.001921191,0.067348547,0.081830683,0.032671131,0.113178009,0.021021272,0.04938125,0.027206531,0.020885045,0.034957903,0.069486858,0.036510069,0.028147373,0.34318305,0.108681198,0.0356088,0.15427979
264,0.002002496,0.407295477,0.11581494,0.024354767,0.108314648,0.112647574,0.190638394,0.018464696,0.014474195,0.037417134,0.002618583,0.019656706,0.116947681,0.012043105,0.119204819,0.032907184,0.0608307,0.000189874,0.067446752,0.02889154,0.004761078,0.038266019
265,0.162118493,0.233602155,0.036247318,0.045644349,0.008661374,0.161460521,0.223670231,0.040927185,0.137050489,0.039802065,0.209430546,0.022246399,0.093105878,0.016449503,0.031121792,0.162033395,0.226539322,0.027616298,0.254861139,0.00731092,0.095766205,0.072561009
266,0.047434826,0.055856996,0.041659693,0.02918023,0.007828098,0.041453044,0.060815348,0.13042144,0.093630541,0.044668091,0.019305572,0.189959556,0.002041033,0.021837944,0.11064742,0.08838333,0.036518457,0.140486911,0.04865311,0.048703512,0.03588618,0.135471302
267,0.000793493,0.075607563,0.137736424,0.136347013,0.003699891,0.040154343,0.011773076,0.006996425,0.020469743,0.02152187,0.026670533,0.132085463,0.090166945,0.044862079,0.052176704,0.029152986,0.038157626,0.281961815,0.35153648,0.042842013,0.042700018,0.075843773
268,0.027070057,0.055233751,0.035579697,0.548289618,0.008519254,0.004384213,0.055636538,0.014695563,0.01952478,0.272404258,0.025080888,0.195057826,0.078552847,0.028695862,0.031689347,0.083745805,0.16457849,0.018808815,0.053497591,0.033241136,0.164656708,0.045626334
269,0.276829739,0.085674719,0.045089095,0.076379308,0.02324233,0.089157751,0.046770366,0.003023032,0.001617885,0.002800493,0.020583688,0.024904332,0.293807833,0.213451692,0.122196955,0.366939277,0.079217225,0.088542503,0.229745267,0.033885039,0.078050133,0.175732357
270,0.162935132,0.430224934,0.441955026,0.146477452,0.011897343,0.043333542,0.417878334,0.000192983,0.01974962,0.025650451,0.022404881,0.037354857,0.000544974,0.17986964,0.05145723,0.034837639,0.110420154,0.022843201,0.045388962,0.20073514,0.122741791,0.093194199
271,0.002717025,0.081649631,0.199598604,0.024330314,0.027075276,0.012022484,0.291236465,0.000978682,0.071736458,0.002379837,0.023644035,0.056822842,0.022748254,0.033587034,0.029930985,0.267961159,0.234176929,0.081629425,0.12776893,0.026556953,0.054650573,0.088539888
272,0.281943962,0.057964884,0.043841257,0.045287597,0.039801266,0.192882856,0.03976086,0.001175811,0.031664918,0.029688064,0.102552673,0.04183634,0.031010724,0.027128676,0.226032438,0.019396563,0.035863011,0.031580625,0.156978685,0.006346619,0.048562019,0.058542367
273,0.037473086,0.206336893,0.288309295,0.234900821,0.074951805,0.001368836,0.5812223,0.038155073,0.023624853,0.009088619,0.04543164,0.032070417,0.117714684,0.06020706,0.030276856,0.011496438,0.069580448,0.147388703,0.525370242,0.065852125,0.006280145,0.099071799
274,0.127350449,0.095713067,0.053636415,0.102009119,0.024584235,0.024574644,0.012792232,0.050692016,0.072231813,0.041296399,0.172731706,0.034568133,0.124343352,0.137037711,0.076003971,0.053802662,0.051579333,0.101244004,0.070068498,0.04585886,0.309257211,0.04752944
275,0.094567834,0.06257597,0.040367385,0.112235161,0.006861412,0.082116205,0.069996586,0.023293199,0.024012343,0.016823854,0.074777607,0.016021571,0.032036857,0.068234881,0.215288355,0.029409363,0.249638536,0.020097919,0.598168374,0.114758399,0.042089066,0.313078952
276,0.005241769,0.138883373,0.054175688,0.023606958,0.032509188,0.001344853,0.029818534,0.037585444,0.01847485,0.005050553,0.018226459,0.024886884,0.108777375,0.260228387,0.080390055,0.040822446,0.162541598,0.031024757,0.221292112,0.033015995,0.028507635,0.045745717
277,0.001117032,0.199893164,0.323697328,0.035264908,0.000410427,0.166390392,0.037194946,0.018993093,0.065785471,0.007254253,0.136799723,0.052071727,0.016546269,0.187463922,0.138084372,0.087783176,0.035921968,0.047073082,0.081159083,0.039095973,0.238698418,0.131234981
278,0.026585377,0.608570705,0.055835118,0.369282035,0.007114197,0.027082242,0.052022908,0.028678227,0.045030344,0.030449566,0.188075602,0.243041189,0.061771689,0.118091565,0.04248224,0.115329631,0.067839943,0.180070338,0.233105743,0.038844974,0.323069409,0.407423252
279,0.001715505,0.079024154,0.155540551,0.47742331,0.060312561,0.180816726,0.020358404,0.027486563,0.194401658,0.002959265,0.210208576,0.027300129,0.017781959,0.021913945,0.042547649,0.021792463,0.230782422,0.095854047,0.268064053,0.093305341,0.024958985,0.038343996
280,0.081601405,0.266858324,0.042800413,0.039884244,0.068552848,0.013984242,0.181815848,0.11165028,0.065188998,0.103913593,0.024164,0.032375944,0.104140392,0.054147391,0.045403979,0.025688804,0.15844747,0.029171561,0.050099083,0.21856564,0.001219428,0.405755258
281,0.156785014,0.047477389,0.035104503,0.111129229,0.004835185,0.011035537,0.015497745,0.049204266,0.082323673,0.026456811,0.075458182,0.001305985,0.079923635,0.032462403,0.059687021,0.070059127,0.035940618,0.232629805,0.079537615,0.024632401,0.04928571,0.28802061
282,0.024872681,0.0769109,0.14947207,0.09108624,0.017531399,0.000567408,0.030981519,0.001160773,0.036323416,0.042923622,0.058450394,0.001791098,0.024441253,0.128588935,0.236138992,0.031637921,0.038671603,0.10656831,0.086921077,0.047240685,0.003308544,0.07102456
283,0.023172448,0.109768967,0.033805109,0.026494499,0.018195424,0.021711713,0.077417019,0.001191998,0.075976406,0.017378217,0.037830304,0.016396103,0.000429586,0.025799179,0.250660742,0.199210222,0.038036002,0.381665768,0.048928828,0.122965617,0.025411716,0.08175542
284,0.061330186,0.05842532,0.048306017,0.141832265,0.00900945,0.020733908,0.035705541,0.002469114,0.090330137,0.038702903,0.003401633,0.025852908,0.078662941,0.116137586,0.180555782,0.043032722,0.241204596,0.023674661,0.232138917,0.301798376,0.208346818,0.069106479
285,0.035849683,0.093081894,0.194695558,0.004502528,0.00856297,0.128860204,0.208784259,0.116069464,0.024371486,0.04361357,0.081964639,0.039311157,0.133930904,0.027110801,0.055186446,0.118786794,0.145945277,0.13552431,0.090905759,0.056306689,0.031534862,0.311910688
286,0.134952348,0.294355878,0.135126979,0.11949603,0.053055289,0.026725523,0.15288977,0.035766973,0.016635374,0.002828765,0.016822642,0.084490183,0.022276812,0.186088827,0.157606666,0.149052751,0.03984323,0.310423121,0.06569511,0.047627432,0.062452108,0.308745724
287,0.128183464,0.075610154,0.042210631,0.058230992,0.012561698,0.203484291,0.041520225,0.069130048,0.031002777,0.031475207,0.017233343,0.025494645,0.000628491,0.063774001,0.027513667,0.022018718,0.324637361,0.214154125,0.114787722,0.329274997,0.057929391,0.058474647
288,0.02150292,0.007807595,0.042399049,0.166856996,0.109805289,0.022428901,0.027338783,0.019754992,0.249547427,0.098413721,0.002087466,0.040360563,0.028642337,0.075717118,0.052389473,0.079618274,0.240472994,0.024398792,0.379230606,0.032224842,0.11471426,0.233094297
289,0.037947188,0.052906657,0.219289581,0.030464139,0.01248193,0.002388586,0.05862709,0.03252857,0.001657242,0.028500342,0.064592917,0.068112752,0.034581951,0.004612951,0.092610293,0.021343794,0.087293946,0.578104145,0.278070695,0.031176343,0.003085501,0.058783322
290,0.024898288,0.195566346,0.037448934,0.035379133,0.00904495,0.000333302,0.099426676,0.025228917,0.322814108,0.036994594,0.028860205,0.032968692,0.016705238,0.15571018,0.046868289,0.024803599,0.041595013,0.382538862,0.085993068,0.02336683,0.045702125,0.058202406
291,0.117667308,0.079724701,0.0623403,0.152191744,0.013370803,0.080950003,0.067597705,0.001359791,0.02218581,0.040151177,0.062639636,0.054258493,0.09766927,0.003132819,0.206690614,0.100955784,0.098136926,0.131964678,0.064358841,0.098720971,0.057801386,0.309050184
292,0.03157716,0.195292788,0.047839995,0.017541988,0.11571494,0.043202617,0.058712016,0.021733751,0.021324743,0.028773796,0.015009461,0.031262957,0.100967496,0.000326284,0.027512214,0.043099744,0.045229879,0.00069253,0.249048825,0.041799382,0.093038296,0.08952186
293,0.006867777,0.065773972,0.060075133,0.012831166,0.08093297,0.002265567,0.167635913,0.018589509,0.022687037,0.345126266,0.005695074,0.15267081,0.020759214,0.080074433,0.057586377,0.02257451,0.219881933,0.138050401,0.056945545,0.044281553,0.026336567,0.121549606
294,0.154799639,0.033317453,0.149690616,0.05517182,0.034645512,0.022123021,0.197146757,0.036350355,0.096763161,0.030150871,0.027719916,0.041003446,0.029191231,0.088897928,0.033855539,0.109502115,0.194692273,0.022976362,0.064163591,0.039851285,0.027889278,0.05786961
295,0.021571762,0.055394004,0.047555439,0.063940965,0.001657907,0.078648306,0.365275241,0.065747765,0.035658794,0.025083289,0.090520544,0.219048141,0.095096821,0.033382114,0.207244553,0.17850227,0.036264359,0.029906037,0.18727667,0.002982203,0.023007745,0.375241767
296,0.150494841,0.085410556,0.163485855,0.093911523,0.020911316,0.001959561,0.010163994,0.036571712,0.000384427,0.129164149,0.083881451,0.075976399,0.062794464,0.417470932,0.107018124,0.023693473,0.043384963,0.078860645,0.047342627,0.295769076,0.158644684,0.046348412
297,0.02507234,0.076486275,0.036869878,0.102739844,0.007987262,0.03350521,0.043223261,0.018800002,0.022648965,0.543030969,0.079489594,0.058919953,0.221533641,0.001079513,0.006786104,0.023376516,0.071595214,0.023040977,0.504472672,0.041585044,0.051840222,0.065343642
298,0.040311055,0.082327265,0.019282899,0.019217196,0.027339524,0.021997862,0.06585663,0.003308644,0.100324988,0.112004224,0.042269386,0.02637096,0.011962617,0.118269012,0.07608103,0.175797851,0.078328215,0.031230716,0.04998634,0.025593568,0.036851622,0.212597866
299,0.038331339,0.109467489,0.036380709,0.452015749,0.00873578,0.086321063,0.077530453,0.016376435,0.043456687,0.157239451,0.05954514,0.083600158,0.019573711,0.19836814,0.031706394,0.032761137,0.269967762,0.00062584,0.120322215,0.100010624,0.03707688,0.061398631
300,0.022231126,0.051317474,0.136560221,0.020212091,0.034480179,0.05882901,0.034225777,0.067045804,0.022602204,0.062382004,0.083849677,0.025063565,0.017255102,0.126631482,0.110427085,0.052350203,0.16926819,0.083092693,0.000619889,0.038754758,0.105041251,0.206483015
301,0.021887112,0.046672829,0.041721317,0.058475616,0.155752545,0.080070558,0.125782567,0.023126422,0.110947505,0.318575848,0.112222667,0.043684477,0.020878966,0.512027682,0.034308384,0.039204957,0.03322947,0.022279328,0,0.12610806,0.026826552,0.053378252
302,0.044630117,0.128110275,0.15361692,0.036463824,0.007706295,0.068978872,0.155794489,0.015951095,0.025615443,,0.019169947,0.247469623,0.022757551,0.11567344,0.041713781,0.101733184,0.172413457,0.175456481,0.009775975,0.14027066,0.006222775,0.291525591
303,0.399905879,0.072586654,0.036846013,0.044585212,0.190700958,0.151917157,0.056829249,0.064942579,0.083796232,,0.122209941,0.099374165,0.082318874,0.002373164,0.045244186,0.031246849,0.066018561,0.040178336,0.052955662,0.128245909,0.184701881,0.106353572
304,0.033070092,0.091915784,0.043857113,0.015726832,0.007984994,0.034395939,0.447231526,0.015565352,0.031800834,,0.230166094,0.122164346,0.000868488,0.120479886,0.389336397,0.01724568,0.154686908,0.000961929,0.052934021,0.021532131,0.031623802,0.229849794
305,0.000744239,0.361373122,0.183179998,0.020387984,0.032237806,0.028073005,0.1719283,0.033198648,0.026700114,,0.025857592,0.055736541,0.035884418,0.132929286,0.139642782,0.022079319,0.037986997,0.023714277,0.151916653,0.151328217,0.031239076,0.084984852
306,0.231646531,0.109281672,0.066294053,0.041215804,0.413536321,0.256845407,0.286439839,0.001568562,0.106648908,,0.018455258,0.031475813,0.021747194,0.001277793,0.069751477,0.048861364,0.041875781,0.092691685,0.05952228,0.152121337,0.125821369,0.004189629
307,0.005182257,0.093286853,0.530214884,0.093360645,0.007867629,0.13889414,0.036840356,0.034834389,0.083758766,,0.079098832,0.038562014,0.154799502,0.021291126,0.01663396,0.031728418,0.260204721,0.080189994,0.480699393,0.021263406,0.031305603,0.017763377
308,0.025554205,0.413613101,0.040241613,0.00820145,0.046625125,0.020971301,0.128848423,0.015343934,0.021216478,,0.022396488,0.159863537,0.016533698,0.132551524,0.125135806,0.125231658,0.041324329,0.257902499,0.05424903,0.269203891,0.046609441,0.055381036
309,0.003052057,0.051380293,0.038996643,0.11210733,0.054108922,0.103148218,0.021442432,0.072802677,0.076188136,,0.320953823,0.056452421,0.037510822,0.00343828,0.004111224,0.024747664,0.041990519,0.023633205,0.060737003,0.037525668,0.048079441,0.050377657
310,0.135640114,0.509475383,0.300128012,0.031606766,0.007074769,0.280022031,0.185184908,0.044281479,0.03851692,,0.07166012,0.146297362,0.037150243,0.093358398,0.002610267,0.020879797,0.151560318,0.255433351,0.00363564,0.032629966,0.145885527,0.244255104
311,0.00015257,0.174194247,0.035947349,0.130525135,0.052433555,0.117100004,0.062211365,0.027349668,0.018433402,,0.052786889,0.164222154,0.019961505,0.089285749,0.030634872,0.201443105,0.141680731,0.023950009,0.360800998,0.176264832,0.222864576,0.223527183
312,0.034559609,0.300538341,0.04052604,0.047068965,0.019787846,0.027959194,0.089064148,0.107481467,0.356848466,,0.007878199,0.023461591,0.135632467,0.059601289,0.053634564,0.021578869,0.034027325,0.876914306,0.310158096,0.089225885,0.087034897,0.068157258
313,0.066460873,0.196187304,0.194236914,0.083129627,0.035765176,0.008097308,0.073614266,0.024483217,0.022047884,,0.015368986,0.064191384,0.015295063,0.032814213,0.189905847,0.004110867,0.0699825,0.028246702,0.002875921,0.026284154,0.042786569,0.042188077
314,0.853360019,0.056124432,0.040958993,0.019651853,0.051804373,0.102354443,0.156016747,0.001707791,0.145079764,,0.078651367,0.200716815,0.045652009,0.031166933,0.128741682,0.083528115,0.287468952,0.227572256,0.057081761,0.108886093,0.103619767,0.340890598
315,0.105587419,0.08194185,0.037927494,0.044089978,0.041843131,0.101680736,0.351380369,0.007730278,0.001435966,,0.021660546,0.007244913,0.076057762,0.019455879,0.030891454,0.164951934,0.007754576,0.021668532,0.072632435,0.195426968,0.032907791,0.075758061
316,0.219373456,0.097122456,0.356510044,0.086655326,0.006513615,0.007820764,0.054067957,0.049082089,0.043019633,,0.125686081,0.205143192,0.017942041,0.098899131,0.034126315,0.133325149,0.031097639,0.54779027,0.064491725,0.029072587,0.042066526,0.063632911
317,0.044975586,0.256755369,0.03890562,0.023073795,0.046874521,0.022385137,0.007432263,0.047761354,0.019150299,,0.015929924,0.037842179,0.077579341,0.177622992,0.031505544,0.020435816,0.032317358,0.001344635,0.062501772,0.087068523,0.002017881,0.0984727
318,0.00276093,0.362727799,0.040984539,0.041410694,0.024502651,0.079349033,0.073600776,0.024046388,0.111276672,,0.005759767,0.071615044,0.311236449,0.001468824,0.127126635,0.137448218,0.242056089,0.112439178,0.204942806,0.173059456,0.049665969,0.398036156
319,0.143188164,0.078498996,0.058615742,0.021497561,0.042883367,0.003742361,0.099917276,0.005473591,0.042969977,,0.034244178,0.032583188,0.116468032,0.023216037,0.122855874,0.021307286,0.189905674,0.022063533,0.057983169,0.04261684,0.002323157,0.037863648
320,0.138287334,0.08068037,0.080563805,0.022634695,0.098674471,0.000794828,0.157759934,0.062494025,0.023946988,,0.079118909,0.015053073,0.108188463,0.024732996,0.031218728,0.143239208,0.033722434,0.025253439,0.343564676,0.095771405,0.030634579,0.077343478
321,0.114585889,0.071405812,0.041649183,0.171714371,0.023409751,0.173832359,0.215881681,0.02355467,0.209087048,,0.001660903,0.036995409,0.11151922,0.021739019,0.00114766,0.108709263,0.068260824,0.090089107,0.268131417,0.076523966,0.133949148,0.573466145
322,0.037609485,0.015353058,0.007953602,0.032132829,0.007019505,0.175691335,0.296123948,0.02525557,0.018925083,,0.026315697,0.162421528,0.004270878,0.08211335,0.047623942,0.20756697,0.082696363,0.000289293,0.209953067,0.044360359,0.043448783,0.420467892
323,0.015751812,0.009746987,0.089708642,0.029926425,0.009065063,0.002299327,0.463251661,0.095601962,0.04571866,,0.038252339,0.145131441,0.035271217,0.022280683,0.120489974,0.03535307,0.186745332,0.060901786,0.038754833,0.082155911,0.051525485,0.238632427
324,0.041354695,0.031890719,0.040403607,0.024773474,0.054460802,0.051504762,0.051605233,0.016437746,0.084233623,,0.073405122,0.20912524,0.007537946,0.031857646,0.030496594,0.13750556,1,0.00661603,0.258316333,0.003657898,0.028306283,0.044597115
325,0.102949131,0.183019938,0.145874673,0.086580374,0.074281041,0.035935422,0.072718292,0.038317422,0.134767881,,0.038574489,0.049308449,0.031864496,0.190714434,0.083610255,0.190824583,0.10284035,0.127371072,0.063816012,0.061521578,0.024950815,0.047245997
326,0.12351216,0.132780673,0.048904503,0.145959561,0.014401268,0.009323352,0.016521275,0.001501153,0.034168911,,0.183171506,0.054208642,0.0383023,0.020143794,0.172205576,0.024288991,0.035429456,0.046244756,0.118712518,0.073797563,0.124936327,0.221174688
327,0.028252785,0.069811118,0.140132685,0.061630652,0.008805272,0.052542619,0.10844768,0.0253032,0.098748153,,0.017637005,0.177394079,0.027593221,0.033112418,0.033463999,0.130573372,0.163625109,0.052066042,0.032947478,0.097022162,0.028923307,0.006788788
328,0.424971492,0.052911619,0.034935268,0.102879662,0.013863651,0.160285929,0.191843772,0.029361581,0.019969209,,0.025712128,0.028004952,0.305584806,0.109476811,0.057202125,0.023604254,0.062515404,0.38399274,0.007526395,0.049142976,0.036214493,0.074477376
329,0.023324824,0.078915886,0.065620796,0.006237649,0.050068645,0.028590511,0.237336361,0.023432524,0.020347547,,0.14072168,0.038498967,0.032613986,0.003218594,0.119746029,0.023619171,0.040410831,0.123694351,0.055037485,0.061234415,0.131337891,0.240145909
330,0.010451057,0.217776344,0.043209738,0.113124661,0.005543271,0.10770503,0.075205584,0.105842027,0.020019665,,0.047532434,0.151936994,0.032147606,0.050833104,0.027904475,0.054187329,0.144768968,0.221169125,0.292722673,0.179071619,0.004748937,0.118217161
331,0.073318555,0.086891656,0.060134619,0.052849054,0.002450829,0.036457335,0.04728774,0.029268023,0.085342411,,0.095681798,0.044625599,0.018770027,0.024158088,0.187627825,0.022256442,0.080304944,0.048139642,0.059771119,0.02704598,0.040870926,0.006924467
332,0.138259111,0.081689388,0.057019118,0.029166139,0.010885135,0.033440786,0.170748995,0.174720655,0.029292141,,0.156671647,0.130303204,0.029773438,0.090409296,0.031185721,0.02022665,0.357446345,0.113752956,0.484660256,0.04530479,0.138746687,0.102683984
333,0.312182625,0.245044147,0.03488891,0.120488128,0.003416462,0.001441073,0.11217101,0.119509716,0.103745509,,0.065492085,0.027607374,0.092120637,0.022264901,0.034544417,0.021870555,0.373310807,0.534765986,0.057629611,0.042901862,0.023445297,0.071927943
334,0.107699249,0.055942174,0.119391524,0.063236432,0.026658617,0.060083568,0.042250078,0.018216276,0.027462939,,0.016439311,0.057613816,0.019765231,0.061620219,0.054663569,0.121632724,0.242155756,0.043833312,0.092169313,0.152868628,0.014101794,0.866227438
335,0.036379666,0.035680382,0.033462137,0.041807284,0.049445621,0.108753396,0.07533134,0.137847335,0.050236982,,0.028128745,0.043581069,0.026150413,0.02251936,0.035887887,0.157157241,0.052457616,0.612940855,0.230054927,0.03598388,0.030019183,0.005699602
336,0.172565785,0.059577716,0.1380025,0.069218751,0.027978506,0.001347907,0.118022749,0.000994382,0.039425513,,0.079900486,0.00451135,0.075581166,0.122732,0.190339302,0.101635506,0.054074672,0.021399044,0.001517541,0.003824401,0.161611104,0.150921131
337,0.057298909,0.084492466,0.188424923,0.12686613,0.009313743,0.021968196,0.02382889,0.051709319,0.026552561,,0.018943631,0.02799316,0.030891138,0.12723878,0.201919895,0.02080802,0.1683923,0.041455475,0.108448937,0.050631168,0.026185848,0.232488982
338,0.027879959,0.261255385,0.033810957,0.014991794,0.009699197,0.006302693,0.050946964,0.010352301,0.163305545,,0.025238741,0.100033618,0.091503552,0.009282509,0.115761835,0.027938649,0.0381305,0.268296615,0.058510551,0.11812526,0.023285057,0.347060888
339,0.049594001,0.198120091,0.209147911,0.020236689,0.041012488,0.086394235,1,0.084560592,0.132012207,,0.015782439,0.045318298,0.477358038,0.352684501,0.028504825,0.032659826,0.115136866,0.155261877,0.141450949,0.024668064,0.032157391,0.047465907
340,0.110934443,0.076000476,0.063329122,0.062656852,0.01321208,0.028352267,0.020025599,0.060178817,0.018663604,,0.011509741,0.008565108,0.00252094,0.037269194,0.066102321,0.036789859,0.0575387,0.061971582,0.265329401,0.046511908,0.170072647,0.384398017
341,0.138650189,0.051981694,0.682785552,0.14103091,0.073222806,0.197473126,0.062058047,0.003323281,0.162435907,,0.030705998,0.019026856,0.021614513,0.230498252,0.151373822,0.019874439,0.151773113,0.089809084,0.026901355,0.015632938,0.039731036,0.113508722
342,0.007173257,0.067082907,0.032906306,0.022267951,0.007433947,0.073292841,0.030781144,0.002197318,0.179952134,,0.06152888,0.025043515,0.092005169,0.206124091,0.043074571,0.102729658,0.088690522,0.022843766,0.352199601,0.063205496,0.099704222,0.220370118
343,0.022278729,0.90038631,0.038184013,0.001854056,0.011675979,0.009754866,0.059005874,0.030325708,8.45E-05,,0.041432639,0.137754294,0.077088438,0.141306837,0.050332255,0.039264042,0.14592719,0.303131394,0.099595093,0.045634183,0.037389096,0.103295521
344,0.402371093,0.208648627,0.139501636,0.095755862,0.008486928,0.384969595,0.174869515,0.075969013,0.017366311,,0.054331255,0.187841102,0.018843628,0.119842591,0.032518252,0.105239114,0.034732578,0.077789045,0.02264168,0.274724074,0.028592208,0.027319498
345,0.379002747,0.171563474,0.088191383,0.037980912,0.052941097,0.002753117,0.058967553,0.00266454,0.080421229,,0.136162011,0.033027536,0.029876063,0.268679534,0.125044659,0.022180005,0.064302875,0.186404645,0.126343549,0.029176503,0.037949431,0.084316654
346,0.024782115,0.002536916,0.156340716,0.120735704,0.014789791,0.036160339,0.05730387,0.000226066,0.029801681,,0.001662412,0.506108996,0.085941728,,0.031225728,0.042208726,0.079544922,0.023281925,0.048972104,0.202220117,0.085971425,0.143738469
347,0.185964668,0.050018577,0.169455541,0.037940343,0.040044645,0.03477506,0.077932237,0.009545592,0.209236928,,0.029607399,0.039955808,0.09787461,,0.119898836,0.144981329,0.032632148,0.361653404,0.062272347,0.030539965,0.180794409,0.056902971
348,0.275453074,0.245473493,0.053591042,0.160384129,0.22369399,0.150072115,0.032998819,0.039651453,0.003888941,,0.107967961,0.004206189,0.000253822,,0.011879331,0.042991741,0.247441403,0.195819756,0.284356516,0.200899657,0.034623855,0.24744989
349,0.000596972,0.078207821,0.053817378,0.025563184,0.04663629,0.005197582,0.253979194,0.024339536,0.005477289,,0.015575825,0.002253717,0.021690002,,0.032520566,0.088211208,0.057953883,0.130421072,0.08797574,0.02838704,0.052144201,0.067744027
350,0.085735957,0.06920214,0.038627897,0.164723387,0.00742623,0.032125271,0.037517141,0.001259317,0.058041976,,0.107518088,0.075909975,0.096470814,,0.030202573,0.022985147,0.695280919,0.041878169,0.059882578,0.029011259,0.118527612,0.06314286
351,0.147291805,0.071295768,0.114004018,0.066861433,0.048176991,0.14665244,0.026324874,0.029805838,0.018216461,,0.015855901,0.274874443,0.150661377,,0.003414624,0.048507384,0.046253417,0.267789368,0.505931404,0.041740286,0.037776319,0.051494081
352,0.25082706,0.103724785,0.008794534,0.025793651,0.003631944,0.080124094,0.060178609,0.080147904,0.033972877,,0.005150179,0.212879948,0.019449735,,0.140461995,0.056052404,0.271759029,0.078466725,0.085308802,0.233937455,0.046566126,0.229510275
353,0.001579037,0.051909738,0.032372327,0.022924416,0.098981395,0.023668197,0.271620533,0.020264681,0.134830612,,0.048064124,0.035989484,0.001723585,,0.163512355,0.174197985,0.033603896,0.233078416,0.048692888,0.234624268,0.062087747,0.027981938
354,0.030168462,0.053547161,0.201385196,0.005047803,0.007467621,0.221617002,0.085614779,0.029838102,0.030728515,,0.026386287,0.029150128,0.021337257,,0.035768729,0.020548894,0.315553969,0.020755817,0.101693393,0.043560714,0.031092379,0.046320363
355,0.001513879,0.204735456,0.044473785,0.126534555,0.022718659,0.053929642,0.043986458,0.000749938,0.02214494,,0.214334846,0.031267187,0.073252281,,0.001417964,0.11017772,0.253897943,0.005100913,0.044565338,0.028602368,0.061871767,0.076918584
356,0.049370771,0.079409989,0.03597409,0.047784568,0.006468531,0.040821759,0.046635235,0.003563864,0.098495201,,0.003404588,0.180857335,0.070610678,,0.023613619,0.022537399,0.036675106,0.022548023,0.368143679,0.1058153,0.047946746,0.254758499
357,0.004404936,0.059894473,0.134062674,0.128932722,0.00671409,0.011604712,0.050122109,0.154918724,0.027364183,,0.001055081,0.675869192,0.027579844,,0.032082387,0.028387163,0.029814468,0.239698066,0.095463521,0.02054932,0.031893247,0.060708509
358,0.03782401,0.084570626,0.036863186,0.029315049,0.008566488,0.092737344,0.220820465,0.01592487,0.021533222,,0.126785673,0.05365281,0.019546913,,0.147014566,0.076699069,0.376641725,0,0.484874114,0.043646371,0.100912197,0.169022933
359,0.169363796,0.194066505,0.049425315,0.005540122,0.007783122,0.001656075,0.046430748,0.069292252,0.083452851,,0.045248402,0.102702939,0.076483376,,0.127952065,0.163995851,0.034168474,0.107739542,0.001929917,0.027805131,0.043345507,0.106439461
360,0.030001126,0.065481648,0.058496311,0.036479433,0.005977102,0.001273754,0.061362847,0.018669378,0.025491564,,0.0015506,0.066237953,0.000539456,,0.03187899,0.023862929,0.182460633,0.0934693,0.069527172,0.146234701,0.02672562,0.192725617
361,0.002058844,0.079151649,0.034653934,0.043868275,0.144460538,0.028547495,0.047360382,0.032222417,0.059611495,,0.01709281,0.036517415,0.058640486,,0.152649418,0.023914139,0.059114453,0.045995634,0.072841849,0.032572324,0.111195388,0.070655063
362,0.044192639,0.139693922,0.031885825,0.139009244,0.007354304,0.081517525,0.063417227,0.155001569,0.116330776,,0.027641791,0.02296509,0.031993436,,0.042701527,0.005633523,0.166485295,0.624110374,0.291553623,0.028430743,0.02986091,0.515305589
363,0.351657664,0.053286464,0.129265682,0.021033723,0.13264543,0.048774495,0.163369038,0.001323745,0.043933412,,0.023564067,0.159441099,0.111952195,,0.043306811,0.263184289,0.038587055,0.020576951,0.022231046,0.030254298,0.031343514,0.057458815
364,0.00716066,0.078675676,0.031961189,0.194547479,0.048786667,0.018447436,0.089852494,0.002086245,0.224028734,,0.103135245,0.118458635,0.017340656,,0.03384823,0.021319799,0.031364181,0.229140749,0.08236296,0.024683306,0.095595361,0.042903182
365,0.023355078,0.610534793,0.052847122,0.023096082,0.089101951,0.229469042,0.077818058,0.052348854,0.144919528,,0.119475828,0.030206103,0.010718686,,0.240572553,0.026636861,0.398462401,0.240817717,0.075265628,0.118088007,0.036906646,0.22349732
366,0.209054877,0.073119905,0.142030588,0.040817763,0.007865729,0.096454011,0.157272386,0.017395222,0.023847725,,0.018372915,0.030231935,0.09894086,,0.03348486,0.022892268,0.033680641,0.362619493,0.054125312,0.029326669,0.086214848,0.049317015
367,0.073479492,0.337071065,0.033753274,0.054168581,0.029603413,0.021383886,0.020050424,0.023440693,0.005845446,,0.030985588,0.165803616,0.016487398,,0.030608781,0.092686249,0.453378603,0.021967469,0.420228098,0.212513362,0.023390398,0.050161861
368,0.053548017,0.04169452,0.0408596,0.104490249,0.010793854,0.002972046,0.036023984,0.351218898,0.174249861,,0.00226688,0.256554659,0.028576866,,0.287942145,0.141500098,0.509764803,0.004406845,0.05661627,0.047262211,0.118364374,0.217766094
369,0.002959057,0.084105519,0.180604678,0.118179809,0.076402463,0.04361662,0.022147815,0.00095949,0.005709448,,0.001264184,0.026591077,0.000483408,,0.033926878,0.024915629,0.051565842,0.175103215,0.058701301,0.115721202,0.032591892,0.055273473
370,0.011453592,0.070960331,0.034452304,0.085236256,0.002800582,0.001331412,0.050419875,0.021347873,0.056584946,,0.077924134,0.027175714,4.63E-05,,0.204436671,0.020475961,0.051895996,0.231507334,0.45346377,0.028136337,0.044454615,0.053984196
371,0.023445829,0.045828141,0.032548735,0.024027893,0.010618562,0.079005215,0.352692406,0.025368822,0.150957766,,0.125653405,0.033452503,0.133622259,,0.04145552,0.110650854,0.036296461,0.180002011,0.059176848,0.039038846,0.037545095,0.071061053
372,0.033616195,0.061313722,0.18590063,0.038180537,0.001006326,0.197940103,0.054319852,0.022442021,0.025316977,,0.016902354,0.088851411,0.019291763,,0.034863747,0.024587486,0.238580253,0.162622044,0.319363877,0.191611888,0.208256766,0.217616632
373,0.089849532,0.044247326,0.148769925,0.146123443,0.008216752,0.041976356,0.057853193,0.061036636,0.037554365,,0.02168376,0.055756602,0.038241039,,0.114212244,0.024774822,0.022331904,0.060805116,0.088891105,0.02754692,0.006254373,0.099939212
374,0.022656809,0.077185234,0.094380782,0.014394374,0.024459649,0.096363909,0.233973624,0.069391793,0.052481344,,0.029110088,0.029995711,0.062793846,,0.037312026,0.201104437,0.052857452,0.036715603,0.062357867,0.09154524,0.025364211,0.062822069
375,0.134638943,0.050510188,0.312128235,0.022114102,0.047214085,0.277890091,0.040039747,0.046500914,0.03128991,,0.101285074,0.028317744,0.016968605,,0.107570944,0.041896889,0.123295957,0.085090825,0.195514994,0.030727754,0.090802146,0.236419516
376,0.05293127,0.238993384,0.054818248,0.099589012,0.001337474,0.00155573,0.004567911,0.000594839,0.097226136,,0.070850955,0.144325498,0.015638585,,0.039052738,0.116907867,0.196517185,0.272851677,0.013782948,0.117358188,0.052508241,0.06038679
377,0.059532947,0.097550943,0.062588867,0.116803753,0.017241416,0.026050059,0.001544501,0.101876686,0.025534326,,0.228598395,0.012303772,0.050234288,,0.133284203,0.027301049,0.086571135,0.021151446,0.242296295,0.027077274,0.045044851,0.037884174
378,0.192683401,0.199189399,0.07132399,0.02532292,0.044706323,0.010328558,0.01089999,0.024453271,0.018752865,,0.035717969,0.007843242,0.020563686,,0.053427436,0.026006539,0.158050344,0.029337982,0.165439058,0.124486877,0.012687633,0.192928183
379,0.088242481,0.055246544,0.043984675,0.012580029,0.035490961,0.12251554,0.047436373,0.310797449,0.050488337,,0.057678022,0.037993358,0.012830698,,0.116569905,0.051073719,0.047457964,0.265535851,0.001795074,0.118673172,0.033066003,0.259320603
380,0.025049935,0.038385166,0.149144747,0.022505856,0.009571908,0.094706969,0.158667864,0.170103617,0.050536114,,0.129851755,0.030601531,0.025856657,,0.033920135,0.045927534,0.443807228,0.230982305,0.096135426,0.051073677,0.144153998,0.40377483
381,0.03706976,0.0533315,0.031452671,0.039720649,0.00708094,0.002765238,0.118842698,0.020787939,0.104578805,,0.082051157,0.056722939,0.07585199,,0.046884121,0.186355337,0.060077566,0.392409584,0.059892847,0.027764767,0.028811907,0.056293061
382,0.059615288,0.122398251,0.058911491,0.131601214,0.060323739,0.028015477,0.04232635,0.001013087,0.062202803,,0.014393407,0.153803481,0.162905885,,0.168323134,0.02188117,0.185649288,0.022449154,0.656503098,0.262258684,0.172525582,0.046042497
383,0.048736965,0.052533605,0.137283718,0.131540327,0.059295333,0.004773872,0.044667871,0.001089567,0.107102272,,0.032653213,0.247212055,0.062178379,,0.118695819,0.020360592,0.024615828,0.262668013,0.055513722,0.023031319,0.036707885,0.220977644
384,0.027890644,0.202080907,0.03369711,0.267781233,0.040024118,0.008825016,0.19031695,0.020358557,0.0204269,,0.019158068,0.024886325,0.019457807,,0.035093126,0.168914147,0.037137115,0.021047628,0.057718401,0.030983385,0.014751845,0.03828185
385,0.07967404,0.055036951,0.040160237,0.170968874,0.048889275,0.032768524,0.065238613,0.075317528,0.018620429,,0.016603277,0.036383006,0.02443086,,0.021708149,0.033496258,0.09842101,0.176327225,0.006950016,0.13087837,0.022405578,0.077562626
386,0.105988846,0.048536069,0.242106578,0.141484928,0.00828246,0.006198392,0.235825609,0.022265484,0.17279847,,0.072798438,0.062034865,0.078098563,,0.226168288,0.090578747,0.038979838,0.096360879,0.012466418,0.024267092,0.126062443,0.009657436
387,0.189217973,0.055962898,0.176978145,0.020781553,0.044661883,0.026883766,0.040524062,0.075121528,0.263199241,,0.025600462,0.175769417,0.12042858,,0.044273757,0.023764026,0.079512678,0.284407211,0.50159634,0.136484901,0.041448826,0.048554731
388,0.00104024,0.085371612,0.033097792,0.301466928,0.036055814,0.132610379,0.0699111,0.036530373,0.033036201,,0.001009461,0.00899926,0.097487771,,0.102255774,0.014191306,0.051771132,0.003540273,0.002478543,0.089716074,0.004503503,0.221270291
389,0.110429385,0.058132813,0.069079342,0.029733451,0.031300157,0.02523574,0.205268995,0.063971583,0.017046842,,0.145925443,0.030978888,0.017094807,,0.080546173,0.000583616,0.037055063,0.199973002,0.045445122,0.03853497,0.004902104,0.094321572
390,0.029398216,0.260499176,0.174393396,0.221298991,0.007558185,0.048478903,0.261551986,0.02012754,0.070537465,,0.01895412,0.07577558,0.010462704,,0.031420356,0.022607835,0.148326361,0.026617387,0.084013509,0.03302171,0.007777562,0.051431492
391,0.167690188,0.079566887,0.286953415,0.207108052,0.091948341,0.240848277,0.174296195,0.003812628,0.000389233,,0.002649935,0.172026944,0.018408789,,0.13450064,0.128817793,0.062391344,0.142360149,0.00905759,0.10822301,0.177567018,0.26078813
392,0.040847266,0.073344437,0.035026638,0.020612455,0.015368081,0.024416916,0.036393827,0.02155513,0.055907884,,0.102761933,0.037399247,0.026865354,,0.039524443,0.022118426,0.041519718,0.065664873,0.085179724,0.098085132,0.038228095,0.050975434
393,0.113410852,0.362610662,0.174972822,0.049780605,0.021348601,0.329388586,0.066500016,0.007290123,0.005568197,,0.065178424,0.043198733,0.040725257,,0.100415191,0.02124976,0.146862483,0.122796469,0.211295536,0.028522893,0.026418277,0.319976156
394,0.021892379,0.076603111,0.0343618,0.094171602,0.098840248,0.019613526,0.145635066,0.003692353,0.184395777,,0.179764922,0.215033622,0.07798658,,0.134821063,0.204914287,0.061393079,0.108972834,0.07694974,0.146372738,0.166514343,0.0446121
395,0.009966586,0.237636434,0.042970109,0.007804946,0.20145955,0.026276967,0.102493737,0.00642762,0.107840856,,0.022031843,0.027513712,0.056270657,,0.035922474,0.024411302,0.086060793,0.24695074,0.085895982,0.009984581,0.02553018,0.048401103
396,0.025622961,0.053301663,0.129711238,0.156000813,0.048252225,0.54927893,0.271736393,0.018446074,0.074809564,,0.180135947,0.240997808,0.088248115,,0.077763128,0.028276952,0.075003806,0.020662636,0.180159595,0.004518531,0.057290695,0.070272657
397,0.111509146,0.041664364,0.055792796,0.022162878,0.003595572,0.182638807,0.039825313,0.001832324,0.10410692,,0.016560462,0.236299246,0.123629079,,0.138975446,0.142881998,0.032654328,0.26128569,0.050190004,0.0261755,0.153482783,0.041922642
398,0.035260653,0.050188708,0.057607347,0.070691982,0.007508833,0.00217674,0.063512037,0.00110496,0.04718316,,0.028649725,0.02479365,0.007912227,,0.029436405,0.09944179,0.301316794,0.020609967,0.07063261,0.147212402,0.038258326,0.806285228
399,0.163911324,0.284855431,0.185722059,0.090897986,0.030744031,0.119825852,0.16999352,0.00051172,0.151586035,,0.020999319,0.087542374,0.191801602,,0.155996653,0.021789122,0.218040694,0.275444871,0.089315586,0.024402195,0.155041293,0.012289013
400,0.364078386,0.048120075,0.143909152,0.065171713,0.000540719,0.027985707,0.038133385,0.000987478,0.03917253,,0.130911133,0.265727573,0.021129751,,0.035999105,0.025990052,0.039037758,0.021580373,0.292256633,0.038566431,0.03419271,0.131851066
401,0.019588534,0.040058229,0.035065266,0.038402819,0.015808847,0.136145957,0.213186022,0.000342178,0.021238328,,0.122027618,0.261307751,0.008250126,,0.040444021,0.020900704,0.035755038,0.026685282,0.053403297,0.119735127,0.030433379,0.128965106
402,0.048556018,0.05849432,0.034520293,0.03522494,0.027997971,0.138928284,0.49752103,0.001191979,0.162076747,,0.029950751,0.010512492,0.036946995,,0.190759572,0.009697678,0.132076127,0.02277015,0.047863704,0.11347676,0.029269919,0.012854925
403,0.110743866,0.079964586,0.154809378,0.10909816,0.102084086,0.01392479,0.306805487,0.000326418,0.033319766,,0.065427789,0.003171075,0.022894308,,0.031930816,0.032332882,0.035832793,0.021905822,0.147950776,0.194154538,0.087023828,0.039005076
404,0.01071482,0.085375485,0.069524553,0.461962196,0.008941053,0.021874262,0.04634151,0.001279907,0.042930117,,0.077577732,0.025188699,0.02674478,,0.040004286,0.02211542,0.46660411,0.110478796,0.237651872,0.055496033,0.035483442,0.199673111
405,0.204618591,0.204137961,0.141786565,0.041072546,0.016748618,0.02133379,0.063806196,0.004942658,0.005085928,,0.021227976,0.057691492,0.030216991,,0.180107864,0.040503185,0.238129118,0.144911192,0.050031829,0.051411603,0.040485077,0.073759489
406,0.033752857,0.084824749,0.033534523,0.192367125,0.011413537,0.024092896,0.002288411,0.002593876,0.080049867,,0.025751348,0.03882241,0.129218188,,0.050459635,0.124056869,0.232470198,0.021076621,0.054082497,0.042124508,0.157629655,0.204282113
407,0.00271483,0.134070485,0.057782225,0.03489804,0.044223891,0.017103848,0.070597906,0.005271877,0.025122998,,0.001341987,0.060579853,0.073794775,,0.035778421,0.021037557,0.050728391,0.065274326,0.029802739,0.066270167,0.056132237,0.053767503
408,0.239271455,0.103818705,0.044890596,0.08692712,0.059483586,0.12697734,0.040557039,0.008489908,0.01459555,,0.001228268,0.043112214,0.029711768,,0.134458185,0.020886357,0.183906615,0.144060214,0.061960614,0.053487428,0.137544301,0.046639397
409,0.028012422,0.084393506,0.037891974,0.021566939,0.042390164,0.001052509,0.059857022,0.0044304,0.018793561,,0.095924574,0.205703428,0.002252698,,0.117467789,0.140302156,0.041278956,0.202469768,0.321978536,0.076719784,0.028767115,0.046952203
410,0.244804565,0.382431355,0.191424872,0.138893248,0.008576932,0.020405093,0.589037705,0.000842021,0.214256624,,0.054077985,0.036917574,0.108396717,,0.446312112,0.025432056,0.033409915,0.004616335,0.293893302,0.055951094,0.031313052,0.180519599
411,0.03128045,0.214400826,0.034583718,0.038453849,0.014370071,0.048022741,0.076188598,0.001878853,0.061696425,,0.131717808,0.090468042,0.063578144,,0.029898821,0.059043735,0.180013775,0.001023928,0.049414171,0.883185624,0.127628048,0.044466092
412,0.071146581,0.305693289,0.200794301,0.083154872,0.084184426,0.12035591,0.150271382,0.004636188,0.121834886,,0.015757728,0.05806946,0.08365205,,0.021283866,0.044159833,0.073277062,0.092200983,0.004954094,0.024041567,0.028939688,0.008627808
413,0.00943296,0.049300685,0.052209571,0.022058617,0.001809323,0.023119014,0.045359834,0.0008018,0.034879106,,0.023505363,0.027436896,0.109067537,,0.05875545,0.017480596,0.235070986,0.413422911,0.051579069,0.002693942,0.1095964,0.202004725
414,0.363363332,0.069716641,0.233342349,0.050332983,0.046746433,0.000648796,0.03647032,0.024204209,0.067559839,,0.146827905,0.079656703,0.0240998,,0.199842594,0.024836498,0.049424678,0.058074855,0.208058937,0.058413256,0.169500792,0.046078404
415,0.089304878,0.085274247,0.172095904,0.118178625,0.044170182,0.019260465,0.036768206,0.013256626,0.063522708,,0.117105961,0.122507681,0.007227345,,0.211093288,0.089070195,0.292483922,0.019842871,0.231049214,0.17128385,0.05410593,0.048090034
416,0.066096794,0.179516554,0.039132789,0.140429763,0.009672889,0.168825765,0.039825634,0.000480058,0.262719071,,0.021690138,0.00263635,0.035079657,,0.030231715,0.039362973,0.074403646,0.295804893,0.050484097,0.027766874,0.274601306,0.088106129
417,0.033445233,0.07289147,0.036342583,0.003380114,0.000248143,0.002285488,0.115521458,0.00027726,0.005506174,,0.021876094,0.008536347,0.019569841,,0.178549442,0.020224913,0.145581929,0.02449244,0.060134271,0.003837483,0.023385531,0.201649053
418,0.097871623,0.283955645,0.363034751,0.128150984,0,0.06901984,0.221077577,0.001167708,0.033513718,,0.057262992,0.044323571,0.023509774,,0.038395119,0.023225212,0.040485071,0.088657878,0.299325129,0.00710477,0.021942093,0.058870122
419,0.024512731,0.414629973,0.030714203,0.11833577,0.01298282,0.019910637,0.082967759,0.003348769,0.02136688,,0.015388334,0.025515227,0.079509584,,0.168918214,0.022327206,0.036086824,0.075444632,0.044030231,0.122349643,0.033479357,0.04610613
420,0.036373767,0.203014487,0.03052086,0.098976527,0.039488991,0.234632927,0.174103363,0.001298606,0.109494811,,0.110433543,0.188299581,0.031446033,,0.033515552,0.091114204,0.034118747,0.101615545,0.358219494,0.024152875,0.119290454,0.107173285
421,0.142578061,0.054710268,0.223271276,0.137379345,0.035112176,0.022426003,0.041942211,0.000492347,0.022735802,,0.003016683,0.444568699,0.000404517,,0.078147698,0.03145173,0.179757022,0.197117749,0.05751268,0.00410479,0.025189711,0.233008973
422,0.078353925,0.086566117,0.02946933,0.018939805,0.008335097,0.001356683,0.020109105,0.004657736,0.119183625,,0.014747916,0.024698007,0.077977647,,0.051073111,0.021652176,0.034898821,0.404072778,0.076932579,0.021247812,0.021518166,0.077230989
423,0.023556533,0.081579546,0.157728731,0.110001927,0.067285223,0.000653871,0.006464678,0.077156887,0.038394424,,0.194696857,0.014515102,0.018872266,,0.056290176,0.003878655,0.045045699,0.083019454,0.089920287,0.127460879,0.137751543,0.05342376
424,0.026228802,0.537640866,0.050194666,0.048968701,0.062636678,0.01880226,0.049092015,0.001422564,0.021361236,,0.056760736,0.069615097,0.027939949,,0.029579609,0.023890001,0.036176726,0.285992937,0.044622962,0.067104114,0.021933159,0.041915358
425,0.125920374,0.078578035,0.053082336,0.367100965,0.011419683,0.028050296,0.189677665,0.001249626,0.075726535,,0.101415856,0.043255281,0.090347095,,0.233026842,0.032842504,0.034880906,0.038646206,0.012917921,0.022701907,0.102057712,0.176669181
426,0.583174277,0.062662058,0.066616299,0.022054104,0.030276774,0.271737073,0.184722167,0.000668246,0.223270089,,0.075237318,0.004401076,0.033688428,,0.131012951,0.120537937,0.18618248,0.034047116,0.065819806,0.418845647,0.026563428,0.163970286
427,0.110203998,0.197197026,0.032000506,0.289513368,0.05507655,0.141341605,0.03664497,0.000552332,0.02384372,,0.014584219,6.20E-06,0.088107354,,0.199295079,0.020134623,0.24019033,0.177400369,0.088306053,0.098001544,0.034885733,0.004367982
428,0.179447739,0.047462752,0.061333342,0.090119291,0.006680469,0.024748285,0.057612529,5.56E-05,1.15E-01,,0.0183239,0.006128575,0.054800841,,0.040537842,0.022303331,0.033545203,0.158606441,0.514324433,0.031452793,0.20301832,0.004543218
429,0.123588352,0.035152908,0.06223007,0.023679142,0.061057788,0.026550694,0.28524106,0.025353123,0.192110903,,0.18352628,0.02290314,0.004544334,,0.113018043,0.099561674,0.436849172,0.026636121,0.047901923,0.016071809,0.021885498,0.040874289
430,0.203620518,0.071567743,0.139125629,0.042131147,0.013850321,0.066609331,0.148709399,0.00268926,0.019145824,,0.10776073,0.086777499,0.00346138,,0.139534707,0.021885659,0.001618768,0.003862483,0.062705386,0.086595656,0.040197797,0.234763349
431,0.132817442,0.068980968,0.166154707,0.216173107,0.043595917,0.026127382,0.038457095,0.000360036,0.083533972,,0.002470562,0.023876055,0.024559013,,0.030168347,0.03157238,0.168878736,0.120096113,0.114567104,0.095049215,0.180984368,0.002668624
432,0.133242465,0.088829974,0.035102336,0.040693478,0.10408888,0.218504315,0.035289266,0.00639083,0.165134665,,0.01414292,0.026345318,0.223891773,,0.196934035,0.044392983,0.03582545,0.052187674,0.030263586,0.024344264,0.143566613,0.058198518
433,0.237663253,0.077705033,0.062851571,0.002525896,0.021916009,0.033858403,0.286214295,0.019664119,0.022341777,,0.082127272,0.119401792,0.067053294,,0.044785243,0.019607082,0.042705409,0.077738623,0.054741855,0.043443662,0.266702596,0.006692043
434,0.02364804,0.05401636,0.03925479,0.021291692,0.007288102,0.469535274,0.292986339,0.077752496,0.018037691,,0.018524026,0.019764786,0.009757026,,0.026992166,0.020075187,0.147942883,0.096128386,0.187709102,0.100299068,0.002739186,0
435,0.02647368,0.216606824,0.034716442,0.022525953,0.00812642,0.021572186,0.053189791,0.001857846,0.019232439,,0.005788528,0.156397619,0.124434525,,0.106475662,0.120622047,0.117851024,0.048305353,0.046782124,0.035466943,0.017898794,0.204897423
436,0.00173258,0.080885404,0.145510037,0.063547781,0.080449565,0.086013975,0.07156975,0.002979745,0.092800297,,0.051455095,0.389315715,0.079386623,,0.029932982,0.112743711,0.147924989,0.152215829,0.013500945,0.037665566,0.082158392,0.039915973
437,0.165807125,0.078053172,0.040764617,0.086114321,0.007904023,0.148551406,0.262857973,0.020346852,0.131362871,,0.022952608,0.178423423,0.031105917,,0.048967498,0.036674966,0.03574283,0.024452076,0.066089668,0.105114835,0.071315311,0.051728601
438,0.001014547,0.190409429,0.154981475,0.023099931,0.081918954,0.054429968,0.048023669,0.031531613,0.082180235,,0.022010186,0.025544609,0.000648709,,0.086168338,0.107002195,0.04756262,0.381641477,0.083402138,0.024945834,0.228471023,0.063786206
439,0.023107002,0.048135839,0.033504491,0.145838797,0.040425042,0.105553707,0.061767588,0.001664998,0.0237349,,0.116232076,0.053269278,0.073176275,,0.02969524,0.030472391,0.642700079,0.000613369,0.138819765,0.059302917,0.024558431,0.193039174
440,0.143985858,0.313567991,0.052336193,0.003890119,0.010087008,0.116202386,0.056434415,0.003972906,0.006311748,,0.08495239,0.433784685,0.166765362,,0.174746391,0.022408727,0.284506174,0.071192106,0.142049633,0.132458328,0.038993615,0.061151614
441,0.053877846,0.049167719,0.043151889,0.00477118,0.007407976,0.023193103,0.115698172,0.019584663,0.25403103,,0.122822399,0.019491416,0.024889222,,0.036775226,0.023140579,0.105160562,0.021563319,0.010893098,0.027947883,0.121229391,0.050045481
442,0.027628725,0.122806959,0.023762381,0.083780405,0.052272752,0.048649902,0.273074919,0.020807904,0.018321565,,0.016309985,0.1791778,0.114084682,,0.050633468,0.034023722,0.049761486,0.155641483,0.134565959,0.022370663,0.025530283,0.351972542
443,0.096428953,0.050590507,0.037412031,0.019846361,0.101310104,0.114506256,0.363806298,0.003082785,0.084256174,,0.110462376,0.002542672,0.14791544,,0.20739724,0.050039786,0.046385586,0.23060296,0.24945737,0.140415318,0.03753209,0.040799288
444,0.100890574,0.063026882,0.135097293,0.301766113,0.018981447,0.090270898,0.075430369,0.110914846,0.004572065,,0.017189092,0.025832324,0.080136657,,0.031977264,0.09357704,0.043723929,0.02444144,0.064810184,0.025840331,0.006455508,0.006502948
445,0.058964938,0.055282866,0.039163267,0.112844033,0.008566718,0.020196572,0.033558688,0.025957291,0.030889629,,0.078808514,0.020943142,0.017734753,,0.040023691,0.022681452,0.151239108,0.070969171,0.060777412,0.185055783,0.043886055,0.009782847
446,0.031075525,0.078921223,0.041195542,0.110157654,0.006233827,0.001056631,0.09045234,0.011020007,0.017837733,,0.03476344,0.0367766,0.02916418,,0.333626765,0.021344966,0.084594578,0.247544092,0.010698303,0.026912353,0.142131363,0.244819018
447,0.051995802,0.10656743,0.19222645,0.019060164,0.042681326,0.000107437,0.160997617,0.020726535,0.159279703,,0.17547858,0.121799684,0.076101607,,0.074291553,0.138584147,0.040082447,0.124657613,0.057560146,0.003366297,0.185013198,0.081037814
448,0.027376538,0.055372903,0.094047929,0.01334295,0.081837682,0.000655719,0.221574943,0.080992814,0.084317257,,0.018022844,0.18049695,0.03103851,,0.113904062,0.102595185,0.155017125,0.02316736,0.466842445,0.012091307,0.207179912,0.065575814
449,0.152434418,0.201010835,0.358093759,0.022673448,0.020241463,0.011917289,0.045010098,0.00142699,0.00429605,,0.061069773,0.031712324,0.119591711,,0.175006735,0.094896168,0.060331325,0.029626762,0.001769277,0.039047446,0.049658931,0.463006979
450,0.002448274,0.085166515,0.03363863,0.092157634,0.038059588,0.104355299,0.100104589,0.00125924,0.149373184,,0.015521862,0.141664535,0.10379647,,0.027351354,0.033343597,0.033218353,0.065250867,0.184072181,0.324598038,0.042501703,0.15178692
451,0.065291987,0.062560061,0.033994227,0.082087794,0.033546155,0.131877018,0.046954165,0.000411347,0.000785984,,0.052577059,0.056033105,0.042914953,,0.032395225,0.002222802,0.177157437,0.136280527,0.031198091,0.056771482,0.16945624,0.062308243
452,0.019867819,0.189590124,0.034495153,0.019534233,0.008557345,0.090009873,0.065558035,0.000109912,0.192699596,,0.122023665,0.037235646,0.026003364,,0.267971572,0.027271494,0.041613773,0.080520808,0.201416965,0.026824655,0.030814525,0.17720555
453,0.025399829,0.050197669,0.136873295,0.032574813,0.007780247,0.02301035,0.207495626,0.000350844,0.021705745,,0.153191656,0.035913483,0.090612342,,0.201821194,0.000428214,0.044836677,0.091766377,0.046011354,0.20162176,0.130427176,0.256117618
454,0.119342749,0.037112707,0.035354463,0.127951653,0.132700675,0.086680989,0.1702089,0.018219625,0.016884853,,0.018100962,0.02904571,0.01835137,,0.028162273,0.026845668,0.219948366,0.081670462,0.092699779,0.101228039,0.027348553,0.099970549
455,0.196110224,0.049757927,0.041604374,0.080536198,0.02673977,0.043409999,0.0471146,0.003263317,0.076467867,,0.309163061,0.169002107,0.089054832,,0.229576138,0.020984008,0.033845486,0.022293764,0.059862608,0.095834083,0.025243385,0.146685433
456,0.143914068,0.060289463,0.039248454,0.593833096,0.141763376,0.130400129,0.019486493,0.000788522,0.031593169,,0.193757981,0.13669931,0.07496535,,0.031683627,0.121631557,0.039866611,0.055561423,0.054943826,0.178790139,0.32551376,0.093985034
457,0.02413309,0.045842964,0.200202366,0.022690929,0.008637183,0.002056474,0.05328703,0.000984952,0.076667561,,0.003325395,0.026779315,0.139243912,,0.073840672,0.102318217,0.182400628,0.219908708,0.249171935,0.031429125,0.17101552,0.183548571
458,0.125799652,0.079423551,0.150839967,0.009528824,0.044741369,0.029651625,0.187377444,0.000893196,0.08147244,,0.104706398,0.010230089,0.107674306,,0.080563573,0.021584737,0.256075105,0.025452215,0.202449513,0.036427708,0.037374058,0.045312902
459,0.023611496,0.20222404,0.048591208,0.220355214,0.044533725,0.007514949,0.037947897,0.000625987,0.039669824,,0.006269262,0.051360893,0.113594499,,0.164404436,0.028012238,0.036677347,0.130822165,0.083103679,0.133403176,0.030032844,0.162010543
460,0.035536283,0.046637023,0.037415236,0.14171017,0.089238737,0.035247516,0.063322546,0.002165374,0.002641191,,0.015240446,0.110340412,0.106890093,,0.035873452,0.034211871,0.13592004,0.471745271,0.321891079,0.024230214,0.323786516,0.035348284
461,0.156293705,0.086298698,0.037506056,0.029032395,0.027222914,0.143220475,0.14816906,0.000807052,0.06111179,,0.000737734,0.048029538,0.094741763,,0.029841325,0.00170927,0.38676284,0.112542007,0.044968683,0.071321371,0.089010591,0.085006113
462,0.112912814,0.200013469,0.147768257,0.0284046,0.017273245,0.027450727,0.036005387,0,0.033826517,,0.016104415,0.001980365,0.181584098,,0.181603488,0.000116027,0.228698994,0.023308074,0.41015872,0.029162247,0.058315919,0.006860347
463,0.004043193,0.050061734,0.135979335,0.090099105,0.007475739,0.237461004,0.067410373,0.00016638,0.033117763,,0.000842678,0.033663528,0.142363604,,0.173150048,0.020190543,0.035436273,0.36433867,0.204027704,0.118581742,0.028778337,0.399233251
464,0.028213423,0.063707129,0.039368531,0.196062746,0.117754744,0.041487743,0.164008246,9.04E-05,3.13E-02,,0.072770437,0.156384438,0.201999354,,0.027079758,0.459956486,0.195644556,0.200215539,0.107661435,0.034559568,0.09387975,0.063089005
465,0.20381636,0.055318908,0.047382796,0.022851037,0.04737104,0.019232669,0.040436559,0.000157707,0.020639767,,0.062142397,0.038128507,0.01646805,,0.054975957,0.003445197,0.03298877,0.113778433,0.163603505,0.128387572,0.026772785,0.010886563
466,0.12823274,0.141667834,0.056581792,0.026677743,0.014393974,0.076535993,0.55231706,0.00069117,0.037138113,,0.001215958,0.027299834,0.09319175,,0.191190582,0.080557537,0.076580832,0.023577355,0.034731798,0.022185304,0.022870475,0.061845316
467,0.077893967,0.059062583,0.036816813,0.023974615,0.075745859,0.20210378,0.037196356,0.00026447,0.438908947,,0.014469047,0.00711714,0.023864092,,0.026770404,0.021557033,0.224699222,0.063050007,0.071263137,0.247024678,0.124860461,0.254481475
468,0.24358368,0.074274767,0.151088662,0.041575741,0.040250944,0.000399834,0.070890099,0.000619033,0.000280425,,0.014054164,0.021828212,0.19688826,,0.060645934,0.159216376,0.037618633,0.021760813,0.106647682,0.068045974,0.043083362,0.042411049
469,0.097962079,0.078533488,0.146008953,0.021086473,0.019649129,0.000296838,0.073015217,0.000516963,0.092896729,,0.127821934,0.013772041,0.151908437,,0.084502675,0.151287484,0.072563384,0.13831588,0.07228097,0.192678724,0.065477408,0.150992924
470,0.136829872,0.1547967,0.034776595,0.017692825,0.006526888,0.209574285,0.137960692,0.002728496,0.079238773,,0.212780706,0.238383465,0.08898149,,0.228431698,0.035190342,0.035305866,0.140351764,0.072007932,0.155775611,0.109236306,0.155163143
471,0.07548918,0.055833225,0.008074375,0.113634225,0.154771425,0.120596025,0.0452631,0.000393393,0.020771948,,0.345960009,0.044901252,0.128967623,,0.075752247,0.022425906,0.15198336,0.006641982,0.012339316,0.030951452,0.164328809,0.051236596
472,0.030285057,0.054944606,0.049493455,0.115653036,0.055822665,0.048001084,0.039125378,0.000458045,0.012165644,,0.016338716,0.132578694,0.081622507,,0.039252466,0.102279294,0.035408277,0.065984082,0.050432388,0.123569027,0.030342646,0.301003133
473,0.167291314,0.052033952,0.056014267,0.018454164,0.002353154,0.126264101,0.320957551,0.006706639,0.030646974,,0.001163864,0.067307499,0.017084647,,0.18075083,0.021473736,0.217024832,0.167572308,0.024279229,0.034535186,0.024903448,0.080324007
474,0.035966555,0.083233659,0.030922229,0.093893971,0.000867461,0.041607137,0.038411201,0.003260572,0.396887068,,0.168477523,0.079263107,0.029740053,,0.032767291,0.022161573,0.139051169,0.03076863,0.061841051,0.006229459,0.121255502,0.044488888
475,0.038581134,0.066185457,0.353753482,0.094101949,0.100968283,0.037594827,0.104043575,0.000928254,0.172036513,,0.089976425,0.007230645,0.180783526,,0.036856249,0.097649312,0.037206663,0.260735497,0.047290202,0.076344479,0.022786935,0.540057855
476,0.039667374,0.377711299,0.046076043,0.01511009,0.004229017,0.228686247,0.153215403,0.005226925,0.060566622,,0.074072348,0.002642219,0.093715825,,0.032830794,0.174796674,0.04327189,0.031702689,0.216898683,0.317431052,0.025220405,0.045762571
477,0.046046756,0.048930054,0.020538128,0.020692139,0.00917461,0.020757453,0.03968964,0.005306194,0.020630468,,0.156910788,0.139470739,0.021422471,,0.135611104,0.021272665,0.527988313,0.044371388,0.199070967,0.031709191,0.026392707,0.101216396
478,0.22220475,0.081086405,0.046001273,0.0092525,0.001039657,0.105441944,0.150052411,0.025063684,0.057274001,,0.021668333,0.228665961,0.074309748,,0.069744775,0.024870137,0.037190405,,0.328657482,0.233582439,0.091362899,0.089526229
479,0.00137337,0.195346449,0.15925801,0.121635955,0.01873093,0.171435671,0.053965095,0.088098581,0.030483254,,0.002863154,0.139135078,0.031196537,,0.222506753,0.085129464,0.062863658,,0.655285508,0.030047331,0.043844006,0.076217009
480,0.026618784,0.05199213,0.055791644,0.032634936,0.007415153,0.000936974,0.046765024,0.019687077,0.018397582,,0.046686907,0.081326816,0.021246002,,0.032167638,0.049959087,0.218893319,,0.199052433,0.141719777,0.13720862,0.04538229
481,0.055844903,0.030412164,0.117463011,0.144711251,0.016063604,0.037369312,0.038797333,0.073460079,0.098555624,,0.014604591,0.056417613,0.129636234,,0.037244263,0.064454045,0.243859091,,0.047693094,0.025344133,0.054676682,0.172077406
482,0.01148013,0.05490085,0.047497489,0.066125598,0.030879156,0.011451963,0.148357567,0.031184492,0.033339871,,0.05570204,0.093881561,0.238925839,,0.163897657,0.024099055,0.036075839,,0.046644825,0.024076155,0.031238616,0.052486536
483,0.023830313,0.210580914,0.062018324,0.09421375,0.003728261,0.067877094,0.062338728,0.002871404,0.181448658,,0.098271588,0.107104622,0.112563133,,0.124578055,0.020144456,0.180100189,,0.060539851,0.023594678,0.103989478,0.046511258
484,0.049190702,0.069065045,0.060862217,0.024715502,0.018782025,0.060264199,0.098760608,0.000348089,0.0226112,,0.020881418,0.120677522,0.126552019,,0.051149394,0.13962808,0.109415436,,0.066241596,0.154018267,0.026641024,0.334612758
485,0.037842777,0.051306536,0.065158197,0.050215413,0.018238805,0.029609593,0.188050674,0.001592138,0.001757415,,0.001041122,0.031746974,0.313745127,,0.033188112,0.021652836,0.038652919,,0.421163354,0.023472283,0.132619815,0.004741763
486,0.189963374,0.205959802,0.03902364,0.047074064,0.003083082,0.022192377,0.049176004,0.003848695,0.075619122,,0.00112783,0.041205223,0.079993088,,0.138508282,0.163350522,0.022258425,,0.098626278,0.120614802,0.032538464,0.083537016
487,0.051127263,0.056036299,0.061711494,0.025899491,0.031958356,0.081171686,0.074498229,0.000128292,0.024341683,,0.156515367,0.030269535,0.102392561,,0.052761237,0.123515675,0.031060953,,0.185401305,0.036140558,0.244738778,0.067787011
488,0.002117895,0.04195842,0.055041328,0.050745035,0.011669009,0.061031132,0.49677995,0.00696759,0.01793689,,0.059425635,0.012614767,0.001868671,,0.041160454,0.021116999,0.088136158,,0.221080016,0.094448171,0.044933087,0.242632953
489,0.002130395,0.048405129,0.178123542,0.038362807,0.03623686,0.143184962,0.041397381,0.001020812,0.100742446,,0.017091161,0.047273583,0.019508464,,0.007913593,0.020825243,0.098571533,,0.046559121,0.076197191,0.135967225,0.045708559
490,0.114266135,0.211563265,0.042116624,0.183693819,0.016454509,0.116913458,0.035102653,0.000988356,0.206604222,,0.001231464,0.005683757,0.1970879,,0.191680003,0.162925146,0.134182244,,0.04541489,0.025442166,0.005815405,0.045814722
491,0.039519669,0.069839964,0.034966847,0.058388812,0.010069776,0.096525063,0.051239485,0.000467151,0.021263728,,0.017322664,0.029447744,0.11755882,,0.043045326,0.093341246,0.107069136,,0.291438185,0.106545984,0.018959195,0.078945936
492,0.02382062,0.052222002,0.129532312,0.019064715,0.001471383,0.079618103,0.203104771,0.000616886,0.017861233,,0.047178454,0.009644979,0.061246955,,0.118735582,0.019053273,0.037022835,,0.196091158,0.022170249,0.030728075,0.041748501
493,0.021258294,0.203793642,0.036500057,0.09942215,0.005096997,0.018972663,0.245551044,0.00029493,0.076010914,,0.106526418,0.022953193,0.103572973,,0.032179906,0.050856977,0.035045032,,0.051476789,0.050911919,0.08518855,0.188100515
494,0.232061359,0.056468196,0.052282407,0.024513204,0.007520046,0.379076088,0.041472081,0.000607574,0.126837334,,0.081567901,0.259720405,0.214134181,,0.290337746,0.086249566,0.216160056,,0.351921027,0.11383134,0.02504903,0.049589224
495,0.03885107,0.046846,0.175957494,0.016474328,0.08652031,0.026227628,0.050869436,0.000502334,0.237130186,,0.018168198,0.051074946,0.048982722,,0.030923916,0.106357013,0.022185868,,0.264153981,0.025972502,0.007899673,0.170748271
496,0.026913231,0.321873099,0.036896734,0.020358922,0.015059133,0.289071405,0.243810324,0.000839821,0.032123345,,0.200138034,0.002676799,0.001071405,,0.622967169,0.023259466,0.205674261,,0.250855693,0.122550893,0.038995016,0.037375143
497,0.096177262,0.052478528,0.030172739,0.06395472,0.01411144,0.155770326,0.042397013,0.000360599,0.321802686,,0.223976433,0.15308684,0.130736016,,0.050677256,0.087054346,0.040538384,,0.095536803,0.051109136,0.032621082,0.082864795
498,0.023599893,0.030733614,0.03787726,0.318584629,0.000772644,0.017794274,0.053996022,0.001135885,0.122518732,,0.001711257,0.051714542,0.019471696,,0.153576366,0.086363128,0.246697807,,0.02555071,0.183287895,0.047189042,0.056196663
499,0.035684536,0.052576929,0.150188874,0.111798912,0.006623745,0.026430562,0.221074755,0.010865588,0.156592248,,0.017210011,0.022830912,0.085277922,,0.12826521,0.020080657,0.055106281,,0.056317868,0.097786654,0.171247672,0.061514502
500,0.052718969,0.21442419,0.032888541,0.021061648,0.033597649,0.192664189,0.303316277,0.000392112,0.04334959,,0.063127177,0.039150134,0.042068966,,0.032262616,0.152881592,0.065789275,,0.193701284,0.14505231,0.034383831,0.154965001
501,0.133693681,0.056306497,0.336453961,0.624855691,0.105592295,0.035379764,0.084529157,0.001204011,0.243559324,,0.029500686,0.181588176,0.240010609,,0.041743493,0.107234878,0.174826623,,0.653188758,0.020600496,0.026612764,0.049823497
502,0.70982071,0.046896465,0.034603299,0.022957515,0.036041563,0.020240967,0.040262554,0.010870159,0.037080781,,0.057810607,0.021576539,0.074515358,,0.14496242,0.024346145,0.044130862,,0.205667006,0.031491299,0.088630641,0.042231998
503,0.02707313,0.05115375,0.030233601,0.027655218,0.007819194,0.032593515,0.147548823,0.000407403,0.086346311,,0.015575908,0.040669261,0.026152496,,0.026778144,0.290081411,0.226771161,,0.057266771,0.182871914,0.00178635,0.002259968
504,0.018293821,0.046082052,0.130255545,0.018023739,0.046659343,0.102199581,0.050704767,0.004680896,0.126762988,,0.00383936,0.024887459,0.114104247,,0.071383538,0.024900102,0.036335341,,0.078820159,0.038494562,0.055174988,0.041233954
505,0.02662803,0.071454969,0.069559537,0.088912136,0.048780859,0.081856981,0.173577422,0.001812186,0.124964043,,0.024041771,0.083809368,0.146709791,,0.071824878,0.020189663,0.041656088,,0.314573166,0.117067703,0.07780243,0.061251335
506,0.083029745,0.364448447,0.210885117,0.001021397,0.007270594,0.458186129,0.189683943,0.001471214,0.027710677,,0.025933929,0.224942371,0.070696384,,0.0483772,0.021335484,0.1532866,,0.052721328,0.03401311,0.029942316,0.044585862
507,0.023529693,0.330072363,0.139250309,0.065524198,0.001012812,0.019403613,0.107204594,0.001861918,0.018325798,,0.152350478,0.128151269,0.116257572,,0.070983284,0.020133801,0.03494956,,0.04403303,0.009359498,0.02939953,0.11875975
508,0.02634285,0.297442286,0.033206215,0.041796323,0.063262938,0.035232818,0.171927101,0.000539033,0.036607866,,0.059577268,0.005028729,0.114672909,,0.21171241,0.021861255,0.13753565,,0.063339001,0.003149271,0.039921925,0.14484533
509,0.249612224,0.048872496,0.026351555,0.019746251,0.007045624,0.096744273,0.038551001,0.000264516,0.02205498,,0.028174514,0.021032024,0.060740011,,0.029477306,0.020011499,0.062469367,,0.128253942,0.034904266,0.164068678,0.076044311
510,0.024326314,0.045043371,0.219974983,0.143107643,0.012390325,0.024503621,0.00543257,0.001550831,0.060115631,,0.126552762,0.175748055,0.019800218,,0.127199432,0.150807731,0.073952914,,0.14574037,0.064148335,0.034808716,0.218813996
511,0.037313882,0.051699165,0.038641532,0.071838653,0.009031213,0.156650201,0.045318612,0.005930781,0.020978351,,0.059059869,0.306839403,0.004465109,,0.167475374,0.094225241,0.159670359,,0.035101138,0.045319439,0.155063857,0.461937001
512,0.189708232,0.103165237,0.012122752,0.223760691,0.007091266,0.427342008,0.044046903,0.001265659,0.083120412,,0.172361501,0.026974866,0.114025663,,0.128698186,0.084955806,0.195400358,,0.078832918,0.101495061,0.026114006,0.063206653
513,0.120469058,0.062633974,0.034309719,0.095119235,0.043455126,0.16185333,0.225067906,0.010115492,0.0359728,,0.047786636,0.029465724,0.01779199,,0.031187618,0.023420358,0.067751541,,0.025603555,0.030693902,0.035896433,0.103783696
514,0.025724681,0.084070447,0.204297593,0.090574,0.083373226,0.051071506,0.169668893,0.000616665,0.019385786,,0.08338553,0.023247638,0.026669036,,0.034141915,0.022220778,0.145381972,,0.028554471,0.05976738,0.066533829,0.038235406
515,0.060889583,0.157451533,0.058116674,0.043392812,0.142938448,0.146689982,0.048452101,0.000750396,0.032830965,,0.098630754,0.224561265,0.07269791,,0.288112461,0.11946106,0.007049207,,0.050086919,0.041334463,0.030662409,0.2037299
516,0.022935482,0.096412755,0.045291174,0.141691305,0.010294707,0.019582703,0.053468653,0.002831641,0.019527073,,0.016384999,0.049913984,0.016575061,,0.118190225,0.022967142,0.037294871,,0.44744948,0.02154219,0.098117367,0.001628441
517,0.044281138,0.052231194,0.150827858,0.003639793,0.007339642,0.038152218,0.064644489,0.00169846,0.01901296,,0.124769166,0.168326821,0.160176749,,0.028979915,0.036678543,0.0735069,,0.05557535,0.038934895,0.029089229,0.056990496
518,0.206959239,0.047169922,0.052837527,0.226837111,0.006582189,0.058299766,0.008248126,0.003313404,0.065529974,,0.415453405,0.114470745,0.131917045,,0.208870373,0.100811156,0.099172191,,0.072522581,0.120244932,0.348225511,0.053743532
519,0.015288978,0.065909004,0.140877508,0.029523012,0.020628121,0.033086271,0.041914377,0.003042546,0.019542962,,0.016528474,0.168744566,0.02566643,,0.135374342,0.078473728,0.033450654,,0.082514082,0.042535104,0.041597824,0.125894275
520,0.172984589,0.211633095,0.036483998,0.070638977,0.005807582,0.02496947,0.039878946,0.016037774,0.031659327,,0.000942971,0.053338969,0.018009187,,0.029708438,0.021879555,0.037908326,,0.055922505,0.008129639,0.03108526,0.063459538
521,0.124741917,0.196142538,0.048804963,0.020580997,0.00911881,0.084496913,0.337513965,0.022093904,0.016335946,,0.068532665,0.070063397,0.019773989,,0.246234818,0.024302881,0.259389579,,0.257322214,0.030702879,0.092216722,0.066316713
522,0.038246829,0.04750854,0.172228041,0.179153267,0.080098596,0.000868311,0.081609094,0.005886215,0.034378875,,0.002605677,0.179763267,0.066816722,,0.108232682,0.140007346,0.034172001,,0.094395841,0.202928181,0.051413477,0.215857664
523,0.006078202,0.082476019,0.034412722,0.153980995,0.02576797,0.095727561,0.046037648,0.000643166,0.017241606,,0.0259443,0.00661275,0.185273292,,0.029766945,0.190020828,0.19922721,,0.272508923,0.042491098,0.038031758,0.007155741
524,0.085533171,0.106218484,0.032039597,0.023065835,0.02820699,0.022130884,0.364404653,0.001355572,0.213536593,,0.114788457,0.060672784,0.002438074,,0.263983147,0.0213025,0.031397441,,0.058986415,0.072328297,0.151588499,0.071638934
525,0.025568626,0.285396492,0.034052862,0.144838725,0.000328348,0.118832116,0.043621458,0.010797016,0.134213768,,0.150325655,0.022274583,0.137558639,,0.436050696,0.020998823,0.077175725,,0.050378485,0.197487484,0.032500927,0.41869781
526,0.194530013,0.052225517,0.150494223,0.142934712,0.002388373,0.161842884,0.005105906,0.002855702,0.045368308,,0.016994271,0.094311848,0.096006389,,0.004228717,0.138649716,0.221118137,,0.263740578,0.040385158,0.002767075,0.044270381
527,0.048446991,0.033865364,0.034079648,0.016229609,0.042341885,0.022040251,0.068986683,0.007484947,0.016692325,,0.052484081,0.301397382,0.022679762,,0.052167552,0.034543706,0.204225779,,0.051716572,0.329757528,0.019326243,0.045406733
528,0.129567036,0.053120623,0.034703438,0.070582779,0.04051754,0.025982948,0.064530748,0.00023238,0.081534545,,0.029668334,0.024185734,0.161933535,,0.559870406,0.023264981,0.037317559,,0.107818026,0.236273273,0.034076543,0.056097118
529,0.025760076,0.192558671,0.305147879,0.021745534,0.013729693,0.160782202,0.032960088,0.00454908,0.078637494,,0.001544572,0.235390987,0.017047539,,0.208795144,0.076425184,0.031324572,,0.202919635,0.126368269,0.058474243,0.119845604
530,0.144580946,0.247020481,0.03403782,0.132139849,0.117534942,0.023065176,0.036896173,0.000488575,0.039464875,,0.179194913,0.063008314,0.11701392,,0.028854875,0.021330192,0.227936152,,0.495119164,0.031065438,0.206701241,0.060815639
531,0.012561236,0.05031398,0.064887032,0.140806953,0.023307467,0.400032397,0.155150211,0.001974246,0.035739918,,0.099273782,0.290334286,0.094144041,,0.056357359,0.04123284,0.041061058,,0.293567034,0.203338378,0.023070809,0.046823347
532,0.021863389,0.048232337,0.046510646,0.028745565,0.04051223,0.26585076,0.031433214,0.016664504,0.061213654,,0.019855878,0.025641245,0.03013001,,0.191743168,0.114250669,0.038169156,,0.087783657,0.065823563,0.002439803,0.043474315
533,0.023279382,0.31996126,0.187378395,0.028932339,0.007392284,0.021421761,0.202148062,0.004883469,0.04059532,,0.06134748,0.033989561,0.121538396,,0.047791306,0.026437858,0.037371186,,0.026469432,0.023708458,0.035126946,0.175693703
534,0.131848926,0.263520611,0.035893711,0.000984639,0.001186849,0.002221442,0.189494107,0.000695644,0.17963957,,0.01722888,0.104794329,0.095452415,,0.059555114,0.022880108,0.419534573,,0.051471586,0.027955623,0.116677004,0.079040909
535,0.024905398,0.057262562,0.030871221,0.044453273,0.031396997,0.022180068,0.047795119,0.003481919,0.006904533,,0.025843158,0.031629818,0.016484713,,0.121754078,0.096345433,0.148249925,,0.358038177,0.190373265,0.052417364,0.049097029
536,0.018406513,0.058719781,0.148806664,0.150407494,0.013011552,0.022955067,0.04419352,0.002748251,0.106919666,,0.005353578,0.222763229,0.060704862,,0.031141303,0.021329583,0.038224332,,0.050288458,0.049052461,0.064052894,0.349349528
537,0.029406891,0.310944473,0.060340818,0.025667488,0.016872051,0.378411214,0.244092144,0.000290285,0.020457345,,0.060866018,0.062631935,0.02822498,,0.028185776,0.363608006,0.038353077,,0.329612683,0.033789713,0.130746745,0.492245144
538,0.176051773,0.176546687,0.138870287,0.208738103,0.010952809,,0.392426018,0.00320378,0.051503043,,0.163267897,0.004979472,0.024291301,,0.158115229,0.020701004,0.214487572,,0.028948064,0.122890541,0.029443982,0.064868372
539,0.12266622,0.606594076,0.037763611,0.031601782,0.07760519,,0.04018716,0.003324313,0.017051045,,0.032455448,0.00534087,0.13592258,,0.030863966,0.042118559,0.034011269,,0.296575161,0.030647893,0.041189222,0.020035816
540,0.02786095,0.050587016,0.049239682,0.022958643,0.099836963,,0.066879662,0.003517447,0.04918803,,0.091413769,0.049737603,0.01832597,,0.053136202,0.173860692,0.044052435,,0.04456245,0.043511302,0.058168964,0.050468518
541,0.21158583,0.172400859,0.053220535,0.047849284,0.011612978,,0.042484998,0.020174414,0.182618952,,0.07824068,0.02249228,0.016652294,,0.167974858,0.044125848,0.25195854,,0.141156031,0.007061637,0.039301354,0.080634988
542,0.110461133,0.05543017,0.032492468,0.043432115,0.055740682,,0.42633425,0.002485597,0.046066645,,0.085078282,0.023500392,0.076636937,,0.161414317,0.030074447,0.147918084,,0.042095676,0.12487995,0.047130717,0.157807284
543,0.20323384,0.071420168,0.122394567,0.033834951,0.011355502,,0.037312452,0.000710608,0.087353018,,0.133877879,0.026023025,0.162873972,,0.034393836,0.086279185,0.038320746,,0.064126992,0.046247251,0.143602571,0.037052403
544,0.037661784,0.060611599,0.034710341,0.020511204,0.106730203,,0.004720894,0.000876374,0.068422802,,0.014763505,0.026999807,0.114728709,,0.159610049,0.024946668,0.032308863,,0.095482493,0.127010568,0.034191033,0.266141286
545,0.106355133,0.048411948,0.095133758,0.116511274,0.062990917,,0.052798618,0.002078408,0.052699282,,0.028603113,0.150957179,0.016494797,,0.056251948,0.021240734,0.173815842,,0.016269528,0.024553347,0.024407067,0.195444113
546,0.023826162,0.19644961,0.050597511,0.020261813,0.065616087,,0.001512393,0.000415235,0.195296079,,0.407713384,0.110428649,0.100691469,,0.17669057,0.158532643,0.034430157,,0.600444113,0.011408149,0.117932639,0.047532251
547,0.182510175,0.091390997,0.078409076,0.064244044,0.010991761,,0.069254009,0.001353868,0.10111189,,0.055839609,0.048649579,0.000408735,,0.044660058,0.003194023,0.00643477,,0.064439505,0.001410274,0.098511903,0.200235524
548,0.101441605,0.050861973,0.156468273,0.019726117,0.000719583,,0.153486091,0.00062264,0.018685441,,0.055243672,0.170140491,0.235279128,,0.191380409,0.084053763,0.150484249,,0.077119786,0.208452725,0.039510254,0.062554384
549,0.026307359,0.236303378,0.106045959,0.068951266,0.00026282,,0.206045301,0.000310058,0.033847204,,0.171193328,0.080434502,0.150945979,,0.172437413,0.021840357,0.293019733,,0.083097146,0.122472604,0.175659465,0.263043175
550,0.018408557,0.090383769,0.087249132,0.031896683,0.016131218,,0.040485882,0.000376855,0.015827407,,0.078498299,0.027747083,0.001272203,,0.189591907,0.019950623,0.038409482,,0.086305545,0.04128569,0.031106158,0.082569152
551,0.099958242,0.058434427,0.055156044,0.003349826,0.015754109,,0.052968216,0.002994369,0.12931896,,0.016022941,0.052927461,0.087664649,,0.028350792,0.105558892,0.16605125,,0.067414075,0.03518861,0.019465461,0.066263367
552,0.206274073,0.196862152,0.139034653,0.296840782,,,0.127789602,0.084454069,0.109416683,,0.198777092,0.26656181,0.116420167,,0.035835001,0.023577133,0.220130901,,0.078267045,0.133410299,0.035761286,0.044631388
553,0.028585481,0.197011788,0.037057323,0.028382766,,,0.040482727,,0.097855982,,0.069591449,0.121294833,0.020269061,,0.2161748,0.03178768,0.066857478,,0.057403476,0.017913923,0.314795142,0.255564974
554,0.182950856,0.050230802,0.063127412,0.219840794,,,0.038575936,,0.024347781,,0.017847511,0.031677676,0.007461788,,0.14687745,0.15948816,0.2307922,,0.065024725,0.131065056,0.037653602,0.069783338
555,0.189264091,0.048862498,0.255505832,0.112183048,,,0.274766364,,0.029673203,,0.022053935,0.032384133,0.130897682,,0.03628452,0.081259992,0.15759329,,0.460567134,0.034499232,0.144856461,0.046589772
556,0.358513133,0.053630502,0.047481143,0.19221921,,,0.164214231,,0.016804036,,0.085134409,0.050669816,0.010716692,,0.00726173,0.107546479,0.03502458,,0.059877128,0.119760606,0.027719885,0.082113336
557,0.010050894,0.106566473,0.064709962,0.098654087,,,0.037654562,,0.230397169,,0.080489327,0.211985995,0.23310643,,0.204601746,0.026497147,0.015679855,,0.051862261,0.022947949,0.030143878,0.046395291
558,0.100389867,0.051531547,0.057574255,0.028855581,,,0.068749527,,0.027858413,,0.043089239,0.064509871,0.233324076,,0.065034296,0.001507845,0.091830565,,0.224403513,0.001744839,0.464008819,0.190111826
559,0.117129716,0.052145804,0.169733811,0.258925215,,,0.207109908,,0.011524299,,0.075236807,0.032657161,0.007364973,,0.102049613,0.087360097,0.183407193,,0.046010223,0.045990928,0.06445396,0.017360396
560,0.023149813,0.295190721,0.033713105,0.023219117,,,0.050980517,,0.022155136,,0.015707334,0.054704256,0.023771279,,0.032315831,0.021648474,0.033947256,,0.048541668,0.116953206,0.081206249,0.042460656
561,0.329209256,0.058217757,0.05175701,0.134295493,,,0.055068169,,0.09540588,,0.019339064,0.009167683,0.033056836,,0.226772734,0.191625822,0.435322661,,0.052193875,0.022539267,0.02432946,0.13846698
562,0.179330904,0.42994539,0.065376567,0.091098324,,,0.12360016,,0.012625672,,0.26523084,0.049391375,0.102177491,,0.02882182,0.021194475,0.036488626,,0.204659521,0.410001613,0.00177972,0.010283517
563,0.057905045,0.08442066,0.15808355,0.020344758,,,0.145237695,,0.031464637,,0.014205002,0.044223853,0.09387659,,0.04869378,0.019529649,0.240014859,,0.312252297,0.022424571,0.043355848,0.071105366
564,0.265444956,0.379465087,0.046491049,0.025990344,,,0.042992449,,0.018389009,,0.307409984,0.009758632,0.01853795,,0.214387299,0.119531106,0.034554082,,0.074628223,0.2417827,0.038326743,0.069111113
565,0.057779104,0.068282071,0.188495369,0.117313426,,,0.067557979,,0.086408556,,0.084183988,0.02712263,0.024724302,,0.023899365,0.176013237,0.212460304,,0.098159959,0.028412121,0.067329898,0.219547793
566,0.026876459,0.081756857,0.034219063,0.044484128,,,0.213462515,,0.022685895,,0.094310628,0.141940497,0.195098438,,0.128761843,0.019908361,0.037433257,,0.273116562,0.049914966,0.144226334,0.038114178
567,1,0.051939235,0.064002124,0.105638894,,,0.174914923,,0.036341455,,0.016862247,0.084022057,0.034473068,,0.029958885,0.050955481,0.085120632,,0.208051561,0.097580027,0.058817521,0.0133964
568,0.053721551,0.258277384,0.037836774,0.011876073,,,0.037862635,,0.025202439,,0.436296285,0.083459021,0.031607079,,0.049582924,0.022541342,0.206064146,,0.068377993,0.029780881,0.103401411,0.020926089
569,0.228990015,0.106275972,0.03310495,0.020181269,,,0.06626211,,0.017239895,,0.017174159,0.033115612,0.174505491,,0.265407835,0.099753791,0.034277925,,0.557746654,0.029513537,0.029002979,0.050330792
570,0.121972001,0.059728057,0.176529664,0.123444796,,,0.152459548,,0.093124282,,0.112270158,0.009131514,0.021626705,,0.231522396,0.108426133,0.187158433,,0.053096843,0.19979118,0.044986093,0.1665654
571,0.030133433,0.065787899,0.033544655,0.137256038,,,0.223805894,,0.111934004,,0.281528057,0.033977464,0.196060486,,0.165260465,0.020909513,0.111539454,,0.197129935,0.349639722,0.071659984,0.039178392
572,0.302191965,0.159964108,0.028480335,0.018344496,,,0.038543333,,0.020737578,,0.026933819,0.006610004,0.074978222,,0.033783418,0.095613692,0.148491246,,0.051059274,0.103725438,0.039930335,0.007861019
573,0.387648435,0.049356103,0.242467212,0.06430085,,,0.029766807,,0.016215531,,0.095322213,0.033161995,0.021793717,,0.004151069,0.17212074,0.032870043,,0.059602488,0.105698497,0.142420146,0.021968869
574,0.022883583,0.741174165,0.034725281,0.02715146,,,0.040896029,,0.082551852,,0.096794627,0.030656568,0.079426445,,0.174756873,0.022910477,0.190588261,,0.252509518,0.028007414,0.254270108,0.06053272
575,0.275333406,0.030684918,0.453332025,,,,0.233691734,,0.061928944,,0.403889705,0.039874678,0.045420098,,0.033200679,0.179568645,0.058456311,,0.141380696,0.078981187,0.034478559,0.067573788
576,0.022367691,0.064129033,0.03381099,,,,0.077773314,,0.051633306,,0.076800058,0.062498469,0.086825627,,0.031360106,0.01983898,0.040024542,,0.082665069,0.128108422,0.184563346,0.309315279
577,0.310359829,0.053253447,0.036776644,,,,0.174234165,,0.124169309,,0.075403128,0.005959353,0.14580593,,0.240769695,0.019762981,0.038550318,,0.306854416,0.006281331,0.460269043,0.071985269
578,0.115858407,0.052461807,0.178491064,,,,0.042970746,,0.022180621,,0.016120888,0.118108282,0.016802724,,0.031924866,0.126843924,0.20249394,,0.069734709,0.031482947,0.03517796,0.004419286
579,0.026165883,0.047876225,0.034499967,,,,0.271697523,,0.028826669,,0.004770366,0.001566343,0.033033498,,0.146509298,0.038088951,0.036994462,,0.057328348,0.029924125,0.120172997,0.004085079
580,0.018615452,0.041969466,0.081575779,,,,0.049752296,,0.005577938,,0.096145807,0.038711412,0.074103758,,0.033759374,0.027668371,0.213771408,,0.281392572,0.031547873,0.024923245,0.039053248
581,0.108221279,0.054640231,0.075953913,,,,0.040521881,,0.035608727,,0.055769655,0.270076657,0.017027421,,0.068826604,0.019869084,0.032948484,,0.056987722,0.068877346,0.03836663,0.182135164
582,0.058627193,0.193207959,0.153998994,,,,0.173445367,,0.018092095,,0.078941574,0.00297462,0.01019857,,0.096664877,0.204554757,0.062068648,,0.057206277,0.035632684,0.241975781,0.044251806
583,0.158136279,0.242843961,0.23602558,,,,0.0584507,,0.080069154,,0.025575823,0.033650507,0.054443937,,0.119073924,0.023333384,0.156206983,,0.127253289,0.101801608,0.027098415,0.044165529
584,0.002188009,0.071626127,0.04755374,,,,0.224237598,,0.020105018,,0.00657075,0.139470188,0.101046668,,0.02889036,0.02302532,0.034204773,,0.393729745,0.038261456,0.032891952,0.1604181
585,0.076143197,0.164296908,0.155829796,,,,0.152951761,,0.082649719,,0.043098541,0.114138792,0,,0.180507897,0.198967225,0.212578512,,0.373796804,0.031521219,0.006051073,0.059182509
586,0.114874749,0.094504482,0.175691017,,,,0.057238286,,0.049943617,,0.039319095,0.033041936,0.050156926,,0.050674209,0.092161072,0.041224933,,0.051728761,0.094205055,0.01650034,0.056541866
587,0.006792006,0.050415559,0.035418105,,,,0.098760776,,0.121439564,,0.092561578,0.174688445,0.016338233,,0.217980624,0.058655751,0.046709859,,0.024197628,0.026961,0.069879674,0.231527345
588,0.022887256,0.210164964,0.054419027,,,,0.002997698,,0.023314368,,0.016416115,0.038606154,0.016164136,,0.032353296,0.167122639,0.03599248,,0.051674101,0.278777491,0.027510748,0.050660579
589,0.05160389,0.006387981,0.314105742,,,,0.036584321,,0.018180746,,0.017283862,0.028927683,0.069835903,,0.047160539,0.025832771,0.031961901,,0.003725619,0.086677459,0.049775261,0.044935581
590,0.024169998,0.111211165,0.055100557,,,,0.036760833,,0.051780241,,,0.021102014,0.092112619,,0.171986683,0.141103168,0.152630569,,0.276892472,0.063771323,0.13411588,0.054038975
591,0.051391511,0.097105621,0.147284598,,,,0.436583992,,0.018323982,,,0.242507513,0.051513735,,0.03766673,0.007556208,0.030303772,,0.210020237,0.133061848,0.036522877,0.156971461
592,0.051469401,0.053479027,0.039968238,,,,0.041302566,,0.054248315,,,0.025896172,0.092633643,,0.216143887,0.03199419,0.149790296,,0.073271864,0.162919147,0.027688476,0.043040585
593,0.038898332,0.117653143,0.054424786,,,,0.226722655,,0.11694855,,,0.148178109,0.017841306,,0.031977771,0.023716313,0.035111267,,0.04870004,0.026266188,0.106387256,0.210086084
594,0.466796742,0.047319126,0.233905193,,,,0.094269891,,0.001082922,,,0.224425864,0.0201324,,0.279246229,0.157475788,0.063772712,,0.07724798,0.536385559,0.033378805,0.050042424
595,0.453838663,0.070163933,0.073322588,,,,0.073258559,,0.057155216,,,0.087451599,0.102168136,,0.117053633,0.025508058,0.146225419,,0.397851272,0.025353403,0.263738153,0.424897527
596,0.022335688,0.315915752,0.038718945,,,,0.050287884,,0.074836058,,,0.026727576,0.219324016,,0.032768217,0.017666286,0.134249481,,0.05468751,0.145135749,0.030568143,0.042240032
597,0.068862477,0.059890799,0.148024735,,,,0.184050678,,0.02173456,,,0.067460335,0.039954682,,0.202029808,0.024188952,0.175698288,,0.074222313,0.043832322,0.012544108,0.06166941
598,0.022698698,0.727561762,0.086175589,,,,0.049173176,,0.017466932,,,0.026837671,0.017961289,,0.02980285,0.10787606,0.035422346,,0.072093763,0.099564932,0.031043801,0.083427009
599,0.149747545,0.092263151,0.116507503,,,,0.18216049,,0.016831529,,,0.033425734,0.028679324,,0.584239722,0.02508007,0.045511661,,0.061249685,0.034627424,0.265853693,0.230069044
600,0.03936363,0.067375479,0.033345638,,,,0.051871818,,0.177089177,,,0.041401061,0.10946084,,0.031108603,0.033141031,0.212837362,,0.065951271,0.046698653,0.028435871,0.009720861
601,0.163246979,0.045846327,0.058540796,,,,0.054470862,,0.13476749,,,0.003057869,0.110235598,,0.045573243,0.116432783,0.031189262,,0.305927169,0.05297068,0.107341186,0.040947048
602,0.042879051,0.198583073,0.198414518,,,,0.106630603,,0.025407611,,,0.02790049,0.02096865,,0.195368413,0.021454408,0.220947582,,0.078407149,0.123034788,0.028389571,0.147845947
603,0.230154543,0.062603321,0.189094071,,,,0.303183255,,0.018278302,,,0.000966357,0.017052476,,0.163929984,0.024434314,0.034578966,,0.013780265,0.031187329,0.154970855,0.056936744
604,0.190613174,0.02529589,0.031478792,,,,0.0407365,,0.073504029,,,0.161402014,0.110443512,,0.210068754,0.008835836,0.312090428,,0.332034595,0.003299256,0.052971786,0.004611252
605,0.02661897,0.058271413,0.027587196,,,,0.039120751,,0.103156131,,,0.003568458,0.079943546,,0.080143427,0.023411218,0.032957142,,0.01625191,0.044598432,0.006070304,0.018208469
606,0.071762561,0.00083197,0.008409817,,,,0.451595091,,0.08364886,,,0.032814471,0.004328475,,0.106325659,0.036813642,0.027465397,,0.241031306,0.117799523,0.021199235,0.068326106
607,0.109792091,0.005900946,0.032587328,,,,0.039378214,,0.024689306,,,0.066120612,0.020117913,,0.030448557,0.174044918,0.033068097,,0.051515759,0.025725399,0.050347416,0.02857085
608,0.022137553,0.200654772,0.153660933,,,,0.0581267,,0.015280846,,,0.170411279,0.163581306,,0.046031573,0.095425721,0.046142344,,0.061626024,0.004949595,0.053473031,0.245043584
609,0.005964871,0.192220008,0.129942496,,,,0.190293663,,0.019935713,,,0.028229412,0.072382157,,0.050974813,0.01985109,0.034929703,,0.29271365,0.024861144,0.031659076,0.050705057
610,0.12388198,0.051314231,0.031449523,,,,0.040357711,,0.094744389,,,0.02681027,0.016673233,,0.183697429,0.02656863,0.18596601,,0.287403422,0.518899588,0.088074808,0.189818453
611,0.028671334,0.083916576,0.045130784,,,,0.143179854,,0.03875015,,,0.005002041,0.027855739,,0.027415373,0.107472078,0.191155935,,0.04688208,0.024552635,0.025180378,0.077827505
612,0.247745801,0.097735175,0.226215203,,,,0.041728834,,0.029089511,,,0.019190333,0.091954293,,0.340560393,0.021226652,0.12347494,,0.052879408,0.050098935,0.033344341,0.004139599
613,,0.045068913,0.032092624,,,,0.279742307,,0.084783499,,,0.010118105,0.13211489,,0.031829354,0.041139622,0.082906964,,0.061440392,0.113830313,0.053466103,0.043313384
614,,0.177159065,0.021086396,,,,0.039410882,,0.09346237,,,0.029402791,0.017023848,,0.148799831,0.091061123,0.329530768,,0.199405252,0.403015926,0.006654515,0.076627764
615,,0.05106204,0.201570424,,,,0.006078179,,0.021840493,,,0.030094574,0.0603589,,0.10004845,0.021382428,0.054584668,,0.052133408,0.33142156,0.025190843,0.048826885
616,,0.445419058,0.045660134,,,,0.039393673,,0.060793647,,,0.009080945,0.165520088,,0.048754799,0.019811914,0.065330699,,0.072013508,0.040956123,0.107495207,0.008371946
617,,0.046634122,0.066040256,,,,0.21859668,,0.017663119,,,0.113777615,0.377182349,,0.071308837,0.104847205,0.251547155,,0.205763929,0.006451624,0.022678632,0.044376977
618,,0.082835901,0.049374013,,,,0.163657102,,0.086720658,,,0.046650276,0.014092041,,0.056151925,0.031597515,0.035118341,,0.047681952,0.03034889,0.03399571,0.420902484
619,,0.029958764,0.030843553,,,,0.039396895,,0.044801144,,,0.185879276,0.197002121,,0.162663679,0.031284083,0.499666273,,0.061365474,0.104709623,0.104337834,0.067032278
620,,0.059281461,0.149352832,,,,0.152143783,,0.080418853,,,0.010078182,0.030207472,,0.169302973,0.115380547,0.039320653,,0.307484412,0.022289291,0.0288387,0.220697321
621,,0.06468894,0.046771772,,,,0.208874013,,0.126870522,,,0.111310653,0.093433833,,0.030202052,0.03061335,0.074812268,,0.094502906,0.040301299,0.013739089,0.053596769
622,,0.269981787,0.034365642,,,,0.037762578,,0.042380986,,,0.028430031,0.018406764,,0.297853538,0.008111335,0.096714218,,0.434231423,0.03135206,0.256238027,0.03707245
623,,0.046784004,0.121448198,,,,0.064248224,,0.036291317,,,0.028271294,0.369933585,,0.056358629,0.022368461,0.238032687,,0.057625152,0.166480138,0.022422618,0.190884426
624,,0.092250763,0.036690579,,,,0.98552505,,0.020683269,,,0.018929995,0.235051308,,0.242846318,0.093431283,0.041178209,,0.053762915,0.047989744,0.035244166,0.036439624
625,,0.593786024,0.044069293,,,,0.042779363,,0.082896231,,,0.028151566,0.144851637,,0.034414479,0.033596584,0.017949508,,0.19045469,0.115474057,0.005089286,0.02301582
626,,0.052652083,0.161161134,,,,0.045241266,,0.051916027,,,0.031468554,0.093323079,,0.033791451,0.000597723,0.206702599,,0.05893413,0.022867873,0.00157037,0.072660392
627,,0.075963694,0.070560983,,,,0.156487034,,0.019744487,,,0.143499202,0.109749708,,0.006997129,0.022526032,0.034552674,,0.100144131,0.015276637,0.004351281,0.192752898
628,,0.204411811,0.073090558,,,,0.116629581,,0.020635697,,,0.027963581,0.113028181,,0.030405034,0.08741166,0.356981089,,0.201220464,0.045551203,0.067088477,0.039693204
629,,0.051481306,0.174943602,,,,0.290686706,,0.121063024,,,0.028185769,0.017456797,,0.028164843,0.062899638,0.035049917,,0.044620898,0.005962044,0.156610401,0.144585098
630,,0.081914672,0.046657622,,,,0.039412271,,0.023823133,,,0.10229788,0.105263953,,0.106274412,0.154396343,0.336508507,,0.390504448,0.051834571,0.035259378,0.048612839
631,,0.199084114,0.183202448,,,,0.068855289,,0.025212019,,,0.028627442,0.039073221,,0.032120022,0.020901894,0.560653254,,0.010998731,0.025957484,0.002350659,0.149472448
632,,0.049851029,0.03270981,,,,0.006207435,,0.032118663,,,0.024086455,0.087194092,,0.338695754,0.028745765,0.042019746,,0.270693524,0.004420692,0.03190046,0.041276032
633,,0.064099537,0.065518468,,,,0.25896094,,0.051024224,,,0.03177656,0.016478534,,0.032525799,0.115443302,0.072401452,,0.051004078,0.144450524,0.134513818,0.125490309
634,,0.113054067,0.040535575,,,,0.165336979,,0.07214125,,,0.168606243,0.005729168,,0.044826258,0.016836077,0.152742842,,0.010370915,0.267796103,0.027701042,0.053576772
635,,0.046237751,0.034150873,,,,0.041682938,,0.010699431,,,0.052123302,0.089199687,,0.162833846,0.050976438,0.267682979,,0.465912785,0.040085094,0.034889176,0.298890121
636,,0.044008355,0.171831309,,,,0.062619188,,0.081648496,,,0.033345838,0.001940922,,0.151629777,0.058699029,0.032894883,,0.046552662,0.028654767,0.070678497,0.089565376
637,,0.198900823,0.041845224,,,,0.0681529,,0.037302208,,,0.003984716,0.110674356,,0.144600053,0.04821792,0.054220537,,0.063632442,0.017434981,0.032004928,0.068551848
638,,0.198648972,0.030839266,,,,0.022723438,,0.14179693,,,0.042140965,0.145102783,,0.029241325,0.072244243,0.055767879,,0.240173126,0.038784624,0.549791684,0.077775651
639,,0.193185304,0.372307588,,,,0.044839151,,0.042457471,,,0.039768069,0.009376505,,0.056900969,0.024314245,0.39521862,,0.096143328,0.059573552,0.025748327,0.218354775
640,,0.048004582,0.034710643,,,,0.06722134,,0.099051179,,,0.117271353,0.098642397,,0.167261637,0.006232391,0.011068878,,0.321903584,0.114953234,0.039086349,0.118460945
641,,0.043995398,0.04838826,,,,0.186473167,,0.055086093,,,0.038052651,0.029456185,,0.031998673,0.005095726,0.23761757,,0.028007858,0.044987359,0.164262539,0.067576763
642,,0.054839613,0.228904195,,,,0.124165173,,0.106086012,,,0.028771392,0.091340507,,0.023688022,0.087809178,0.036331465,,0.044319055,0.02883671,0.026476797,0.066248096
643,,0.20178042,0.031758784,,,,0.006548089,,0.018806315,,,0.105223576,0.036263254,,0.147806889,0.099267542,0.057196101,,0.052266435,0.005163047,0.146099873,0.164239093
644,,0.19073589,0.21988978,,,,0.034884596,,0.054259139,,,0.029018927,0.020639352,,0.185416678,0.020510927,0.153344403,,0.382986585,0.096957995,0.028921222,0.039555489
645,,0.048601474,0.048827672,,,,0.275045216,,0.017058208,,,0.002939924,0.095165886,,0.030352921,0.001347608,0.21517129,,0.197000768,0.054676445,0.536004493,0.044993263
646,,0.053154732,0.188582544,,,,0.045127626,,0.232859524,,,0.029694039,0.009616432,,0.0353489,0.016602774,0.034554972,,0.050217703,0.031412488,0.129106485,0.148063202
647,,0.386578954,0.235224812,,,,0.074451022,,0.029935231,,,0.039087987,0.121407721,,0.149874646,0.021765865,0.034106306,,0.346243966,0.114515272,0.085463222,0.182760376
648,,0.048774251,0.034226552,,,,0.144309088,,0.01933927,,,0.02410785,0.025960824,,0.025049824,0.296205509,0.309995663,,0.079132889,0.0250371,0.029104127,0.040655072
649,,0.095132521,0.044761659,,,,0.04092934,,0.076620166,,,0.094773125,0.000933471,,0.050047496,0.021406731,0.269253053,,0.475914599,0.162668126,0.032825369,0.036157963
650,,0.073371462,0.068177094,,,,0.053225589,,0.019736153,,,0.025073482,0.014324867,,0.226972168,0.124917324,0.032580371,,0.426670482,0.023980293,0.126997888,0.045385959
651,,0.094512225,0.037563906,,,,0.265286493,,0.027637658,,,0.069592247,0.047168167,,0.02764857,0.116152221,0.033511755,,0.052840203,0.02421668,0.039562419,0.167571269
652,,0.286653962,0.174422531,,,,0.037252267,,0.09957026,,,0.003097246,0.001049711,,1,0.030302782,0.041694314,,0.376199058,0.057114436,0.002046373,0.063866912
653,,0.075751884,0.036733692,,,,0.063315864,,0.03126069,,,0.136964077,0.099193974,,0.157144431,0.201877509,0.16995261,,0.046412214,0.029134484,0.005036533,0.047372134
654,,0.241929422,0.281222093,,,,0.074997628,,0.085147935,,,0.022576359,0.017233943,,0.03203243,0.019823472,0.058722719,,0.024550881,0.001253171,0.029316853,0.14087915
655,,0.063620157,0.036781152,,,,0.041710273,,0.023651798,,,0.03045971,0.027523008,,0.061500033,0.162221742,0.273354866,,0.154914863,0.458907477,0.143450927,0.047560485
656,,0.04410779,0.076578211,,,,0.182175935,,0.022098328,,,0.097855218,0.070657348,,0.136930709,0.033978654,0.034065857,,0.052550643,0.027006949,0.117908747,0.064683568
657,,0.445078361,0.072752467,,,,0.048335136,,0.022652568,,,0.04974321,0.016855495,,0.057446165,0.027586787,0.180338307,,0.058860091,0.294862248,0.030179185,0.059295715
658,,0.046952998,0.043915428,,,,0.164907748,,0.060215386,,,0.155056644,0.032029122,,0.118153719,0.089066203,0.386490574,,0.057720463,0.02739381,0.022308945,0.253227945
659,,0.054184219,0.159946982,,,,0.291416319,,0.044728244,,,0.036298059,0.090301474,,0.029966481,0.063337326,0.036985945,,0.065896672,0.050043737,0.132168601,0.019689547
660,,0.076638803,0.128408902,,,,0.037311506,,0.018490597,,,0.02817172,0.018108865,,0.028407012,0.108099992,0.196249119,,0.620384877,0.139365151,0.032681321,0.043578111
661,,0.052343107,0.042311469,,,,0.057645873,,0.096501499,,,0.051762271,0.045584161,,0.173368609,0.057930876,0.033696284,,0.198572975,0.052438961,0.116291898,0.0136012
662,,0.16902717,0.032920068,,,,0.37272114,,0.060521125,,,0.036487606,0.01681275,,0.046902733,0.023269636,0.099792156,,0.052798271,0.154296614,0.033724184,0.070322008
663,,0.044960964,0.003861099,,,,0.03819671,,0.017866345,,,0.026379982,0.047696789,,0.051384761,0.131707566,0.05920395,,0.059860634,0.030385154,0.029694508,0.049396722
664,,0.071372094,0.037533303,,,,0.007437462,,0.036351595,,,0.113415384,0.023779262,,0.143255026,0.020942509,0.194520351,,0.065912815,0.096348724,0.038061408,0.088664659
665,,0.356275548,0.154106018,,,,0.061126869,,0.012209456,,,0.110119079,0.046863026,,0.149149182,0.034099818,0.232073243,,0.04746583,0.107242213,0.047013335,0.056094001
666,,0.048654111,0.053310061,,,,0.422231578,,0.073911127,,,0.463048177,0.071895965,,0.035841518,0.127666224,0.045206032,,0.179800616,0.024184344,0.116542158,0.428504254
667,,0.046712276,0.139123584,,,,0.040115258,,0.005590072,,,0.026466554,0.019594838,,0.031945918,0.042792645,0.071752683,,0.081399224,0.100629326,0.023740946,0.17130204
668,,0.049417694,0.034158655,,,,0.359514483,,0.110464604,,,0.028550339,0.148929354,,0.11083794,0.099942557,0.166083477,,0.221315836,0.297498624,0.04171765,0.043451995
669,,0.198580353,0.052771906,,,,0.041144976,,0.030591466,,,0.003285174,0.018869778,,0.032509136,0.00076583,0.037157261,,0.033985076,0.034151419,0.252402632,0.214978634
670,,0.041203145,0.041972757,,,,0.069747091,,0.022812203,,,0.006991421,0.002224206,,0.033405582,0.147528312,0.534095258,,0.277581366,0.259478235,0.022400778,0.051701228
671,,0.197002816,0.037920733,,,,0.150279457,,0.104842059,,,0.074544066,0.113350359,,0.22131331,0.020178809,0.034515422,,0.060578385,0.004532017,0.027189932,0.061156101
672,,0.048537396,0.144553764,,,,0.204571017,,0.036376082,,,0.023546541,0.020656777,,0.062675479,0.122205794,0.047345148,,0.049574031,0.040598039,0.037212888,0.004066963
673,,0.070496305,0.035077366,,,,0.065302822,,0.018623113,,,0.037480401,0.161428136,,0.303646312,0.021112329,0.377872393,,0.095941417,0.138336676,0.033263095,0.073974855
674,,0.30382141,0.020351066,,,,0.310457627,,0.018158322,,,0.04204562,0.090922692,,0.031428501,0.068863348,0.040685937,,0.062857879,0.027416182,0.271149336,0.214677357
675,,0.071342927,0.101573772,,,,0.037863613,,0.021074813,,,0.013804525,0.102413556,,0.061238687,0.108562819,0.268945044,,0.050439399,0.039971838,0.027363903,0.046173665
676,,0.043875138,0.050023999,,,,0.221008098,,0.072464106,,,0.185572301,0.001594768,,0.182201117,0.037848318,0.036095927,,0.437512248,0.12195746,0.356332611,0.479156176
677,,0.050955368,0.047966834,,,,0.187423723,,0.036487046,,,0.029661607,0.02077333,,0.048433856,0.097731594,0.21767868,,0.136894237,0.026510828,0.116281073,0.036526018
678,,0.048245464,0.004304493,,,,0.036964134,,0.065426554,,,0.03864805,0.096516914,,0.236426171,0.023483529,0.034158443,,0.351679836,0.356198543,0.010328028,0.020380356
679,,0.046477411,0.045531868,,,,0.373386233,,0.045163461,,,0.033318801,0.094398688,,0.032176699,0.022340642,0.010414205,,0.115443339,0.031694021,0.028296613,0.287152087
680,,0.073460163,0.01269831,,,,0.068082054,,0.027729862,,,0.220884404,0.018040935,,0.16761124,0.028700315,0.065834925,,0.094528499,0.032118602,0.09860505,0.46890024
681,,0.122983374,0.135471553,,,,0.039527408,,0.113625726,,,0.038772741,0.025130171,,0.031651601,0.036708015,0.214379031,,0.025994714,0.131236225,0.022357863,0.370006886
682,,0.054803059,0.039901018,,,,0.26837616,,0.005420631,,,0.029859379,0.103912062,,0.169965607,0.1149183,0.052361401,,0.063434207,0.031274651,0.283222545,0.061623955
683,,0.047537273,0.065382691,,,,0.087930884,,0.017748178,,,0.0241814,0.015483413,,0.036738092,0.019050562,0.03901247,,0.071390135,0.036938727,0.021777483,0.050220728
684,,0.048974227,0.040673454,,,,0.143307591,,0.043936808,,,0.02954672,0.038766851,,0.11926695,0.099934835,0.109267656,,0.137498828,0.018930802,0.001558332,0.153660386
685,,0.055181266,0.031734135,,,,0.041722284,,0.06520661,,,0.113496382,0.029416702,,0.038006444,0.045333949,0.038950587,,0.069658321,0.085939944,0.048701507,0.053767512
686,,0.208197569,0.101029847,,,,0.032653853,,0.020467907,,,0.051711804,0.11198361,,0.002759694,0.023685893,0.166940704,,0.138240502,0.028204306,0.043118426,0.068968153
687,,0.19286442,0.034391021,,,,0.038902947,,0.018525434,,,0.174527496,0.074068933,,0.057050928,0.044351927,0.049489228,,0.234780788,0.034649924,0.133726786,0.050803007
688,,0.05033921,0.058312432,,,,0.168559375,,0.134008324,,,0.057810589,0.017408333,,0.17966353,0.141767029,0.0388539,,0.242056536,0.125440059,0.003460653,0.020509155
689,,0.033519157,0.05859424,,,,0.036419807,,0.065020855,,,0.056005523,0.045159938,,0.111816614,0.023724228,0.055170954,,0.050931847,0.038087475,0.033129233,0.038403615
690,,0.202353908,0.005011116,,,,0.298034928,,0.08129317,,,0.051919973,0.037506588,,0.02740497,0.001265828,0.054024252,,0.084734444,0.11797162,0.002306339,0.195294949
691,,0.068711602,0.095124939,,,,0.047647531,,0.022986841,,,0.070396596,0.018167184,,0.196823639,0.020942891,0.230951665,,0.073824782,0.022379272,0.040532695,0.004436456
692,,0.095078486,0.037174592,,,,0.050153158,,0.092835999,,,0.184620697,0.056821475,,0.026966916,0.024163104,0.033799126,,0.050576269,0.040127716,0.094454367,0.045614559
693,,0.047132983,0.032450209,,,,0.01900787,,0.098751992,,,0.083318977,0.024457343,,0.038922871,0.130570563,0.236678714,,0.078771415,0.367348497,0.116144028,0.046440874
694,,0.199692162,0.143229273,,,,0.009070321,,0.026174958,,,0.046348899,0.05619685,,0.223994361,0.207515835,0.188412476,,0.183013479,0.09144107,0.030014987,0.13618614
695,,0.188950401,0.046182328,,,,0.093409697,,0.09328983,,,0.034092487,0.018256571,,0.045474248,0.024464659,0.03499308,,0.059225918,0.024826908,0.132862108,0.077459313
696,,0.047587884,0.052231516,,,,0.033881664,,0.109321594,,,0.023620177,0.028242317,,0.179119472,0.022857145,0.042580294,,0.049997502,0.278372773,0.053099603,0.335793278
697,,0.068733336,0.077800118,,,,0.261975563,,0.024133347,,,0.117224575,0.093683562,,0.132904737,0.090639091,0.191404092,,0.126456866,0.06060542,0.040358003,0.002618802
698,,0.080928507,0.155162627,,,,0.03958142,,0.017855962,,,0.342465387,0.068152358,,0.028787507,0.086556954,0.030338563,,0.070100177,0.119877623,0.15737516,0.056340675
699,,0.093459992,0.040045689,,,,0.185660943,,0.054245509,,,0.042899284,0.021419264,,0.040533766,0.022696937,0.034023636,,0.266887517,0.022607591,0.004370899,0.126683746
700,,0.054452838,0.061048364,,,,0.048295525,,0.236664256,,,0.046119426,0.017563899,,0.171264371,0.141333452,0.257189369,,0.051553159,0.03992473,0.013890956,0.057359219
701,,0.19857769,0.042459922,,,,0.259255276,,0.105009205,,,0.034687138,0.018199761,,0.029835898,0.016610908,0.005288739,,0.262118616,0.252432374,0.099122907,0.260467326
702,,0.045705686,0.046179138,,,,0.039342027,,0.017758063,,,0.004827927,0.057911881,,0.025906815,0.127011631,0.036038924,,0.054025707,0.129886897,0.031754837,0.05164978
703,,0.059314641,0.053020548,,,,0.23834487,,0.043429379,,,,,,0.046370392,0.102843649,0.042954123,,0.056438234,0.022180102,0.115574777,0.053544877
704,,0.334320552,0.151410995,,,,0.06292165,,0.114502998,,,,,,0.193075062,0.020196253,0.260529355,,0.036346323,0.182573683,0.042980988,0.005329294
705,,0.056797605,0.041073288,,,,0.194270329,,,,,,,,0.039529685,0.021356092,0.034511303,,0.345137676,0.027386033,0.03330211,0.190657252
706,,0.260508141,0.032889946,,,,0.038361875,,,,,,,,0.047301682,0.102530178,0.009894084,,0.061377462,0.128242063,0.135082632,0.124359705
707,,0.109287035,0.112911459,,,,0.063447962,,,,,,,,0.170767964,0.02035192,0.074447395,,0.057039986,0.041524583,0.027394834,0.040265937
708,,0.031098889,0.036673617,,,,0.049835586,,,,,,,,0.028855774,0.179633415,0.150237631,,0.549307312,0.044630179,0.031967992,0.051817448
709,,0.056605634,0.062552422,,,,0.054854595,,,,,,,,0.041816607,0.022545745,0.03443174,,0.049444115,0.076465773,0.064211301,0.037214788
710,,0.214242098,0.018536995,,,,0.244740698,,,,,,,,0.111157189,0.163752208,0.193699743,,0.005009516,0.157701059,0.225261494,0.186806796
711,,0.154990392,0.062817725,,,,0.003266811,,,,,,,,0.364302484,0.02080087,0.03643933,,0.042713147,0.081423069,0.048643516,0.061486708
712,,0.382970917,0.150567314,,,,0.03654493,,,,,,,,0.118096515,0.001197309,0.031981675,,0.047576061,0.022592755,0.093249401,0.035199249
713,,0.063006407,0.190257248,,,,0.060289928,,,,,,,,0.032919676,0.019982779,0.176020253,,0.251566398,0.427535834,0.034340072,0.142168895
714,,0.049985885,0.033532114,,,,0.148411853,,,,,,,,0.277126725,0.108353422,0.159952806,,0.155893123,0.146748393,0.10630737,0.130664406
715,,0.108429103,0.045157826,,,,0.245544246,,,,,,,,0.037606848,0.118139018,0.153977032,,0.214021251,0.157241314,0.173357969,0.040598771
716,,0.046147321,0.045206727,,,,0.039319735,,,,,,,,0.155913038,0.020663428,0.30197731,,0.001742557,0.024391879,0.1260992,0.371001705
717,,0.070789253,0.033769865,,,,0.050777291,,,,,,,,0.028401634,0.020165914,0.078936988,,0.040779553,0.160324726,0.025798199,0.060715528
718,,0.048591556,0.164203,,,,0.153152908,,,,,,,,0.17110424,0.155888468,0.229256683,,0.190313688,0.024299425,0.130059664,0.132033378
719,,0.089129149,0.213252826,,,,0.327209714,,,,,,,,0.158320302,0.038503408,0.032654202,,0.05461565,0.032880012,0.027049782,0.066452569
720,,0.161835483,0.064262947,,,,0.050394719,,,,,,,,0.162951996,0.113210015,0.179554226,,0.149057455,0.203492196,0.392617115,0.061888222
721,,0.04468394,0.050578471,,,,0.048711887,,,,,,,,0.179634534,0.02235105,0.059171036,,0.19777762,0.010371614,0.021241202,0.050203321
722,,0.091391872,0.053855418,,,,0.138613556,,,,,,,,0.043808315,0.041338343,0.038803997,,0.078866545,0.036061904,0.053793391,0.150874713
723,,0.19569877,0.02970096,,,,0.252330614,,,,,,,,0.010532009,0.209526218,0.121229347,,0.192202663,0.031543172,0.042690975,0.043093685
724,,0.049773525,0.169803862,,,,0.036540983,,,,,,,,0.149206187,0.023621826,0.037023011,,0.043980023,0.060613665,0.001322905,0.019739596
725,,0.096615315,0.032627838,,,,0.002789736,,,,,,,,0.208504413,0.019844518,0.18186364,,0.364388222,0.235789512,0.033011979,0.063708649
726,,0.230717707,0.146419783,,,,0.212412076,,,,,,,,0.047001309,0.021568257,0,,0.197894805,0.023656122,0.171533512,0.054829434
727,,0.242660735,0.03165862,,,,0.140854611,,,,,,,,0.116685266,0.042893199,0.066025135,,0.050705251,0.038876638,0.055543219,0.216467631
728,,0.049049333,0.067189987,,,,0.037651588,,,,,,,,0.035273317,0.023070188,0.034290141,,0.071433094,0.031658261,0.117079467,0.225143656
729,,0.270591932,0.144920661,,,,0.063569537,,,,,,,,0.033121489,0.250157225,0.572868302,,0.194437925,0.003159755,0.231913729,0.114425742
730,,0.103919362,0.03409642,,,,0.226559317,,,,,,,,0.071497288,0.022709629,0.038952689,,0.178569496,0.036450301,0.029698196,0.159744325
731,,0.237927483,0.053293876,,,,0.043228945,,,,,,,,0.041526659,0.000344247,0.148171504,,0.12355175,0.087584745,0.039988695,0.038799233
732,,0.19729289,0.181673349,,,,0.07014179,,,,,,,,0.122481526,0.110785076,0.038345486,,0.186376521,0.029880235,0.124566013,0.117977651
733,,0.603683995,0.175191389,,,,0.265101137,,,,,,,,0.038658365,0.024294256,0.136416239,,0.05233667,0.072384374,0.029072892,0.046552489
734,,0.071327836,0.139532637,,,,0.119113676,,,,,,,,0.103509943,0.089464559,0.018537012,,0.066353131,0.179560916,0.00311107,0.152531982
735,,0.05120765,0.037330363,,,,0.010169682,,,,,,,,0.177172262,0.018093161,0.020946391,,0.707836437,0.042500213,0.031837421,0.068112187
736,,0.210773419,0.009110897,,,,0.001419679,,,,,,,,0.115586112,0.112017906,0.005136926,,0.035385633,0.095341351,0.104358457,0.178478502
737,,0.098807246,0.12334818,,,,0.154292548,,,,,,,,0.028752169,0.154979634,0.04348006,,0.044549979,0.022840852,0.133354987,0.067954964
738,,0.305023723,0.042822984,,,,0.03904023,,,,,,,,0.030103037,0.022042684,0.181977414,,0.091972172,0.056540878,0.028889619,0.052589292
739,,0.191059629,0.178904489,,,,0.054634263,,,,,,,,0.11416727,0.023345169,0.033653033,,0.119458924,0.033096837,0.172737921,0.287192874
740,,0.04992662,0.055754596,,,,0.051389802,,,,,,,,0.198316806,0.106705949,0.049101756,,0.581407221,0.225266338,0.027436,0.037408764
741,,0.043746287,0.140303443,,,,0.041229137,,,,,,,,0.026760023,0.022660208,0.22400393,,0.188541471,0.032533176,0.160387867,0.005685345
742,,0.051713743,0.035135708,,,,0.253891117,,,,,,,,0.317666837,0.019553396,0.035238264,,0.05883317,0.036897495,0.024433503,0.067064019
743,,0.393496367,0.056867629,,,,0.035329444,,,,,,,,0.030700288,0.297049919,0.570948284,,0.007928889,0.121355158,0.552686573,0.218170835
744,,0.368887443,0.032844922,,,,0.603099207,,,,,,,,0.413067339,0.029090871,0.083605635,,0.050934496,0.022412131,0.238215852,0.086788382
745,,0.053037483,0.303079526,,,,0.043403842,,,,,,,,0.152933848,0.175739076,0.074818909,,0.236270152,0.103459134,0.02419724,0.054049913
746,,0.190959622,0.034550561,,,,0.06992152,,,,,,,,0.226941862,0.020292561,0.211987069,,0.238835288,0.11709908,0.049164334,0.2105543
747,,0.05049107,0.051813381,,,,0.14763018,,,,,,,,0.041678415,0.002366921,0.046130741,,0.061768209,0.097293923,0.005389484,0.170356424
748,,0.047612507,0.053645477,,,,0.040018459,,,,,,,,0.173982695,0.014005844,0.079761807,,0.079194977,0.032602157,0.01829243,0.055371589
749,,0.069209225,0.052929956,,,,0.074407432,,,,,,,,0.13151543,0.022236336,0.222241609,,0.263940872,0.025268989,0.190003191,0.15987586
750,,0.205099568,0.199742177,,,,0.236734432,,,,,,,,0.054178358,0.101485692,0.078754583,,0.123937385,0.192169408,0.027098264,0.042240188
751,,0.369255676,0.03829625,,,,0.003179555,,,,,,,,0.133502416,0.08587858,0.06288164,,0.103864429,0.048967472,0.046185476,0.058463728
752,,0.063827184,0.023127968,,,,0.00297142,,,,,,,,0.033123945,0.020439294,0.245699406,,0.305832286,0.023023507,0.108398921,0.093537003
753,,0.184229708,0.035965707,,,,0.310268711,,,,,,,,0.301688544,0.021305773,0.03479366,,0.058873108,0.027033684,0.023508575,0.226075177
754,,0.072683247,0.141148883,,,,0.010551367,,,,,,,,0.252029928,0.100488506,0.260605206,,0.171120131,0.096837434,0.007951708,0.176682604
755,,0.24674963,0.144549449,,,,0.000178889,,,,,,,,0.031728367,0.119467892,0.032774081,,0.072901485,0.025520356,0.033331499,0.054332718
756,,0.277848561,0.033600675,,,,0,,,,,,,,0.03121668,0.02075042,0.13117367,,0.085340415,0.099118827,0.153154399,0.045714508
757,,0.047008971,0.040262887,,,,0.043017051,,,,,,,,0.122559007,0.019415098,0.142837767,,0.077932719,0.036855226,0.003839457,0.052460968
758,,0.082116249,0.06522454,,,,0.047386471,,,,,,,,0.218383976,0.108418721,0.031583095,,0.3314392,0.030471426,0.051500106,0.251254256
759,,0.101882153,0.31474609,,,,0.154758056,,,,,,,,0.004395567,0.096254401,0.501686638,,0.074638398,0.231725908,0.058506088,0.393013823
760,,0.269778161,0.03508357,,,,0.006383475,,,,,,,,0.161862042,0.124431316,0.033089845,,0.039325809,0.023119282,0.024968715,0.068920899
761,,0.116446116,0.06409591,,,,0.00406504,,,,,,,,0.031330381,0.026355932,0.037640918,,0.232843226,0.037479455,0.133023372,0.041601118
762,,0.089874555,0.049554543,,,,0.007202864,,,,,,,,0.197273868,0.000521775,0.210913916,,0.04735716,0.332274743,0.031257641,0.278005507
763,,0.029219495,0.032334299,,,,0.035074614,,,,,,,,0.078413579,0.000532099,0.142185482,,0.058322165,0.030128437,0.006226507,0.037102849
764,,0.047954752,0.136726289,,,,0.004070833,,,,,,,,0.06827104,0.000171885,0.17291273,,0.122632525,0.167514217,0.191068452,0.108615681
765,,0.044064783,0.033071225,,,,0.318100833,,,,,,,,0.122071554,0.159565369,0.145775775,,0.085259139,0.045540283,0.088507173,0.193826856
766,,0.066634531,0.035583586,,,,0.038790205,,,,,,,,0.032991271,0.185649443,0.429772913,,0.047243383,0.150902568,0.025019197,0.019295498
767,,0.049071626,0.136677755,,,,0.094542397,,,,,,,,0.402966949,0.023784518,0.044572406,,0.301876939,0.036119032,0.175453509,0.042984034
768,,0.205150458,0.145347634,,,,0.003371292,,,,,,,,0.084622574,0.002016165,0.056960074,,0.055671334,0.129332155,0.135976994,0.059045366
769,,0.190716175,0.032375703,,,,0.001617692,,,,,,,,0.120381485,0.025821957,0.035170314,,0.049135513,0.022762257,0.068761722,0.232326566
770,,0.047681971,0.040109028,,,,0.076745759,,,,,,,,0.032381273,0.122837592,0.036535377,,0.049681931,0.02728481,0.226264124,0.224477008
771,,0.353090119,0.262925771,,,,0.038198636,,,,,,,,0.16960145,0.020659835,0.330555732,,0.05745136,0.10992014,0.058343302,0.043381514
772,,0.049097021,0.138967128,,,,0.329315183,,,,,,,,0.029845232,0.022259156,0.035381094,,0.049766435,0.025959635,0.112628975,0.160669606
773,,0.051332803,0.033366697,,,,0.051358721,,,,,,,,0.052775453,0.088558024,0.058290973,,0.177652265,0.10141644,0.082775838,0.051632348
774,,0.053757559,0.049106066,,,,0.124880644,,,,,,,,0.157931507,0.125447919,0.184893277,,0.358947398,0.032288797,0.407317779,0.025977144
775,,0.287592818,0.234274552,,,,0.167024676,,,,,,,,0.040375499,0.024292649,0.150423104,,0.197522675,0.003373916,0.003680239,0.037010612
776,,0.056245711,0.031967554,,,,0.036971268,,,,,,,,0.115846302,0.183231935,0.158287488,,0.047154928,0.031660785,0.133044531,0.273091292
777,,0.052521206,0.191461026,,,,0.079919516,,,,,,,,0.033184876,0.001510996,0.03334795,,0.050845496,0.115484776,0.038801646,0.051102641
778,,0.615560459,0.139875182,,,,0.18615565,,,,,,,,0.254241608,0.039015643,0.15776442,,0.066055216,0.042977533,0.089430093,0.062869551
779,,0.058901696,0.033329142,,,,0.157103082,,,,,,,,0.099043152,0.022345467,0.317249891,,0.432455382,0.119480243,0.122461089,0.073625594
780,,0.057771107,0.03367428,,,,0.115985413,,,,,,,,0.028512302,0.041870743,0.134984544,,0.197782526,0.023298574,0.153020785,0.067278763
781,,0.045336112,0.046034377,,,,0.067427969,,,,,,,,0.054502596,0.02903232,0.044134286,,0.049925613,0.229651986,0.114184246,0.207256979
782,,0.093390442,0.286572265,,,,0.214005125,,,,,,,,0.047302557,0.130098175,0.373799721,,0.055102768,0.023221436,0.291929429,0.020164021
783,,0.060539937,0.141852681,,,,0.148891773,,,,,,,,0.36069789,0.044041101,0.035378135,,0.227342539,0.038859855,0.042123213,0.040988455
784,,0.049340384,0.035452939,,,,0.034699338,,,,,,,,0.025580996,0.031971915,0.284254541,,0.049925616,0.292225751,0.066509943,0.148718673
785,,0.048288352,0.056859728,,,,0.065585084,,,,,,,,0.224200785,0.400097668,0.033337747,,0.054326795,0.024062196,0.139141572,0.156000456
786,,0.003768519,0.057063672,,,,0.007059568,,,,,,,,0.064314384,0.02147097,0.007806198,,0.747969252,0.029639018,0.142926385,0.035443844
787,,0.056380325,0.014768103,,,,0.047727528,,,,,,,,0.118913336,0.098190997,0.114880044,,0.121690261,0.108202024,0.043280321,0.057998542
788,,0.071833777,0.034290101,,,,0.04146655,,,,,,,,0.036533486,0.024639577,0.262429302,,0.24928887,0.028815476,0.105748192,0.060733748
789,,0.081552177,0.152809319,,,,0.043413668,,,,,,,,0.046271072,0.028298719,0.248903491,,0.047765647,0.024772141,0.037823685,0.206404542
790,,0.051831078,0.028751381,,,,0.04387215,,,,,,,,0.05583389,0.10760153,0.253856039,,0.06434518,0.031031407,0.033243803,0.190869911
791,,0.056007752,0.140641811,,,,0.179230813,,,,,,,,0.028440258,0.025870404,0.03751878,,0.24838823,0.12264077,0.140693235,0.042099095
792,,0.066426695,0.016068814,,,,0.051599724,,,,,,,,0.027090917,0.02850968,0.034521034,,0.192258538,0.022954701,0.029160635,0.146271848
793,,0.052214682,0.035448836,,,,0.187177926,,,,,,,,0.403161091,0.086258265,0.034609727,,0.045693959,0.102670677,0.120055878,0.04983586
794,,0.044637573,0.061652982,,,,0.005438495,,,,,,,,0.161893446,0.020872605,0.318086167,,0.107710567,0.036968694,0.030455989,0.58111414
795,,0.162763978,0.049878149,,,,0.177032471,,,,,,,,0.030549923,0.086621422,0.035482097,,0.173095727,0.157083972,0.138010816,0.099431925
796,,0.053177121,0.053229466,,,,0.168278463,,,,,,,,0.190931357,0.023055434,0.296486648,,0.126208761,0.169217086,0.034492896,0.205817037
797,,0.068208598,0.193149025,,,,0.043316981,,,,,,,,0.170208452,0.022470444,0.143948671,,0.073070248,0.073715995,0.029030512,0.076419641
798,,0.362837828,0.037652997,,,,0.084533143,,,,,,,,0.047355627,0.112339488,0.03463915,,0.066439054,0.124412275,0.123977506,0.05120419
799,,0.045238841,0.032071263,,,,0.278128824,,,,,,,,0.129927053,0.021383722,0.06972332,,0.047345572,0.13243618,0.000545861,0.218808089
800,,0.551476817,0.058843847,,,,0.172096313,,,,,,,,0.071508126,0.118761717,0.310479048,,0.008901282,0.073885805,0.121553549,0.002414228
801,,0.114396917,0.075200002,,,,0.038278331,,,,,,,,0.118243065,0.034376412,0.037509529,,0.271188207,0.106422169,0.286407299,0.004588242
802,,0.166406289,0.034066449,,,,0.11037733,,,,,,,,0.036526367,0.125156263,0.017194103,,0.092295673,0.097803121,0.034841091,0.054586854
803,,0.215202872,0.032043753,,,,0.26487085,,,,,,,,0.041755953,0.024038773,0.273506309,,0.203362607,0.023595661,0.207054677,0.003564571
804,,0.430487049,0.137673912,,,,0.085492635,,,,,,,,0.195454075,0.181362498,0.036330564,,0.048755405,0.129180203,0.153461396,0.062348684
805,,0.062841628,0.154911322,,,,0.334174151,,,,,,,,0.064427879,0.025987884,0.045009312,,0.070292244,0.030745375,0.714782929,0.03955603
806,,0.058340811,0.033365903,,,,0.106511888,,,,,,,,0.168259329,0.022211326,0.251685783,,0.085039772,0.051207037,0.026788502,0.126615635
807,,0.099794903,0.04714112,,,,0.063995015,,,,,,,,0.030480643,0.160779246,0.040205271,,0.276635223,0.126666516,0.157356829,0.035636107
808,,0.050036847,0.160557006,,,,0.047999915,,,,,,,,0.042466694,0.086184243,0.039111355,,0.192808331,0.025953357,0.26717885,0.132096013
809,,0.032722155,0.032260202,,,,0.152827695,,,,,,,,0.205633311,0.084861215,0.121360213,,0.049097831,0.059178158,0.051548021,0.042654222
810,,0.048829671,0.049445517,,,,0.058031151,,,,,,,,0.029875774,0.024034618,0.04316508,,0.058363858,0.130402388,0.161990353,0.154541523
811,,0.038863882,0.210528665,,,,0.062638578,,,,,,,,0.138024653,0.021128992,0.111271615,,0.087123832,,0.052496026,0.238520118
812,,0.068593597,0.090192636,,,,0.385710259,,,,,,,,0.042050809,0.062434998,0.221427769,,0.236000577,,0.14908076,0.231130554
813,,0.049256679,0.03970604,,,,0.052739977,,,,,,,,0.099239975,0.072847021,0.034683442,,0.041817027,,0.035925946,0.045096365
814,,0.19268554,0.079847498,,,,0.063839457,,,,,,,,0.04552916,0.022754825,0.181740878,,0.276029829,,0.035273373,0.043942087
815,,0.067853964,0.074190787,,,,0.04179874,,,,,,,,0.025996507,0.100145428,0.065578552,,0.182810048,,0.023107821,0.150084467
816,,0.194415716,0.063744074,,,,0.004768558,,,,,,,,0.170764517,0.019744775,0.19654211,,0.047935717,,0.138285528,0.233625524
817,,0.049607801,0.039739378,,,,0.06332323,,,,,,,,0.066213105,0.175342175,0.223219169,,0.049263298,,0.122995328,0.051860565
818,,0.061990453,0.156359633,,,,0.384480224,,,,,,,,0.162808423,0.020388705,0.033273966,,0.059445004,,0.02268704,0.051323775
819,,0.041906715,0.077237379,,,,0.004884596,,,,,,,,0.315259567,0.020711408,0.244692637,,0.066982463,,0.17474167,0.130929853
820,,0.060936504,0.03407154,,,,0.173079606,,,,,,,,0.030558052,0.113922719,0.035883587,,0.230508688,,0.165649165,0.081320461
821,,0.191096589,0.089496078,,,,0.002915836,,,,,,,,0.176865293,0.129688318,0.201151823,,0.056571392,,0.385588042,0.198877564
822,,0.05481747,0.032702288,,,,0.042261756,,,,,,,,0.175751764,0.005202821,0.0327291,,0.394007713,,0.051229603,0.035788219
823,,0.089617366,0.104006582,,,,0.064123965,,,,,,,,0.034734884,0.086787662,0.260477759,,0.043000622,,0.120423882,0.003381368
824,,0.200670332,0.050213454,,,,0.045567821,,,,,,,,0.030678706,0.020987524,0.038581032,,0.050790442,,0.11225961,0.005994676
825,,0.230434808,0.052564504,,,,0.220497725,,,,,,,,0.270878057,0.022138829,0.078209985,,0.125970748,,0.170811065,0.049995155
826,,0.131854809,0.034689305,,,,0.147461174,,,,,,,,0.066780442,0.079912178,0.206850072,,0.343660415,,0.143746534,0.067499311
827,,0.215106971,0.031936204,,,,0.003979961,,,,,,,,0.059486655,0.018850787,0.032742549,,0.163940288,,0.033469328,0.040705254
828,,0.075938561,0.143327415,,,,0.14934635,,,,,,,,0.119887862,0.030045542,0.251877868,,0.173388288,,0.142519248,0.238648404
829,,0.047009455,0.069823988,,,,0.040160611,,,,,,,,0.029370395,0.10037661,0.218575628,,0.222650134,,0.152243919,0.039598211
830,,0.196514378,0.070604802,,,,0.061537638,,,,,,,,0.052013414,0.020631287,0.194184641,,0.054157568,,0.207930039,0.133298182
831,,0.191349588,0.137973376,,,,0.004678958,,,,,,,,0.146145717,0.166260545,0.035509648,,0.125372232,,0.143451654,0.02576645
832,,0.047380088,0.036007936,,,,0.226355955,,,,,,,,0.154385037,0.089995319,0.059181121,,0.280502495,,0.130829724,0.046116772
833,,0.077874889,0.017630442,,,,0.03842709,,,,,,,,0.046828649,0.025874625,0.186066824,,0.219943496,,0.21579998,0.359322534
834,,0.403948623,0.031291493,,,,0.159267508,,,,,,,,0.122587278,0.001407852,0.035199772,,0.045483243,,0.051469327,0.053422054
835,,0.051549984,0.20198822,,,,0.002455279,,,,,,,,0.030046955,0.030130313,0.152947923,,0.079806108,,0.224211494,0.047159032
836,,0.093903617,0.111155148,,,,0.000919563,,,,,,,,0.192016485,0.119264976,0.046097759,,0.294146845,,0.02831961,0.203765953
837,,0.115140841,0.033554788,,,,0.001386619,,,,,,,,0.109084436,0.039388681,0.108496309,,0.409772569,,0.244364264,0.037190578
838,,0.047045352,0.020924199,,,,0.037038641,,,,,,,,0.11581547,0.031457177,0.033659244,,0.049699594,,0.048181942,0.282984523
839,,0.068455529,0.035713338,,,,0.031429749,,,,,,,,0.032763851,0.084368639,0.144577879,,0.147116264,,0.160452169,0.050682036
840,,0.049759375,0.08705844,,,,0.041885763,,,,,,,,0.029685697,0.032046667,0.310396999,,0.128713482,,0.023529728,0.295946863
841,,0.195065633,0.087821839,,,,0.139690211,,,,,,,,0.184806791,0.023051709,0.039255879,,0.070960894,,0.039672767,0.179494911
842,,0.58942872,0.035026177,,,,0.038019688,,,,,,,,0.051842825,0.135666934,0.229580833,,0.059755276,,0.116963053,0.090023123
843,,0.05761258,0.05933765,,,,0.278034538,,,,,,,,0.121532346,0.021578342,0.047174378,,0.323707789,,0.037557038,0.0428925
844,,0.055968676,0.006335534,,,,0.042050551,,,,,,,,0.033321972,0.127722211,0.040650375,,0.011335827,,0.128071769,0.143518881
845,,0.050368444,0.043454381,,,,0.064711327,,,,,,,,0.04257128,0.021418466,0.206856006,,0.086180889,,0.155533534,0.074626149
846,,0.050808443,0.14787052,,,,0.150729355,,,,,,,,0.049701691,0.126012951,0.065158685,,0.149839852,,0.046834721,0.003265652
847,,0.066882035,0.106511225,,,,0.04011769,,,,,,,,0.186830993,0.01589034,0.036182205,,0.089621088,,0.024947092,0.171944159
848,,0.41398286,0.152751073,,,,0.052073656,,,,,,,,0.044700207,0.15763918,0.158532086,,0.283342593,,0.164222914,0.040859805
849,,0.192040132,0.05731093,,,,0.179270586,,,,,,,,0.231031662,0.112581803,0.032607977,,0.045445174,,0.032588526,0.105845695
850,,0.049078146,0.035311371,,,,0.439320731,,,,,,,,0.039448659,0.036434622,0.214288118,,0.206364091,,0.044828408,0.049985675
851,,0.075159167,0.153245448,,,,0.248103483,,,,,,,,0.028737459,0.094886908,0.029701259,,0.015715382,,0.152543232,0.257184155
852,,0.328811191,0.030983562,,,,0.004716076,,,,,,,,0.078275432,0.022281406,0.130705764,,0.083793047,,0.004707621,0.322583203
853,,0.047005682,0.036144481,,,,0.041941152,,,,,,,,0.144895389,0.000750547,0.010871183,,0.087038671,,0.033307398,0.158411197
854,,0.349116323,0.040203661,,,,0.043576095,,,,,,,,0.031117491,0.025193547,0.079618103,,0.057445965,,0.127878799,0.061540131
855,,0.319036944,0.056090495,,,,0.041371454,,,,,,,,0.042368905,0.112479474,0.252798857,,0.083382238,,0.029893476,0.043077515
856,,0.04808779,0.039113368,,,,0.190643417,,,,,,,,0.178574996,0.020365909,0.204258788,,0.077646268,,0.033609568,0.074582008
857,,0.061809842,0.139756515,,,,0.171021499,,,,,,,,0.237118653,0.020381552,0.039290309,,0.058914816,,0.029995526,0.198185736
858,,0.339266347,0.150149253,,,,0.036441758,,,,,,,,0.262164555,0.113332637,0.044384956,,0.178722426,,0.276556272,0.061530311
859,,0.053884718,0.036560624,,,,0.010143407,,,,,,,,0.047920743,0.120440036,0.157619068,,0.103600952,,0.030855951,0.194688805
860,,0.051576106,0.03083386,,,,0.041142564,,,,,,,,0.11658147,0.086534315,0.035450979,,0.257772131,,0.082121609,0.308186464
861,,0.116373303,0.177022772,,,,0.164452381,,,,,,,,0.036607107,0.020769159,0.057251168,,0.050318714,,0.022623442,0.079519293
862,,0.067509645,0.033189507,,,,0.2771647,,,,,,,,0.057450752,0.019645066,0.293087612,,0.090263632,,0.034836002,0.039771113
863,,0.716641072,0.04087292,,,,0.035898644,,,,,,,,0.058657963,0.113198586,0.032214876,,0.094770676,,0.118226649,0.175225995
864,,0.0582664,0.063761906,,,,0.185876914,,,,,,,,0.060096549,0.088236876,0.131011064,,0.041806369,,0.010482031,0.047775901
865,,0.068989761,0.049271706,,,,0.006909331,,,,,,,,0.217158896,0.021025423,0.038196835,,0.052474919,,0.180212644,0.166782908
866,,0.200455225,0.039091531,,,,0.040555827,,,,,,,,0.17940177,0.186819756,0.217080079,,0.423284569,,0.139818682,0.090150179
867,,0.048033775,0.1178441,,,,0.014456579,,,,,,,,0.054323228,0.062158045,0.034429572,,0.195742365,,0.03248355,0.393290441
868,,0.067771507,0.177949457,,,,0.060793871,,,,,,,,0.033725439,0.075769456,0.069730411,,0.048769461,,0.248335125,0.211601324
869,,0.239503488,0.031241925,,,,0.011336928,,,,,,,,0.032359935,0.019684198,0.146528861,,0.265835596,,0.007527291,0.180963071
870,,0.225307453,0.033122259,,,,0.016151269,,,,,,,,0.052120055,0.001304662,0.032637572,,0.253556791,,0.180237078,0.28548765
871,,0.070324499,0.173090871,,,,0.015363789,,,,,,,,0.095171888,3.95E-05,0.182000732,,0.172908168,,0.044946591,0.049881059
872,,0.249034266,0.036591493,,,,0.00556012,,,,,,,,0.119583088,0.11504713,0.039692207,,0.510263837,,0.006217119,0.021539173
873,,0.063419401,0.041811625,,,,0.048153866,,,,,,,,0.039588635,0.001359999,0.207264009,,0.061902858,,0.02222317,0.069713749
874,,0.053452145,0.2923817,,,,0.00750883,,,,,,,,0.040359834,0.035001033,0.200172995,,0.064260949,,0.091326034,0.259469526
875,,0.201753322,0.041714791,,,,0.001985853,,,,,,,,0.172419334,0.069884277,0.034982366,,0.004730694,,0.02213921,0.242457243
876,,0.168024876,0.189425418,,,,0.051477079,,,,,,,,0.032258462,0.021192469,0.351819463,,0.041815227,,0.056872111,0.226198232
877,,0.053793995,0.035065894,,,,0.01162943,,,,,,,,0.029949486,0.125612477,0.034459842,,0.586179426,,0.046447799,0.366730422
878,,0.196857726,0.062172329,,,,0.157070146,,,,,,,,0.18188714,0.034468334,0.081105342,,0.099725417,,0.28419784,0.268172025
879,,0.0467907,0.138482905,,,,0.004511318,,,,,,,,0.060263481,0.084508023,0.24312405,,0.19724405,,0.025953086,0.182814917
880,,0.037329315,0.037245354,,,,0.004458944,,,,,,,,0.030106059,0.021372313,0.053729396,,0.070478604,,0.12452554,0.032869115
881,,0.050520398,0.025129287,,,,0.021104832,,,,,,,,0.202190917,0.020225618,0.068474155,,0.183292741,,0.164438625,0.061172494
882,,0.195473138,0.036124211,,,,0.168063391,,,,,,,,0.029320393,0.193597224,0.210223322,,0.084137174,,0.030824204,0.227516105
883,,0.190210545,0.200704347,,,,0.038176494,,,,,,,,0.039927693,0.117359455,0.03662927,,0.068575896,,0.144604413,0.067167529
884,,0.048586289,0.036315855,,,,0.032339856,,,,,,,,0.048178523,0.022181471,0.241122281,,0.131877957,,0.104708602,0.249601677
885,,0.066288781,0.045867542,,,,0.04121527,,,,,,,,0.176005409,0.126460579,0.034822206,,0.094555495,,0.023157081,0.042739908
886,,0.162067178,0.186710236,,,,0.112567652,,,,,,,,0.029103301,0.024635953,0.03513855,,0.113932393,,0.178445764,0.012832172
887,,0.365766671,0.192715009,,,,0.042550977,,,,,,,,0.0671012,0.021638309,0.212994242,,0.063740641,,0.027786262,0.041285119
888,,0.057110448,0.056673787,,,,0.055304194,,,,,,,,0.042346431,0.131094498,0.213383325,,0.265600863,,0.136286307,0.226587645
889,,0.189365253,0.036869842,,,,0.066764787,,,,,,,,0.097976601,0.021524698,0.039181759,,0.121246239,,0.118780848,0.053608572
890,,0.248013468,0.144030725,,,,0.056450222,,,,,,,,0.237853917,0.039757391,0.004343586,,0.189887971,,0.025401642,0.19387902
891,,0.052726233,0.104917539,,,,0.039240186,,,,,,,,0.028622409,0.021031318,0.224210857,,0.049334731,,0.183628452,0.058986629
892,,0.049816597,0.118858628,,,,0.19532566,,,,,,,,0.290071001,0.104427069,0.329806982,,0.058002727,,0.003675593,0.299602132
893,,0.052986849,0.035716369,,,,0.157881717,,,,,,,,0.037436729,0.020762329,0.035040997,,0.520145736,,0.028029737,0.1612036
894,,0.114066847,0.040885084,,,,0.198947449,,,,,,,,0.033540696,0.178828527,0.288922982,,0.151968622,,0.132809235,0.067831667
895,,0.071968136,0.033413274,,,,0.048259885,,,,,,,,0.087918757,0.090282739,0.037698102,,0.060417542,,0.026965676,0.356435726
896,,0.055032806,0.138561295,,,,0.234977628,,,,,,,,0.027896166,0.023753607,0.083823243,,0.13251745,,0.193325495,0.233221509
897,,0.455728989,0.056689265,,,,0.042137182,,,,,,,,0.221555963,0.024388673,0.218006423,,0.236653904,,0.151371258,0.046949624
898,,0.234793159,0.141799932,,,,0.056260448,,,,,,,,0.046094866,0.124678417,0.035228928,,0.131081742,,0.022548668,0.041309058
899,,0.145807498,0.002187433,,,,0.328611792,,,,,,,,0.020902485,0.044135675,0.724347633,,0.224641104,,0.024165753,0.673455562
900,,0.301627216,0.033117839,,,,0.038733286,,,,,,,,0.046034258,0.001112175,0.166333601,,0.043192396,,0.142597394,0.070956033
901,,0.051183452,0.049539624,,,,0.045484834,,,,,,,,0.116258998,0.000299126,0.039220758,,0.074837765,,0.16624514,0.053906855
902,,0.040815899,0.058455174,,,,0.004783499,,,,,,,,0.033307515,0.024777754,0.072974958,,0.314968046,,0.310992419,0.020994325
903,,0.122918957,0.16956241,,,,0.153581099,,,,,,,,0.060876234,0.031398409,0.209840788,,0.043281533,,0.131195918,0.054330669
904,,0.067368493,0.050026619,,,,0.039525997,,,,,,,,0.172170903,0.201967563,0.032479695,,0.11933362,,0.088579963,0.063605789
905,,0.37002225,0.036514992,,,,0.05412701,,,,,,,,0.1648784,0.041502296,0.7041484,,0.275931653,,0.153789723,0.143675107
906,,0.079640293,0.179133794,,,,0.002561751,,,,,,,,0.028695501,0.01988508,0.302914204,,0.089425515,,0.028070487,0.05387856
907,,0.574138252,0.037415655,,,,0.001887468,,,,,,,,0.387138332,0.139337537,0.045302745,,0.124066128,,0.173037066,0.172531305
908,,0.049279108,0.037281895,,,,0.000864414,,,,,,,,0.035028888,0.048817756,0.145241286,,0.288812024,,0.007107462,0.04087321
909,,0.090377125,0.152971399,,,,0.246093778,,,,,,,,0.00694464,0.07945204,0.096421995,,0.056722503,,0.007364096,0.045186238
910,,0.056039452,0.032093302,,,,0.038538442,,,,,,,,0.050776047,0.027359537,0.125538944,,0.315798413,,0.033024936,0.090421995
911,,0.086968517,0.039368491,,,,0.344931136,,,,,,,,0.195910506,0.006177913,0.064549424,,0.047940691,,0.101306791,0.043337668
912,,0.175515947,0.147128374,,,,0.029737022,,,,,,,,0.116672218,0.018745394,0.345300582,,0.052116868,,0.032981785,0.051237868
913,,0.063400916,0.036215449,,,,0.109231305,,,,,,,,0.032312819,0.134996323,0.099895938,,0.576041643,,0.039855492,0.170250745
914,,0.050185352,0.119027399,,,,0.035371866,,,,,,,,0.153312918,0.083863694,0.143692792,,0.259667969,,0.273277983,0.04762331
915,,0.050044602,0.101489773,,,,0.013176335,,,,,,,,0.04380279,0.021700057,0.116640459,,0.078476943,,0.047627608,0.07176306
916,,0.24365869,0.03528713,,,,0.029950126,,,,,,,,0.17968237,0.022670153,0.039442623,,0.27357479,,0.099590969,0.132203476
917,,0.077476097,0.031667467,,,,0.185474494,,,,,,,,0.116936305,0.128292053,0.007165809,,0.062884102,,0.0220739,0.036081501
918,,0.600012223,0.064676706,,,,0.002626065,,,,,,,,0.031898537,0.024716615,0.223819214,,0.160525875,,0.033989763,0.02959146
919,,0.066473073,0.15468965,,,,0.172556308,,,,,,,,0.170539857,0.020644765,0.394612591,,0.049275078,,0.148533828,0.187224836
920,,0.050660679,0.166097809,,,,0.04321846,,,,,,,,0.029820381,0.090143992,0.195251995,,0.060679068,,0.116140021,0.049517583
921,,0.199289794,0.034519868,,,,0.006392432,,,,,,,,0.032469658,0.090772317,0.035117508,,0.031720499,,0.131046067,0.157010111
922,,0.043382608,0.053285668,,,,0.001376826,,,,,,,,0.169097754,0.021513831,0.069259784,,0.298022986,,0.034260221,0.050300021
923,,0.193129895,0.032751903,,,,0.001738915,,,,,,,,0.050378728,0.122190545,0.199757588,,0.275106638,,0.12867979,0.102080519
924,,0.047329447,0.151973276,,,,0.017644603,,,,,,,,0.062126772,0.022745477,0.238197932,,0.055540341,,0.020938918,0.052153139
925,,0.512098103,0.034176662,,,,0.042710985,,,,,,,,0.031126253,0.145815987,0.033297571,,0.218671752,,,0.220658425
926,,0.05898587,0.064231222,,,,0.003918481,,,,,,,,0.041077659,0.105333292,0.057370968,,0.272700377,,,0.20429243
927,,0.048346733,0.146011844,,,,0.154641341,,,,,,,,0.170522586,0.14467068,0.090219125,,0.049907677,,,0.01236935
928,,0.192950269,0.035826471,,,,0.216241159,,,,,,,,0.029404315,0.026992968,0.149306259,,0.149803322,,,0.060398327
929,,0.044642695,0.039879563,,,,0.037119045,,,,,,,,0.183217024,0.043350911,0.194708995,,0.19940665,,,0.064654464
930,,0.055610908,0.10854495,,,,0.223698089,,,,,,,,0.136422658,0.102134845,0.063496617,,0.06554077,,,0.283223299
931,,0.077556283,0.036224271,,,,0.03370126,,,,,,,,0.031904975,0.027779081,0.078575981,,,,,0.206399925
932,,0.051787373,0.142429614,,,,0.473933793,,,,,,,,0.029604911,0.025045082,0.128773844,,,,,0.036685802
933,,0.044661049,0.005000315,,,,0.039573832,,,,,,,,0.317961364,0.096188398,0.035800857,,,,,0.174604837
934,,0.423610611,0.029025321,,,,0.062437919,,,,,,,,0.146316276,0.085826873,0.081746319,,,,,0.073935556
935,,0.27658353,0.058633879,,,,0.004028203,,,,,,,,0.031955979,0.022911619,0.148754025,,,,,0.053566665
936,,0.081597749,0.044822856,,,,0.000654317,,,,,,,,0.030443868,0.144070113,0.038197724,,,,,0.059981541
937,,0.052600422,0.05556748,,,,0.092446006,,,,,,,,0.266703848,0.020428377,0.077361822,,,,,0.282504775
938,,0.050291173,0.06397898,,,,0.041851063,,,,,,,,0.056940208,0.184246036,0.057909194,,,,,0.153267317
939,,0.188558693,0.162405796,,,,0.003359197,,,,,,,,0.05418511,0.020534142,0.035557342,,,,,0.106988023
940,,0.051356965,0.073466743,,,,0.259721375,,,,,,,,0.09412096,0.027368157,0.170339395,,,,,0.059405766
941,,0.059429266,0.118092046,,,,0.003668911,,,,,,,,0.203124526,0.030547585,0.032897282,,,,,0.065698918
942,,0.433711896,0.032373388,,,,0.200218788,,,,,,,,0.045141885,0.308853507,0.036996922,,,,,0.15589069
943,,0.199138973,0.140511489,,,,0.036422575,,,,,,,,0.03054436,0.021045682,0.032471016,,,,,0.052080375
944,,0.046542713,0.038087694,,,,0.112663557,,,,,,,,0.139187826,0.0644072,0.09309478,,,,,0.038888087
945,,0.043743608,0.146906524,,,,0.051289814,,,,,,,,0.065751919,0.026088388,0.154210962,,,,,0.188963984
946,,0.074282717,0.032051891,,,,0.004204109,,,,,,,,0.105407675,0.166035154,0.199789626,,,,,0.103421828
947,,0.193704221,0.039462898,,,,0.050742062,,,,,,,,0.028594054,0.02913879,0.168254072,,,,,0.211654502
948,,0.049641098,0.189045655,,,,0.149810062,,,,,,,,0.040141538,0.0406622,0.038007276,,,,,0.086143369
949,,0.086893408,0.140927578,,,,0.182180276,,,,,,,,0.22327852,0.150252223,0.094416574,,,,,0.195091062
950,,0.191124448,0.033462057,,,,0.036312728,,,,,,,,0.033989555,0.070258807,0.278399046,,,,,0.046412294
951,,0.047083058,0.036845289,,,,0.203755459,,,,,,,,0.049910565,0.162291755,0.034566986,,,,,0.023033272
952,,0.051756313,0.031382904,,,,0.004875105,,,,,,,,0.086247261,0.025079153,0.08611209,,,,,0.272274902
953,,0.201976583,0.360598505,,,,0.213938016,,,,,,,,0.038824552,0.02444295,0.004814024,,,,,0.191341332
954,,0.177605229,0.118399279,,,,0.008843909,,,,,,,,0.123506913,0.02407345,0.073347804,,,,,0.047465855
955,,0.057097864,0.035084505,,,,0.037443366,,,,,,,,0.120462371,0.103067879,0.08838431,,,,,0.277165223
956,,0.142050274,0.062493902,,,,0.008110297,,,,,,,,0.034738533,0.01852184,0.056323888,,,,,0.258014141
957,,0.060784401,0.056283171,,,,0.003613534,,,,,,,,0.208492982,0.090524421,0.188717708,,,,,0.087816547
958,,0.196112064,0.016373829,,,,0.004875687,,,,,,,,0.027375943,0.023589969,0.036412213,,,,,0.236639611
959,,0.053778345,0.031075606,,,,0.054243175,,,,,,,,0.160992738,0.026581771,0.135532282,,,,,0.041833786
960,,0.038800533,0.144405867,,,,0.131498177,,,,,,,,0.031675277,0.123693502,0.132447662,,,,,0.235719357
961,,0.04760615,0.138510185,,,,0.008117758,,,,,,,,0.324905862,0.025624732,0.143134799,,,,,0.107779664
962,,0.048107639,0.033077931,,,,0.000226894,,,,,,,,0.032763053,0.143327143,0.03358794,,,,,0.508486832
963,,0.100846638,0.035010674,,,,0.000249541,,,,,,,,0.029673732,0.042194806,0.126436038,,,,,0.239960658
964,,0.057118395,0.01276187,,,,0.000864902,,,,,,,,0.11972711,0.085514167,0.034210422,,,,,0.006500182
965,,0.149914404,0.035842904,,,,0.00766779,,,,,,,,0.05929373,0.022522391,0.162647625,,,,,0.220302252
966,,0.04908233,0.070815589,,,,0.078553449,,,,,,,,0.031786648,0.001528193,0.03372422,,,,,0.046768059
967,,0.365642403,0.059703415,,,,0.038555814,,,,,,,,0.122555146,0.000352869,0.20861188,,,,,0.050750238
968,,0.261862252,0.033069111,,,,0.045500101,,,,,,,,0.045401696,0.124523112,0.031910001,,,,,0.361274639
969,,0.054258197,0.214128598,,,,0.32179215,,,,,,,,0.307219758,0.025397635,0.114502152,,,,,0.187851309
970,,0.079160402,0.035196901,,,,0.07439924,,,,,,,,0.205229115,0.116929376,0.183143411,,,,,0.006131889
971,,0.23458612,0.0476644,,,,0.040206293,,,,,,,,0.120160269,0.087900036,0.058696337,,,,,0.016018841
972,,0.045294259,0.040511378,,,,0.151004498,,,,,,,,0.031639675,0.023087242,0.210459548,,,,,0.058661863
973,,0.059292097,0.041037446,,,,0.001946849,,,,,,,,0.037338243,0.249035508,,,,,,0.070662828
974,,0.081287566,0.046804517,,,,0.001191954,,,,,,,,0.82975787,0.023611965,,,,,,0.201695326
975,,0.049246591,0.033206675,,,,0.001194431,,,,,,,,0.174168997,0.146174469,,,,,,0.04102627
976,,0.041438669,0.046517783,,,,0.024436034,,,,,,,,0.034703319,0.091203782,,,,,,0.047862833
977,,0.065986877,0.034800131,,,,0.15899461,,,,,,,,0.053635747,0.092225676,,,,,,0.268540174
978,,0.05363831,0.082466603,,,,0.038947644,,,,,,,,0.050931075,0.026200316,,,,,,0.149816766
979,,0.200706582,0.03389475,,,,0.07080907,,,,,,,,0.029241752,0.020819183,,,,,,0.006282637
980,,0.66977843,0.114897438,,,,0.165914678,,,,,,,,0.026559791,0.136101304,,,,,,0.047737366
981,,0.049968588,0.171728886,,,,0.100492354,,,,,,,,0.153488939,0.016021309,,,,,,0.171050749
982,,0.045597649,0.038035379,,,,0.039618449,,,,,,,,0.046288907,0.101064198,,,,,,0.037841538
983,,0.046705445,0.043989772,,,,0.003777629,,,,,,,,0.121119203,0.022296751,,,,,,0.076280682
984,,0.194856702,0.083620727,,,,0.007568576,,,,,,,,0.031633878,0.000791856,,,,,,0.348778803
985,,0.044905167,0.034985661,,,,0.001837652,,,,,,,,0.039645274,0.000242258,,,,,,0.042747269
986,,0.193859239,0.138266161,,,,0.01933816,,,,,,,,0.176192524,0.037046369,,,,,,0.224233545
987,,0.044249231,0.154451226,,,,0.043485201,,,,,,,,0.169292332,0.072591636,,,,,,0.25270344
988,,0.424035558,0.03353463,,,,0.214823499,,,,,,,,0.033707271,0.024080624,,,,,,0.200394899
989,,0.054225072,0.033862204,,,,0.084467726,,,,,,,,0.042889085,0.020423754,,,,,,0.196770011
990,,0.113111486,0.185862656,,,,0.034474468,,,,,,,,0.033840629,0.114409249,,,,,,0.244422141
991,,0.507215071,0.030977101,,,,0.062303102,,,,,,,,0.139109064,0.084363114,,,,,,0.221892255
992,,0.254034525,0.031797461,,,,0.078470769,,,,,,,,0.042872479,0.023645164,,,,,,0.135262185
993,,0.044363162,0.257973447,,,,0.181224434,,,,,,,,0.069231476,0.020943324,,,,,,0.400812429
994,,0.057825921,0.040937193,,,,0.040434382,,,,,,,,0.066431835,0.097296868,,,,,,0.112609598
995,,0.264962111,0.031670598,,,,0.184676962,,,,,,,,0.136128687,0.02028003,,,,,,0.242608719
996,,0.047720696,0.14799502,,,,0.295717991,,,,,,,,0.029192132,0.020373091,,,,,,
997,,0.297818088,0.102226021,,,,0.039443305,,,,,,,,0.036293311,0.067473023,,,,,,
998,,0.053095277,0.061084537,,,,0.06152691,,,,,,,,0.174035218,0.029893746,,,,,,
999,,0.294271238,0.1416349,,,,0.001683639,,,,,,,,0.043978408,0.113905429,,,,,,
1000,,0.066567493,0.032556996,,,,0.00049336,,,,,,,,0.131479762,0.087859474,,,,,,
1001,,0.054106957,0.023466413,,,,0.001296239,,,,,,,,0.032955239,0.01991834,,,,,,
1002,,0.042183741,0.044123181,,,,0.163083874,,,,,,,,0.054207858,0.227068692,,,,,,
1003,,0.067370755,0.130788113,,,,0.048437532,,,,,,,,0.178183436,0.019191053,,,,,,
1004,,0.049465735,0.122678217,,,,0.07721342,,,,,,,,0.115371708,0.022970097,,,,,,
1005,,0.199930201,0.031427431,,,,0.004231355,,,,,,,,0.03131977,0.141342981,,,,,,
1006,,0.0469618,0.040804911,,,,0.006259359,,,,,,,,0.031180617,0.02145625,,,,,,
1007,,0.195200288,0.183711433,,,,0.072218092,,,,,,,,0.173036322,0.019325299,,,,,,
1008,,0.046560049,0.109147295,,,,0.039835915,,,,,,,,0.152929893,0.160389264,,,,,,
1009,,0.04602719,0.148422647,,,,0.022771732,,,,,,,,0.027705439,0.022314702,,,,,,
1010,,0.288128455,0.152666483,,,,0.041535234,,,,,,,,0.039948755,0.038926336,,,,,,
1011,,0.242695303,0.032627229,,,,0.159550225,,,,,,,,0.057610193,0.098858817,,,,,,
1012,,0.708790687,0.033629011,,,,0.036601432,,,,,,,,0.159968268,0.020531218,,,,,,
1013,,0.046846182,0.177552218,,,,0.157073061,,,,,,,,0.124955623,0.037512557,,,,,,
1014,,0.201881599,0.032616253,,,,0.038759088,,,,,,,,0.029014313,0.085234467,,,,,,
1015,,0.070609489,0.055505422,,,,0.055553784,,,,,,,,0.034526306,0.022084821,,,,,,
1016,,0.055374954,0.076451736,,,,0.085058865,,,,,,,,0.056892196,0.120468277,,,,,,
1017,,0.21524473,0.140547753,,,,0.1200033,,,,,,,,0.251175074,0.021378093,,,,,,
1018,,0.04816211,0.173508987,,,,0.039628526,,,,,,,,0.031477064,0.115666162,,,,,,
1019,,0.191508283,0.038947114,,,,0.226507365,,,,,,,,0.031237775,0.024492536,,,,,,
1020,,0.046912085,0.217599117,,,,0.0374788,,,,,,,,0.119619377,0.106230785,,,,,,
1021,,0.072231468,0.032940108,,,,0.046996454,,,,,,,,0.117221373,0.084255006,,,,,,
1022,,0.246247563,0.012464278,,,,0.067955308,,,,,,,,0.028459687,0.022972672,,,,,,
1023,,0.20725503,0.030991391,,,,0.044256184,,,,,,,,0.277066673,0.11861601,,,,,,
1024,,0.242724182,0.172409185,,,,0.264125382,,,,,,,,0.030406304,0.08688515,,,,,,
1025,,0.254183546,0.068163491,,,,0.036580341,,,,,,,,0.236506179,0.021335983,,,,,,
1026,,0.057124615,0.039443583,,,,0.010095571,,,,,,,,0.035489327,0.140151521,,,,,,
1027,,0.049484778,0.037373813,,,,0.220729534,,,,,,,,0.157065779,0.003707617,,,,,,
1028,,0.203563548,0.130569061,,,,0.073970414,,,,,,,,0.032270656,0.020563783,,,,,,
1029,,0.044743629,0.035385459,,,,0.187314682,,,,,,,,0.027114993,0.044426578,,,,,,
1030,,0.065075105,0.050534504,,,,0.007745645,,,,,,,,0.163127425,0.023694247,,,,,,
1031,,0.082094519,0.132031707,,,,0.035164698,,,,,,,,0.175378254,0.033961036,,,,,,
1032,,0.302079982,0.038220731,,,,0.007252963,,,,,,,,0.03086615,0.138789871,,,,,,
1033,,0.239491263,0.060934885,,,,0.791785096,,,,,,,,0.039181098,0.023164474,,,,,,
1034,,0.054279719,0.040811598,,,,0.054658733,,,,,,,,0.087318463,0.018902402,,,,,,
1035,,0.047719086,0.035990597,,,,0.051425704,,,,,,,,0.197308561,0.166519197,,,,,,
1036,,0.122009264,0.135226728,,,,0.221152461,,,,,,,,0.140390955,0.083542101,,,,,,
1037,,0.129612551,0.238718529,,,,0.054186505,,,,,,,,0.034132423,0.021844335,,,,,,
1038,,0.064271796,0.032710989,,,,0.009265436,,,,,,,,0.025933719,0.173933873,,,,,,
1039,,0.05786574,0.049184897,,,,0.009329926,,,,,,,,0.126624704,0.022149721,,,,,,
1040,,0.199609517,0.039338586,,,,0.215630441,,,,,,,,0.030057647,0.122035319,,,,,,
1041,,0.235142474,0.095683386,,,,0.040589766,,,,,,,,0.164742145,0.021679226,,,,,,
1042,,0.046613023,0.038608617,,,,0.042941821,,,,,,,,0.030343327,0.190331753,,,,,,
1043,,0.513790176,0.260034672,,,,0.212634553,,,,,,,,0.044431237,0.024744706,,,,,,
1044,,0.494066432,0.032942645,,,,0.037206433,,,,,,,,0.116662277,0.001146904,,,,,,
1045,,0.046107135,0.035849823,,,,0.052738354,,,,,,,,0.034943434,0.013294195,,,,,,
1046,,0.416202171,0.05933511,,,,0.060626033,,,,,,,,0.13997535,0.023520926,,,,,,
1047,,0.045264124,0.260897425,,,,0.003591977,,,,,,,,0.051899532,0.019975313,,,,,,
1048,,0.1378833,0.035877657,,,,0.002206965,,,,,,,,0.032416083,0.022396233,,,,,,
1049,,0.24203206,0.012800183,,,,0.16720554,,,,,,,,0.232476902,0.023802457,,,,,,
1050,,0.045238095,0.02889273,,,,0.039869665,,,,,,,,0.16408326,0.102912693,,,,,,
1051,,0.047468407,0.194480657,,,,0.090222535,,,,,,,,0.031234491,0.022674111,,,,,,
1052,,0.3228589,0.165336842,,,,0.002959937,,,,,,,,0.030062826,0.020353995,,,,,,
1053,,0.249706036,0.03464957,,,,0.001009887,,,,,,,,0.006300921,0.09077885,,,,,,
1054,,0.068012582,0.030085356,,,,0.050773568,,,,,,,,0.005241611,0.020267527,,,,,,
1055,,0.06859056,0.134811711,,,,0.192894047,,,,,,,,0.047022351,0.148293889,,,,,,
1056,,0.053427086,0.033682014,,,,0.158079789,,,,,,,,0.034516993,0.021059996,,,,,,
1057,,0.256133241,0.071022717,,,,0.039456678,,,,,,,,0.028572461,0.101124162,,,,,,
1058,,0.059450676,0.01839322,,,,0.209571898,,,,,,,,0.0315931,0.021710833,,,,,,
1059,,0.620748095,0.033637224,,,,0.337717145,,,,,,,,0.129044234,0.107695299,,,,,,
1060,,0.123388465,0.143487291,,,,0.039403109,,,,,,,,0.13602165,0.087437752,,,,,,
1061,,0.374563221,0.031373622,,,,0.209397997,,,,,,,,0.026865973,0.02385038,,,,,,
1062,,0.056762703,0.116667944,,,,0.037161185,,,,,,,,0.028386655,0.112997465,,,,,,
1063,,0.060887522,0.04173959,,,,0.420889949,,,,,,,,0.12357947,0.093908942,,,,,,
1064,,0.062445427,0.143642943,,,,0.047649915,,,,,,,,0.038382524,0.039765851,,,,,,
1065,,0.046800942,0.066615109,,,,0.005600434,,,,,,,,0.218492425,0.036394478,,,,,,
1066,,0.061473269,0.047507179,,,,0.000173185,,,,,,,,0.030930477,0.035674368,,,,,,
1067,,0.092993395,0.042033873,,,,,,,,,,,,0.215302394,0.023758907,,,,,,
1068,,0.051734122,0.003661445,,,,,,,,,,,,0.030133849,0.145228555,,,,,,
1069,,0.238794585,0.035197743,,,,,,,,,,,,0.030549328,0.245282752,,,,,,
1070,,0.058200751,0.144751736,,,,,,,,,,,,0.206170938,0.002389781,,,,,,
1071,,0.065401354,0.141778176,,,,,,,,,,,,0.032384495,0,,,,,,
1072,,0.114494315,0.036384234,,,,,,,,,,,,0.046552609,0.02384052,,,,,,
1073,,0.52433801,0.044096896,,,,,,,,,,,,0.176941774,0.101695542,,,,,,
1074,,0.050377034,0.144394076,,,,,,,,,,,,0.172881214,0.034325076,,,,,,
1075,,0.070780029,0.035052217,,,,,,,,,,,,0.031651669,0.019240107,,,,,,
1076,,0.291618941,0.083369429,,,,,,,,,,,,0.153568032,0.101918898,,,,,,
1077,,0.06488583,0.034778035,,,,,,,,,,,,0.270362054,0.024491549,,,,,,
1078,,0.04667223,0.033953934,,,,,,,,,,,,0.253252294,0.097457197,,,,,,
1079,,0.203697211,0.055403454,,,,,,,,,,,,0.029857478,0.022584347,,,,,,
1080,,0.098380744,0.135353716,,,,,,,,,,,,0.042423354,0.121490396,,,,,,
1081,,0.248134037,0.037937128,,,,,,,,,,,,0.130995291,0.141303157,,,,,,
1082,,0.076010168,0.017547364,,,,,,,,,,,,0.029069854,0.118172761,,,,,,
1083,,0.050969773,0.032385138,,,,,,,,,,,,0.131563262,0.025097298,,,,,,
1084,,0.199907102,0.159183287,,,,,,,,,,,,0.004101548,0.127653589,,,,,,
1085,,0.19402747,0.031549265,,,,,,,,,,,,0.046030273,0.152375123,,,,,,
1086,,0.048470816,0.039548119,,,,,,,,,,,,0.080389791,0.078023912,,,,,,
1087,,0.004137215,0.216860754,,,,,,,,,,,,0.038159695,0.013048998,,,,,,
1088,,0.065900132,0.038684866,,,,,,,,,,,,0.16008352,0.020373933,,,,,,
1089,,0.134144894,0.035616206,,,,,,,,,,,,0.031134187,0.107101638,,,,,,
1090,,0.005250619,0.171117695,,,,,,,,,,,,0.042816467,0.106153443,,,,,,
1091,,0.049740083,0.033021786,,,,,,,,,,,,0.046668491,0.138309907,,,,,,
1092,,0.066688569,0.096320841,,,,,,,,,,,,0.180954655,0.304333698,,,,,,
1093,,0.049946601,0.10835008,,,,,,,,,,,,0.034746048,0.001477952,,,,,,
1094,,0.193742581,0.096628809,,,,,,,,,,,,0.030420192,0.031124,,,,,,
1095,,0.190863988,0.142648887,,,,,,,,,,,,0.131259475,0.11456561,,,,,,
1096,,0.046023038,0.034036201,,,,,,,,,,,,0.029063039,0.002882664,,,,,,
1097,,0.403735107,0.07831501,,,,,,,,,,,,0.166341755,0.037583879,,,,,,
1098,,0.430342517,0.136837995,,,,,,,,,,,,0.02991939,0.021677506,,,,,,
1099,,0.190965122,0.034841757,,,,,,,,,,,,0.154858818,0.081638268,,,,,,
1100,,0.049691027,0.021555283,,,,,,,,,,,,0.190022312,0.025228988,,,,,,
1101,,0.065772748,0.038169676,,,,,,,,,,,,0.034046858,0.171988487,,,,,,
1102,,0.306677182,0.168704982,,,,,,,,,,,,0.030004629,0.021361815,,,,,,
1103,,0.080022689,0.052083127,,,,,,,,,,,,0.191179857,0.022743545,,,,,,
1104,,0.314744378,0.030648328,,,,,,,,,,,,0.073918021,0.146609019,,,,,,
1105,,0.189135225,0.234683889,,,,,,,,,,,,0.013299567,0.022531737,,,,,,
1106,,0.048733576,0.051449823,,,,,,,,,,,,0.152149501,0.254138522,,,,,,
1107,,0.045370758,0.2169912,,,,,,,,,,,,0.037104594,0.025435858,,,,,,
1108,,0.046017015,0.034441113,,,,,,,,,,,,0.163866738,0.003657827,,,,,,
1109,,0.048889932,0.032467256,,,,,,,,,,,,0.129710032,0.02936587,,,,,,
1110,,0.193879864,0.03320815,,,,,,,,,,,,0.104229005,0.117988103,,,,,,
1111,,0.191074288,0.063952001,,,,,,,,,,,,0.02873957,0.021088452,,,,,,
1112,,0.047530091,0.035571082,,,,,,,,,,,,0.045614124,0.111036258,,,,,,
1113,,0.045042126,0.066491659,,,,,,,,,,,,0.042193141,0.104763535,,,,,,
1114,,0.654461757,0.032209853,,,,,,,,,,,,0.224695943,0.43695908,,,,,,
1115,,0.097971786,0.133563499,,,,,,,,,,,,0.032286359,0.153511268,,,,,,
1116,,0.272777127,0.033858877,,,,,,,,,,,,0.02606587,0.020917827,,,,,,
1117,,0.056618492,0.030119134,,,,,,,,,,,,0.13362404,0.238500459,,,,,,
1118,,0.04528204,0.146642701,,,,,,,,,,,,0.031570318,0.042874333,,,,,,
1119,,0.044389248,0.1586727,,,,,,,,,,,,0.122957803,0.089944522,,,,,,
1120,,0.153250947,0.053789424,,,,,,,,,,,,0.178143359,0.023278258,,,,,,
1121,,0.01114366,0.039784713,,,,,,,,,,,,0.03392095,0.032138338,,,,,,
1122,,0.058812735,0.057321824,,,,,,,,,,,,0.156708791,0.144268937,,,,,,
1123,,0.037748099,0.036814813,,,,,,,,,,,,0.035736715,0.204694316,,,,,,
1124,,0.110076115,0.062273964,,,,,,,,,,,,0.022345885,0.098096191,,,,,,
1125,,0.265678659,0.029644702,,,,,,,,,,,,0.138580915,0.108349594,,,,,,
1126,,0.067315364,0.150253285,,,,,,,,,,,,0.029704565,0.027153833,,,,,,
1127,,0.060173505,0.007818029,,,,,,,,,,,,0.059077297,0.001841131,,,,,,
1128,,0.057716406,0.141332485,,,,,,,,,,,,0.057688205,0.025091265,,,,,,
1129,,0.332305109,0.037632319,,,,,,,,,,,,0.168834077,0.119229849,,,,,,
1130,,0.065293107,0.028714535,,,,,,,,,,,,0.029355148,0.021496438,,,,,,
1131,,0.05053493,0.032776056,,,,,,,,,,,,0.031113821,0.024729323,,,,,,
1132,,0.195500089,0.176388005,,,,,,,,,,,,0.156423473,0.162865855,,,,,,
1133,,0.04624537,0.03570161,,,,,,,,,,,,0.031037516,0.022869291,,,,,,
1134,,0.053436285,0.016813069,,,,,,,,,,,,0.179744242,0.046218232,,,,,,
1135,,0.051798105,0.033043562,,,,,,,,,,,,0.034063852,0.046991554,,,,,,
1136,,0.050022357,0.140126494,,,,,,,,,,,,0.217890362,0.095200076,,,,,,
1137,,0.110533395,0.139495235,,,,,,,,,,,,0.029779198,0.058718874,,,,,,
1138,,0.050821593,0.036846446,,,,,,,,,,,,0.150958829,0.085702844,,,,,,
1139,,0.044665036,0.04246878,,,,,,,,,,,,0.041297175,0.022238172,,,,,,
1140,,0.0617246,0.036530237,,,,,,,,,,,,0.132114185,0.027715618,,,,,,
1141,,0.047557887,0.001248174,,,,,,,,,,,,0.029336509,0.023909924,,,,,,
1142,,0.204824868,0.029305897,,,,,,,,,,,,0.038466861,0.169294647,,,,,,
1143,,0.045765431,0.210245532,,,,,,,,,,,,0.079382437,0.020433042,,,,,,
1144,,0.1879533,0.18413797,,,,,,,,,,,,0.165466276,0.032704544,,,,,,
1145,,0.072484509,0.035689884,,,,,,,,,,,,0.03664754,0.072137402,,,,,,
1146,,0.192679552,0.033537248,,,,,,,,,,,,0.312193988,0.025251872,,,,,,
1147,,0.051919723,0.143676568,,,,,,,,,,,,0.029635356,0.120668474,,,,,,
1148,,0.076234437,0.14151765,,,,,,,,,,,,0.248186178,0.021263579,,,,,,
1149,,0.222587515,0.03802134,,,,,,,,,,,,0.034036081,0.083734052,,,,,,
1150,,0.043951201,0.038397879,,,,,,,,,,,,0.032079413,0.021489009,,,,,,
1151,,0.073813822,0.208342312,,,,,,,,,,,,0.122679433,0.020319974,,,,,,
1152,,0.441924464,0.033490149,,,,,,,,,,,,0.041357258,0.091840706,,,,,,
1153,,0.193617005,0.050586754,,,,,,,,,,,,0.196211822,0.122802302,,,,,,
1154,,0.047932853,0.05453417,,,,,,,,,,,,0.05182281,0.036752339,,,,,,
1155,,0.049508874,0.034706208,,,,,,,,,,,,0.031024724,0.144815771,,,,,,
1156,,0.067806553,0.134834239,,,,,,,,,,,,0.214553317,0.022107212,,,,,,
1157,,0.069907862,0.033901494,,,,,,,,,,,,0.032244986,0.079991202,,,,,,
1158,,0.278428415,0.050418884,,,,,,,,,,,,0.054148306,0.023162473,,,,,,
1159,,0.189429043,0.037686972,,,,,,,,,,,,0.121660022,0.194874845,,,,,,
1160,,0.050179241,0.246003293,,,,,,,,,,,,0.032483976,0.020587701,,,,,,
1161,,0.004862133,0.03235573,,,,,,,,,,,,0.048097048,0.041585341,,,,,,
1162,,0.069730595,0.030785863,,,,,,,,,,,,0.196750866,0.255057203,,,,,,
1163,,0.22363767,0.163453843,,,,,,,,,,,,0.115920391,0.027532374,,,,,,
1164,,0.050902804,0.043587639,,,,,,,,,,,,0.031371138,0.080228498,,,,,,
1165,,0.062850904,0.142271254,,,,,,,,,,,,0.175784103,0.019736233,,,,,,
1166,,0.199284168,0.032566865,,,,,,,,,,,,0.034208261,0.036770925,,,,,,
1167,,0.044454511,0.042975023,,,,,,,,,,,,0.181670215,0.104233214,,,,,,
1168,,0.084339088,0.14796104,,,,,,,,,,,,0.064762469,0.119512313,,,,,,
1169,,0.25016064,0.037892079,,,,,,,,,,,,0.139472986,0.019466205,,,,,,
1170,,0.162160093,0.033678835,,,,,,,,,,,,0.049484492,0.125385855,,,,,,
1171,,0.25089277,0.112526015,,,,,,,,,,,,0.144553827,0.033112108,,,,,,
1172,,0.060321579,0.034029981,,,,,,,,,,,,0.179852586,0.135011852,,,,,,
1173,,0.051046053,0.030924527,,,,,,,,,,,,0.032173941,0.0081603,,,,,,
1174,,0.054413824,0.144672788,,,,,,,,,,,,0.228070467,0.091698767,,,,,,
1175,,0.286829751,0.030409676,,,,,,,,,,,,0.132012098,0.025975008,,,,,,
1176,,0.043055715,0.040091882,,,,,,,,,,,,0.028334574,0.034180723,,,,,,
1177,,0.051187957,0.05039037,,,,,,,,,,,,0.036140562,0.089606345,,,,,,
1178,,0.194722877,0.036962673,,,,,,,,,,,,0.050860815,0.021128513,,,,,,
1179,,0.050196718,0.048741662,,,,,,,,,,,,0.183043329,0.151160015,,,,,,
1180,,0.194177098,0.046003764,,,,,,,,,,,,0.222326939,0.02236808,,,,,,
1181,,0.046082407,0.113152495,,,,,,,,,,,,0.263082583,0.129430744,,,,,,
1182,,0.527807169,0.034971164,,,,,,,,,,,,0.120632171,0.024183486,,,,,,
1183,,0.039233172,0.154857663,,,,,,,,,,,,0.032288755,0.02667014,,,,,,
1184,,0.138252512,0.04861949,,,,,,,,,,,,0.051603921,0.158038747,,,,,,
1185,,0.043719327,0.047445313,,,,,,,,,,,,0.350589235,0.032381975,,,,,,
1186,,0.342368536,0.090705225,,,,,,,,,,,,,0.189672702,,,,,,
1187,,0.04850111,0.037386402,,,,,,,,,,,,,0.130634437,,,,,,
1188,,0.244872145,0.142656162,,,,,,,,,,,,,0.024885418,,,,,,
1189,,0.062059813,0.040012794,,,,,,,,,,,,,0.067927666,,,,,,
1190,,0.050849098,0.033225806,,,,,,,,,,,,,0.09210574,,,,,,
1191,,0.01433128,0.173185244,,,,,,,,,,,,,0.022143816,,,,,,
1192,,0.19456663,0.031496741,,,,,,,,,,,,,0.146404974,,,,,,
1193,,0.243378888,0.112592715,,,,,,,,,,,,,0.026166318,,,,,,
1194,,0.045889306,0.031668603,,,,,,,,,,,,,0.028828178,,,,,,
1195,,0.048610391,0.024930262,,,,,,,,,,,,,0.110834722,,,,,,
1196,,0.454391505,0.036022132,,,,,,,,,,,,,0.021679022,,,,,,
1197,,0.048544735,0.145954839,,,,,,,,,,,,,0.021467059,,,,,,
1198,,0.086178321,0.032743363,,,,,,,,,,,,,0.212659227,,,,,,
1199,,0.142571372,0.042020672,,,,,,,,,,,,,0.02232238,,,,,,
1200,,0.193731955,0.045498546,,,,,,,,,,,,,0.02068441,,,,,,
1201,,0.051255937,0.034157274,,,,,,,,,,,,,0.077329418,,,,,,
1202,,0.083597809,0.144917039,,,,,,,,,,,,,0.02136988,,,,,,
1203,,0.293883858,0.155143923,,,,,,,,,,,,,0.037796564,,,,,,
1204,,0.056645271,0.034207323,,,,,,,,,,,,,0.034301889,,,,,,
1205,,0.079110235,0.031010361,,,,,,,,,,,,,0.073686951,,,,,,
1206,,0.256871916,0.197000454,,,,,,,,,,,,,0.033175326,,,,,,
1207,,0.046561249,0.033354479,,,,,,,,,,,,,0.058527534,,,,,,
1208,,0.060554042,0.04136211,,,,,,,,,,,,,0.046178482,,,,,,
1209,,0.194643434,0.054701837,,,,,,,,,,,,,0.111918141,,,,,,
1210,,0.093962009,0.029581069,,,,,,,,,,,,,0.104227933,,,,,,
1211,,0.064101023,0.055447514,,,,,,,,,,,,,0.001080414,,,,,,
1212,,0.043963603,0.033892081,,,,,,,,,,,,,0.022798656,,,,,,
1213,,0.198422932,0.201880581,,,,,,,,,,,,,0.126899398,,,,,,
1214,,0.04897484,0.085532932,,,,,,,,,,,,,0.020175277,,,,,,
1215,,0.053702473,0.158093567,,,,,,,,,,,,,0.022585566,,,,,,
1216,,0.193204272,0.036600256,,,,,,,,,,,,,0.184600939,,,,,,
1217,,0.363909531,0.027724807,,,,,,,,,,,,,0.020520644,,,,,,
1218,,0.047835121,0.031496101,,,,,,,,,,,,,0.001985608,,,,,,
1219,,0.061379836,0.173794288,,,,,,,,,,,,,0.035994797,,,,,,
1220,,0.075229062,0.015336883,,,,,,,,,,,,,0.183597275,,,,,,
1221,,0.056793003,0.072800431,,,,,,,,,,,,,0.022188236,,,,,,
1222,,0.04890499,0.035862736,,,,,,,,,,,,,0.147368801,,,,,,
1223,,0.233109246,0.160723978,,,,,,,,,,,,,0.08630071,,,,,,
1224,,0.065288425,0.046331513,,,,,,,,,,,,,0.003099514,,,,,,
1225,,0.053819949,0.037363529,,,,,,,,,,,,,0.025040089,,,,,,
1226,,0.317401104,0.13955886,,,,,,,,,,,,,0.03268731,,,,,,
1227,,0.044452595,0.022068955,,,,,,,,,,,,,0.182258938,,,,,,
1228,,0.065799544,0.141164822,,,,,,,,,,,,,0.145210831,,,,,,
1229,,0.057484128,0.035956187,,,,,,,,,,,,,0.022649206,,,,,,
1230,,0.355494593,0.045246351,,,,,,,,,,,,,0.033976588,,,,,,
1231,,0.045481848,0.135688021,,,,,,,,,,,,,0.100090191,,,,,,
1232,,0.046905297,0.039980204,,,,,,,,,,,,,0.058526725,,,,,,
1233,,0.487448606,0.043927882,,,,,,,,,,,,,0.086212612,,,,,,
1234,,0.189242984,0.052127283,,,,,,,,,,,,,0.022015434,,,,,,
1235,,0.048205469,0.038352703,,,,,,,,,,,,,0.187181093,,,,,,
1236,,0.059895471,0.036243044,,,,,,,,,,,,,0.084236603,,,,,,
1237,,0.316853215,0.031762482,,,,,,,,,,,,,0.023270275,,,,,,
1238,,0.046725271,0.173722409,,,,,,,,,,,,,0.045505899,,,,,,
1239,,0.051155003,0.05204232,,,,,,,,,,,,,0.034168495,,,,,,
1240,,0.246072467,0.048441139,,,,,,,,,,,,,0.110868723,,,,,,
1241,,0.093795736,0.110092895,,,,,,,,,,,,,0.089296061,,,,,,
1242,,0.262780302,0.033325712,,,,,,,,,,,,,0.021862718,,,,,,
1243,,0.291272154,0.044274287,,,,,,,,,,,,,0.030827223,,,,,,
1244,,0.460549764,0.045968226,,,,,,,,,,,,,0.131435586,,,,,,
1245,,0.055135144,0.033511246,,,,,,,,,,,,,0.144396924,,,,,,
1246,,0.052957681,0.138864104,,,,,,,,,,,,,0.023043748,,,,,,
1247,,0.204501321,0.097461246,,,,,,,,,,,,,0.00183993,,,,,,
1248,,0.040528798,0.043843566,,,,,,,,,,,,,0.000267403,,,,,,
1249,,0.296372519,0.079486638,,,,,,,,,,,,,0.000506917,,,,,,
1250,,0.058422802,0.050970558,,,,,,,,,,,,,0.120578446,,,,,,
1251,,0.060257555,0.034156279,,,,,,,,,,,,,0.020943352,,,,,,
1252,,0.46944988,0.142121791,,,,,,,,,,,,,0.172782437,,,,,,
1253,,0.19266099,0.040973872,,,,,,,,,,,,,0.023208862,,,,,,
1254,,0.04913332,0.032568137,,,,,,,,,,,,,0.019248714,,,,,,
1255,,0.331311385,0.145972009,,,,,,,,,,,,,0.133948005,,,,,,
1256,,0.411338322,0.033552292,,,,,,,,,,,,,0.020023884,,,,,,
1257,,0.061152923,0.039589051,,,,,,,,,,,,,0.132378316,,,,,,
1258,,0.104379579,0.123440042,,,,,,,,,,,,,0.125661543,,,,,,
1259,,0.287710152,0.141052568,,,,,,,,,,,,,0.024005574,,,,,,
1260,,0.048956813,0.03217471,,,,,,,,,,,,,0.020411029,,,,,,
1261,,0.298091724,0.114677484,,,,,,,,,,,,,0.105577826,,,,,,
1262,,0.047697088,0.182545093,,,,,,,,,,,,,0.021526333,,,,,,
1263,,0.197681917,0.017001464,,,,,,,,,,,,,0.024106389,,,,,,
1264,,0.07500579,0.032870381,,,,,,,,,,,,,0.132500032,,,,,,
1265,,0.003213486,0.360855246,,,,,,,,,,,,,0.035249223,,,,,,
1266,,0.046951024,0.032121632,,,,,,,,,,,,,0.030686647,,,,,,
1267,,0.198692148,0.035156033,,,,,,,,,,,,,0.0496792,,,,,,
1268,,0.066265094,0.036865504,,,,,,,,,,,,,0.133660733,,,,,,
1269,,0.191266838,0.037579825,,,,,,,,,,,,,0.116152306,,,,,,
1270,,0.048718882,0.030753598,,,,,,,,,,,,,0.112684816,,,,,,
1271,,0.102962898,0.04062478,,,,,,,,,,,,,0.093532963,,,,,,
1272,,0.045692041,0.13509956,,,,,,,,,,,,,0.025371124,,,,,,
1273,,0.045659056,0.142385572,,,,,,,,,,,,,0.055296922,,,,,,
1274,,0.198479238,0.032269855,,,,,,,,,,,,,0.005734534,,,,,,
1275,,0.237339347,0.042571098,,,,,,,,,,,,,0.089515207,,,,,,
1276,,0.043328619,0.004215132,,,,,,,,,,,,,0.071332216,,,,,,
1277,,0.076890836,0.180623067,,,,,,,,,,,,,0.023521616,,,,,,
1278,,0.104734524,0.035075056,,,,,,,,,,,,,0.027206582,,,,,,
1279,,0.046848181,0.042081009,,,,,,,,,,,,,0.264019605,,,,,,
1280,,0.047660488,0.19478207,,,,,,,,,,,,,0.023439619,,,,,,
1281,,0.31821887,0.042769099,,,,,,,,,,,,,0.140615111,,,,,,
1282,,0.07258615,0.141633523,,,,,,,,,,,,,0.022356128,,,,,,
1283,,0.065509037,0.033230769,,,,,,,,,,,,,0.223706179,,,,,,
1284,,0.048596585,0.036433002,,,,,,,,,,,,,0.089749178,,,,,,
1285,,0.191882734,0.157882493,,,,,,,,,,,,,0.116875971,,,,,,
1286,,0.237595303,0.033616739,,,,,,,,,,,,,0.125807184,,,,,,
1287,,0.077112928,0.04860347,,,,,,,,,,,,,0.02192254,,,,,,
1288,,0.194927708,0.118068231,,,,,,,,,,,,,0.031099984,,,,,,
1289,,0.03660019,0.03427388,,,,,,,,,,,,,0.143163116,,,,,,
1290,,0.280774869,0.031958691,,,,,,,,,,,,,0.026131947,,,,,,
1291,,0.052190932,0.095535257,,,,,,,,,,,,,0.015636851,,,,,,
1292,,0.054473769,0.03900248,,,,,,,,,,,,,0.11619366,,,,,,
1293,,0.194933311,0.358029866,,,,,,,,,,,,,0.023113686,,,,,,
1294,,0.194754836,0.034582665,,,,,,,,,,,,,0.15074877,,,,,,
1295,,0.043975836,0.045760854,,,,,,,,,,,,,0.09520868,,,,,,
1296,,0.415373335,0.053872556,,,,,,,,,,,,,0.022104877,,,,,,
1297,,0.262594525,0.177017157,,,,,,,,,,,,,0.112998773,,,,,,
1298,,0.05782571,0.148942703,,,,,,,,,,,,,0.001746654,,,,,,
1299,,0.053693871,0.037141676,,,,,,,,,,,,,0.004498102,,,,,,
1300,,0.057910416,0.039995755,,,,,,,,,,,,,0.12861198,,,,,,
1301,,0.005662274,0.033062577,,,,,,,,,,,,,0.090273988,,,,,,
1302,,0.067181085,0.152467584,,,,,,,,,,,,,0.02158141,,,,,,
1303,,0.052744623,0.060356059,,,,,,,,,,,,,0.023265068,,,,,,
1304,,0.064989636,0.160573699,,,,,,,,,,,,,0.135071955,,,,,,
1305,,0.086134983,0.040256897,,,,,,,,,,,,,0.027661196,,,,,,
1306,,0.068571774,0.034322935,,,,,,,,,,,,,0.116708848,,,,,,
1307,,0.060489991,0.156314496,,,,,,,,,,,,,0.027718456,,,,,,
1308,,0.075720897,0.067152493,,,,,,,,,,,,,0.102825911,,,,,,
1309,,0.043405141,0.061522195,,,,,,,,,,,,,0.022609551,,,,,,
1310,,0.065028151,0.057310648,,,,,,,,,,,,,0.134762899,,,,,,
1311,,0.052274559,0.144050935,,,,,,,,,,,,,0.09889076,,,,,,
1312,,0.056186031,0.052854968,,,,,,,,,,,,,0.023115346,,,,,,
1313,,0.056774855,0.104321964,,,,,,,,,,,,,0.006669725,,,,,,
1314,,0.101227695,0.14366871,,,,,,,,,,,,,0.002084709,,,,,,
1315,,0.274521905,0.143416626,,,,,,,,,,,,,0.021335183,,,,,,
1316,,0.036954342,0.034725077,,,,,,,,,,,,,0.100396323,,,,,,
1317,,0.058489227,0.048902911,,,,,,,,,,,,,,,,,,,
1318,,0.071622104,0.054119482,,,,,,,,,,,,,,,,,,,
1319,,0.052980811,,,,,,,,,,,,,,,,,,,,
1320,,0.054738847,,,,,,,,,,,,,,,,,,,,
1321,,0.60362637,,,,,,,,,,,,,,,,,,,,
1322,,0.056694095,,,,,,,,,,,,,,,,,,,,
1323,,0.009374573,,,,,,,,,,,,,,,,,,,,
1324,,0.050139078,,,,,,,,,,,,,,,,,,,,
1325,,0.202228475,,,,,,,,,,,,,,,,,,,,
1326,,0.045081059,,,,,,,,,,,,,,,,,,,,
1327,,0.248675841,,,,,,,,,,,,,,,,,,,,
1328,,0.055767023,,,,,,,,,,,,,,,,,,,,
1329,,0.04983593,,,,,,,,,,,,,,,,,,,,
1330,,0.346775157,,,,,,,,,,,,,,,,,,,,
1331,,0.043019585,,,,,,,,,,,,,,,,,,,,
1332,,0.193563729,,,,,,,,,,,,,,,,,,,,
1333,,0.053195549,,,,,,,,,,,,,,,,,,,,
1334,,0.055121552,,,,,,,,,,,,,,,,,,,,
1335,,0.051123558,,,,,,,,,,,,,,,,,,,,
1336,,0.061475608,,,,,,,,,,,,,,,,,,,,
1337,,0.259200562,,,,,,,,,,,,,,,,,,,,
1338,,0.187888963,,,,,,,,,,,,,,,,,,,,
1339,,0.04807442,,,,,,,,,,,,,,,,,,,,
1340,,0.044289871,,,,,,,,,,,,,,,,,,,,
1341,,0.651736603,,,,,,,,,,,,,,,,,,,,
1342,,0.068180409,,,,,,,,,,,,,,,,,,,,
1343,,0.112226915,,,,,,,,,,,,,,,,,,,,
1344,,0.213221319,,,,,,,,,,,,,,,,,,,,
1345,,0.225789124,,,,,,,,,,,,,,,,,,,,
1346,,0.046264566,,,,,,,,,,,,,,,,,,,,
1347,,0.044610352,,,,,,,,,,,,,,,,,,,,
1348,,0.195583135,,,,,,,,,,,,,,,,,,,,
1349,,0.194714489,,,,,,,,,,,,,,,,,,,,
1350,,0.05175615,,,,,,,,,,,,,,,,,,,,
1351,,0.041555231,,,,,,,,,,,,,,,,,,,,
1352,,0.49993676,,,,,,,,,,,,,,,,,,,,
1353,,0.27569596,,,,,,,,,,,,,,,,,,,,
1354,,0.058269031,,,,,,,,,,,,,,,,,,,,
1355,,0.048882159,,,,,,,,,,,,,,,,,,,,
1356,,0.046688262,,,,,,,,,,,,,,,,,,,,
1357,,0.064021997,,,,,,,,,,,,,,,,,,,,
1358,,0.345593478,,,,,,,,,,,,,,,,,,,,
1359,,0.042781999,,,,,,,,,,,,,,,,,,,,
1360,,0.228465587,,,,,,,,,,,,,,,,,,,,
1361,,0.19930941,,,,,,,,,,,,,,,,,,,,
1362,,0.051555754,,,,,,,,,,,,,,,,,,,,
1363,,0.135845438,,,,,,,,,,,,,,,,,,,,
1364,,0.050963046,,,,,,,,,,,,,,,,,,,,
1365,,0.202581823,,,,,,,,,,,,,,,,,,,,
1366,,0.271348808,,,,,,,,,,,,,,,,,,,,
1367,,0.05623483,,,,,,,,,,,,,,,,,,,,
1368,,0.059945392,,,,,,,,,,,,,,,,,,,,
1369,,0.305910843,,,,,,,,,,,,,,,,,,,,
1370,,0.262082948,,,,,,,,,,,,,,,,,,,,
1371,,0.056799433,,,,,,,,,,,,,,,,,,,,
1372,,0.05177561,,,,,,,,,,,,,,,,,,,,
1373,,0.22892605,,,,,,,,,,,,,,,,,,,,
1374,,0.194757545,,,,,,,,,,,,,,,,,,,,
1375,,0.055859932,,,,,,,,,,,,,,,,,,,,
1376,,0.11873048,,,,,,,,,,,,,,,,,,,,
1377,,0.244326728,,,,,,,,,,,,,,,,,,,,
1378,,0.086155341,,,,,,,,,,,,,,,,,,,,
1379,,0.153212173,,,,,,,,,,,,,,,,,,,,
1380,,0.031347051,,,,,,,,,,,,,,,,,,,,
1381,,0.371474639,,,,,,,,,,,,,,,,,,,,
1382,,0.050928806,,,,,,,,,,,,,,,,,,,,
1383,,0.042729734,,,,,,,,,,,,,,,,,,,,
1384,,0.04959855,,,,,,,,,,,,,,,,,,,,
1385,,0.192111786,,,,,,,,,,,,,,,,,,,,
1386,,0.193809124,,,,,,,,,,,,,,,,,,,,
1387,,0.04698709,,,,,,,,,,,,,,,,,,,,
1388,,0.064885329,,,,,,,,,,,,,,,,,,,,
1389,,0.192925309,,,,,,,,,,,,,,,,,,,,
1390,,0.354591041,,,,,,,,,,,,,,,,,,,,
1391,,0.052744132,,,,,,,,,,,,,,,,,,,,
1392,,0.049665662,,,,,,,,,,,,,,,,,,,,
1393,,0.306366351,,,,,,,,,,,,,,,,,,,,
1394,,0.050143879,,,,,,,,,,,,,,,,,,,,
1395,,0.053450081,,,,,,,,,,,,,,,,,,,,
1396,,0.133242307,,,,,,,,,,,,,,,,,,,,
1397,,0.048313693,,,,,,,,,,,,,,,,,,,,
1398,,0.087010253,,,,,,,,,,,,,,,,,,,,
1399,,0.125897994,,,,,,,,,,,,,,,,,,,,
1400,,0.011219422,,,,,,,,,,,,,,,,,,,,
1401,,0.052533136,,,,,,,,,,,,,,,,,,,,
1402,,0.068595696,,,,,,,,,,,,,,,,,,,,
1403,,0.012483343,,,,,,,,,,,,,,,,,,,,
1404,,0.053741786,,,,,,,,,,,,,,,,,,,,
1405,,0.049600183,,,,,,,,,,,,,,,,,,,,
1406,,0.043484585,,,,,,,,,,,,,,,,,,,,
1407,,0.047876964,,,,,,,,,,,,,,,,,,,,
1408,,0.197069832,,,,,,,,,,,,,,,,,,,,
1409,,0.033917158,,,,,,,,,,,,,,,,,,,,
1410,,0.19655631,,,,,,,,,,,,,,,,,,,,
1411,,0.047930841,,,,,,,,,,,,,,,,,,,,
1412,,0.041481376,,,,,,,,,,,,,,,,,,,,
1413,,0.756254654,,,,,,,,,,,,,,,,,,,,
1414,,0.053901989,,,,,,,,,,,,,,,,,,,,
1415,,0.071314332,,,,,,,,,,,,,,,,,,,,
1416,,0.079099362,,,,,,,,,,,,,,,,,,,,
1417,,0.048107755,,,,,,,,,,,,,,,,,,,,
1418,,0.199554789,,,,,,,,,,,,,,,,,,,,
1419,,0.294265288,,,,,,,,,,,,,,,,,,,,
1420,,0.051115353,,,,,,,,,,,,,,,,,,,,
1421,,0.04913764,,,,,,,,,,,,,,,,,,,,
1422,,0.656134991,,,,,,,,,,,,,,,,,,,,
1423,,0.010737076,,,,,,,,,,,,,,,,,,,,
1424,,0.038860338,,,,,,,,,,,,,,,,,,,,
1425,,0.051641893,,,,,,,,,,,,,,,,,,,,
1426,,0.045023282,,,,,,,,,,,,,,,,,,,,
1427,,0.048757411,,,,,,,,,,,,,,,,,,,,
1428,,0.065005522,,,,,,,,,,,,,,,,,,,,
1429,,0.198995205,,,,,,,,,,,,,,,,,,,,
1430,,0.066183061,,,,,,,,,,,,,,,,,,,,
1431,,0.235746419,,,,,,,,,,,,,,,,,,,,
1432,,0.011825723,,,,,,,,,,,,,,,,,,,,
1433,,0.070009449,,,,,,,,,,,,,,,,,,,,
1434,,0.052797941,,,,,,,,,,,,,,,,,,,,
1435,,0.200253203,,,,,,,,,,,,,,,,,,,,
1436,,0.046291523,,,,,,,,,,,,,,,,,,,,
1437,,0.193392097,,,,,,,,,,,,,,,,,,,,
1438,,0.049718417,,,,,,,,,,,,,,,,,,,,
1439,,0.045937996,,,,,,,,,,,,,,,,,,,,
1440,,0.113145162,,,,,,,,,,,,,,,,,,,,
1441,,0.091509514,,,,,,,,,,,,,,,,,,,,
1442,,0.052886624,,,,,,,,,,,,,,,,,,,,
1443,,0.207478151,,,,,,,,,,,,,,,,,,,,
1444,,0.280489913,,,,,,,,,,,,,,,,,,,,
1445,,0.053999641,,,,,,,,,,,,,,,,,,,,
1446,,0.046468558,,,,,,,,,,,,,,,,,,,,
1447,,0.241715909,,,,,,,,,,,,,,,,,,,,
1448,,0.053639071,,,,,,,,,,,,,,,,,,,,
1449,,0.047856913,,,,,,,,,,,,,,,,,,,,
1450,,0.239423765,,,,,,,,,,,,,,,,,,,,
1451,,0.241573762,,,,,,,,,,,,,,,,,,,,
1452,,0.054559202,,,,,,,,,,,,,,,,,,,,
1453,,0.049649004,,,,,,,,,,,,,,,,,,,,
1454,,0.322243017,,,,,,,,,,,,,,,,,,,,
1455,,0.070539822,,,,,,,,,,,,,,,,,,,,
1456,,0.467111545,,,,,,,,,,,,,,,,,,,,
1457,,0.053970542,,,,,,,,,,,,,,,,,,,,
1458,,0.054164642,,,,,,,,,,,,,,,,,,,,
1459,,0.219581276,,,,,,,,,,,,,,,,,,,,
1460,,0.302796872,,,,,,,,,,,,,,,,,,,,
1461,,0.052985427,,,,,,,,,,,,,,,,,,,,
1462,,0.006125119,,,,,,,,,,,,,,,,,,,,
1463,,0.069632448,,,,,,,,,,,,,,,,,,,,
1464,,0.062804328,,,,,,,,,,,,,,,,,,,,
1465,,0.059335222,,,,,,,,,,,,,,,,,,,,
1466,,0.23327181,,,,,,,,,,,,,,,,,,,,
1467,,0.04671024,,,,,,,,,,,,,,,,,,,,
1468,,0,,,,,,,,,,,,,,,,,,,,
1469,,0.057251551,,,,,,,,,,,,,,,,,,,,
1470,,0.04545276,,,,,,,,,,,,,,,,,,,,
1471,,0.04391361,,,,,,,,,,,,,,,,,,,,
1472,,0.391746421,,,,,,,,,,,,,,,,,,,,
1473,,0.225082233,,,,,,,,,,,,,,,,,,,,
1474,,0.040666066,,,,,,,,,,,,,,,,,,,,
1475,,0.200663855,,,,,,,,,,,,,,,,,,,,
1476,,0.039466084,,,,,,,,,,,,,,,,,,,,
1477,,0.053820224,,,,,,,,,,,,,,,,,,,,
1478,,0.232383187,,,,,,,,,,,,,,,,,,,,
1479,,0.047372631,,,,,,,,,,,,,,,,,,,,
1480,,0.044794852,,,,,,,,,,,,,,,,,,,,
1481,,0.110602391,,,,,,,,,,,,,,,,,,,,
1482,,0.058588033,,,,,,,,,,,,,,,,,,,,
1483,,0.059733041,,,,,,,,,,,,,,,,,,,,
1484,,0.068385419,,,,,,,,,,,,,,,,,,,,
1485,,0.053329434,,,,,,,,,,,,,,,,,,,,
1486,,0.022747762,,,,,,,,,,,,,,,,,,,,
1487,,0.006582075,,,,,,,,,,,,,,,,,,,,
1488,,0.067847467,,,,,,,,,,,,,,,,,,,,
1489,,0.0636944,,,,,,,,,,,,,,,,,,,,
1490,,0.086893646,,,,,,,,,,,,,,,,,,,,
1491,,0.054614021,,,,,,,,,,,,,,,,,,,,
1492,,0.148288808,,,,,,,,,,,,,,,,,,,,
1493,,0.067134349,,,,,,,,,,,,,,,,,,,,
1494,,0.115259114,,,,,,,,,,,,,,,,,,,,
1495,,0.06462606,,,,,,,,,,,,,,,,,,,,
1496,,0.099873501,,,,,,,,,,,,,,,,,,,,
1497,,0.065936618,,,,,,,,,,,,,,,,,,,,
1498,,0.052078742,,,,,,,,,,,,,,,,,,,,
1499,,0.075341826,,,,,,,,,,,,,,,,,,,,
1500,,0.278430308,,,,,,,,,,,,,,,,,,,,
1501,,0.049693326,,,,,,,,,,,,,,,,,,,,
1502,,0.079637411,,,,,,,,,,,,,,,,,,,,
1503,,0.193953187,,,,,,,,,,,,,,,,,,,,
1504,,0.04606119,,,,,,,,,,,,,,,,,,,,
1505,,0.044532154,,,,,,,,,,,,,,,,,,,,
1506,,0.08971697,,,,,,,,,,,,,,,,,,,,
1507,,0.048650927,,,,,,,,,,,,,,,,,,,,
1508,,0.069304142,,,,,,,,,,,,,,,,,,,,
1509,,0.391988746,,,,,,,,,,,,,,,,,,,,
1510,,0.042496381,,,,,,,,,,,,,,,,,,,,
1511,,0.115820923,,,,,,,,,,,,,,,,,,,,
1512,,0.051001247,,,,,,,,,,,,,,,,,,,,
1513,,0.042139198,,,,,,,,,,,,,,,,,,,,
1514,,0.092922232,,,,,,,,,,,,,,,,,,,,
1515,,0.075580977,,,,,,,,,,,,,,,,,,,,
1516,,0.08940435,,,,,,,,,,,,,,,,,,,,
1517,,0.184875415,,,,,,,,,,,,,,,,,,,,
1518,,0.055057805,,,,,,,,,,,,,,,,,,,,
1519,,0.045964543,,,,,,,,,,,,,,,,,,,,
1520,,0.079281394,,,,,,,,,,,,,,,,,,,,
1521,,0.10748406,,,,,,,,,,,,,,,,,,,,
1522,,0.045170807,,,,,,,,,,,,,,,,,,,,
1523,,0.227241843,,,,,,,,,,,,,,,,,,,,
1524,,0.36383907,,,,,,,,,,,,,,,,,,,,
1525,,0.057921743,,,,,,,,,,,,,,,,,,,,
1526,,0.045596944,,,,,,,,,,,,,,,,,,,,
1527,,0.197570563,,,,,,,,,,,,,,,,,,,,
1528,,0.047697564,,,,,,,,,,,,,,,,,,,,
1529,,0.059318799,,,,,,,,,,,,,,,,,,,,
1530,,0.047922765,,,,,,,,,,,,,,,,,,,,
1531,,0.060668006,,,,,,,,,,,,,,,,,,,,
1532,,0.066070665,,,,,,,,,,,,,,,,,,,,
1533,,0.059425595,,,,,,,,,,,,,,,,,,,,
1534,,0.051138697,,,,,,,,,,,,,,,,,,,,
1535,,0.107950014,,,,,,,,,,,,,,,,,,,,
1536,,0.047392962,,,,,,,,,,,,,,,,,,,,
1537,,0.048731932,,,,,,,,,,,,,,,,,,,,
1538,,0.042717049,,,,,,,,,,,,,,,,,,,,
1539,,0.095163148,,,,,,,,,,,,,,,,,,,,
1540,,0.02129134,,,,,,,,,,,,,,,,,,,,
1541,,0.063756928,,,,,,,,,,,,,,,,,,,,
1542,,0.0729597,,,,,,,,,,,,,,,,,,,,
1543,,0.202194323,,,,,,,,,,,,,,,,,,,,
1544,,0.24465334,,,,,,,,,,,,,,,,,,,,
1545,,0.002017657,,,,,,,,,,,,,,,,,,,,
1546,,0.137979282,,,,,,,,,,,,,,,,,,,,
1547,,0.053549074,,,,,,,,,,,,,,,,,,,,
1548,,0.048814877,,,,,,,,,,,,,,,,,,,,
1549,,0.076299496,,,,,,,,,,,,,,,,,,,,
1550,,0.002499794,,,,,,,,,,,,,,,,,,,,
1551,,0.050573539,,,,,,,,,,,,,,,,,,,,
1552,,0.067130701,,,,,,,,,,,,,,,,,,,,
1553,,0.051904912,,,,,,,,,,,,,,,,,,,,
1554,,0.055358727,,,,,,,,,,,,,,,,,,,,
1555,,0.064161032,,,,,,,,,,,,,,,,,,,,
1556,,0.061613914,,,,,,,,,,,,,,,,,,,,
1557,,0.178701109,,,,,,,,,,,,,,,,,,,,
1558,,0.113063,,,,,,,,,,,,,,,,,,,,
1559,,0.007568592,,,,,,,,,,,,,,,,,,,,
1560,,0.014136949,,,,,,,,,,,,,,,,,,,,
1561,,0.060475185,,,,,,,,,,,,,,,,,,,,
1562,,0.058252674,,,,,,,,,,,,,,,,,,,,
1563,,0.099891356,,,,,,,,,,,,,,,,,,,,
1564,,0.096535207,,,,,,,,,,,,,,,,,,,,
1565,,0.043461138,,,,,,,,,,,,,,,,,,,,
1566,,0.488039287,,,,,,,,,,,,,,,,,,,,
1567,,0.050537023,,,,,,,,,,,,,,,,,,,,
1568,,0.099708141,,,,,,,,,,,,,,,,,,,,
1569,,0.007186454,,,,,,,,,,,,,,,,,,,,
1570,,0.095661993,,,,,,,,,,,,,,,,,,,,
1571,,0.192409512,,,,,,,,,,,,,,,,,,,,
1572,,0.051433308,,,,,,,,,,,,,,,,,,,,
1573,,0.103169035,,,,,,,,,,,,,,,,,,,,
1574,,0.193775077,,,,,,,,,,,,,,,,,,,,
1575,,0.046444854,,,,,,,,,,,,,,,,,,,,
1576,,0.245581735,,,,,,,,,,,,,,,,,,,,
1577,,0.056779288,,,,,,,,,,,,,,,,,,,,
1578,,0.045569505,,,,,,,,,,,,,,,,,,,,
1579,,0.281493754,,,,,,,,,,,,,,,,,,,,
1580,,0.006228203,,,,,,,,,,,,,,,,,,,,
1581,,0.022680238,,,,,,,,,,,,,,,,,,,,
1582,,0.046017504,,,,,,,,,,,,,,,,,,,,
1583,,0.198576313,,,,,,,,,,,,,,,,,,,,
1584,,0.237655113,,,,,,,,,,,,,,,,,,,,
1585,,0.045771738,,,,,,,,,,,,,,,,,,,,
1586,,0.055679738,,,,,,,,,,,,,,,,,,,,
1587,,0.209054245,,,,,,,,,,,,,,,,,,,,
1588,,0.17694725,,,,,,,,,,,,,,,,,,,,
1589,,0.139705824,,,,,,,,,,,,,,,,,,,,
1590,,0.059080033,,,,,,,,,,,,,,,,,,,,
1591,,0.078372238,,,,,,,,,,,,,,,,,,,,
1592,,0.192106775,,,,,,,,,,,,,,,,,,,,
1593,,0.057651104,,,,,,,,,,,,,,,,,,,,
1594,,0.07805132,,,,,,,,,,,,,,,,,,,,
1595,,0.396372062,,,,,,,,,,,,,,,,,,,,
1596,,0.046371504,,,,,,,,,,,,,,,,,,,,
1597,,0.057388231,,,,,,,,,,,,,,,,,,,,
1598,,0.223030045,,,,,,,,,,,,,,,,,,,,
1599,,0.059885211,,,,,,,,,,,,,,,,,,,,
1600,,0.05642196,,,,,,,,,,,,,,,,,,,,
1601,,0.048744211,,,,,,,,,,,,,,,,,,,,
1602,,0.31924207,,,,,,,,,,,,,,,,,,,,
1603,,0.046387238,,,,,,,,,,,,,,,,,,,,
1604,,0.102262174,,,,,,,,,,,,,,,,,,,,
1605,,0.110796038,,,,,,,,,,,,,,,,,,,,
1606,,0.060857772,,,,,,,,,,,,,,,,,,,,
1607,,0.138390996,,,,,,,,,,,,,,,,,,,,
1608,,0.04706906,,,,,,,,,,,,,,,,,,,,
1609,,0.064974462,,,,,,,,,,,,,,,,,,,,
1610,,0.048887483,,,,,,,,,,,,,,,,,,,,
1611,,0.19534637,,,,,,,,,,,,,,,,,,,,
1612,,0.434512034,,,,,,,,,,,,,,,,,,,,
1613,,0.057676358,,,,,,,,,,,,,,,,,,,,
1614,,0.048020266,,,,,,,,,,,,,,,,,,,,
1615,,0.00305809,,,,,,,,,,,,,,,,,,,,
1616,,0.254579599,,,,,,,,,,,,,,,,,,,,
1617,,0.089651177,,,,,,,,,,,,,,,,,,,,
1618,,0.407063027,,,,,,,,,,,,,,,,,,,,
1619,,0.254000006,,,,,,,,,,,,,,,,,,,,
1620,,0.048964617,,,,,,,,,,,,,,,,,,,,
1621,,0.049050852,,,,,,,,,,,,,,,,,,,,
1622,,0.045836298,,,,,,,,,,,,,,,,,,,,
1623,,0.051027778,,,,,,,,,,,,,,,,,,,,
1624,,0.255986504,,,,,,,,,,,,,,,,,,,,
1625,,0.191648165,,,,,,,,,,,,,,,,,,,,
1626,,0.048849153,,,,,,,,,,,,,,,,,,,,
1627,,0.045462685,,,,,,,,,,,,,,,,,,,,
1628,,0.367163576,,,,,,,,,,,,,,,,,,,,
1629,,0.216000012,,,,,,,,,,,,,,,,,,,,
1630,,0.04779272,,,,,,,,,,,,,,,,,,,,
1631,,0.075880987,,,,,,,,,,,,,,,,,,,,
1632,,0.152157652,,,,,,,,,,,,,,,,,,,,
1633,,0.060400532,,,,,,,,,,,,,,,,,,,,
1634,,0.046998932,,,,,,,,,,,,,,,,,,,,
1635,,0.201481692,,,,,,,,,,,,,,,,,,,,
1636,,0.235421595,,,,,,,,,,,,,,,,,,,,
1637,,0.048819323,,,,,,,,,,,,,,,,,,,,
1638,,0.063345511,,,,,,,,,,,,,,,,,,,,
1639,,0.307786228,,,,,,,,,,,,,,,,,,,,
1640,,0.028044328,,,,,,,,,,,,,,,,,,,,
1641,,0.194620685,,,,,,,,,,,,,,,,,,,,
1642,,0.052620806,,,,,,,,,,,,,,,,,,,,
1643,,0.053757499,,,,,,,,,,,,,,,,,,,,
1644,,0.198707169,,,,,,,,,,,,,,,,,,,,
1645,,0.147669004,,,,,,,,,,,,,,,,,,,,
1646,,0.19166198,,,,,,,,,,,,,,,,,,,,
1647,,0.051211958,,,,,,,,,,,,,,,,,,,,
1648,,0.049551918,,,,,,,,,,,,,,,,,,,,
1649,,0.466340251,,,,,,,,,,,,,,,,,,,,
1650,,0.053388609,,,,,,,,,,,,,,,,,,,,
1651,,0.064600459,,,,,,,,,,,,,,,,,,,,
1652,,0.201367127,,,,,,,,,,,,,,,,,,,,
1653,,0.045586585,,,,,,,,,,,,,,,,,,,,
1654,,0.20389978,,,,,,,,,,,,,,,,,,,,
1655,,0.050716509,,,,,,,,,,,,,,,,,,,,
1656,,0.176101702,,,,,,,,,,,,,,,,,,,,
1657,,0.050075294,,,,,,,,,,,,,,,,,,,,
1658,,0.058413753,,,,,,,,,,,,,,,,,,,,
1659,,0.051698931,,,,,,,,,,,,,,,,,,,,
1660,,0.061391998,,,,,,,,,,,,,,,,,,,,
1661,,0.051964452,,,,,,,,,,,,,,,,,,,,
1662,,0.102041303,,,,,,,,,,,,,,,,,,,,
1663,,0.095161345,,,,,,,,,,,,,,,,,,,,
1664,,0.061050982,,,,,,,,,,,,,,,,,,,,
1665,,0.198451371,,,,,,,,,,,,,,,,,,,,
1666,,0.60860665,,,,,,,,,,,,,,,,,,,,
1667,,0.066253285,,,,,,,,,,,,,,,,,,,,
1668,,0.081557891,,,,,,,,,,,,,,,,,,,,
1669,,0.195094779,,,,,,,,,,,,,,,,,,,,
1670,,0.067438345,,,,,,,,,,,,,,,,,,,,
1671,,0.036857782,,,,,,,,,,,,,,,,,,,,
1672,,0.054685999,,,,,,,,,,,,,,,,,,,,
1673,,0.125885016,,,,,,,,,,,,,,,,,,,,
1674,,0.075759594,,,,,,,,,,,,,,,,,,,,
1675,,0.068675757,,,,,,,,,,,,,,,,,,,,
1676,,0.077324651,,,,,,,,,,,,,,,,,,,,
1677,,0.116009365,,,,,,,,,,,,,,,,,,,,
1678,,0.013877555,,,,,,,,,,,,,,,,,,,,
1679,,0.047423383,,,,,,,,,,,,,,,,,,,,
1680,,0.206697118,,,,,,,,,,,,,,,,,,,,
1681,,0.046704679,,,,,,,,,,,,,,,,,,,,
1682,,0.298480046,,,,,,,,,,,,,,,,,,,,
1683,,0.05522534,,,,,,,,,,,,,,,,,,,,
1684,,0.051594037,,,,,,,,,,,,,,,,,,,,
1685,,0.227802636,,,,,,,,,,,,,,,,,,,,
1686,,0.056773745,,,,,,,,,,,,,,,,,,,,
1687,,0.053734405,,,,,,,,,,,,,,,,,,,,
1688,,0.199272975,,,,,,,,,,,,,,,,,,,,
1689,,0.007624013,,,,,,,,,,,,,,,,,,,,
1690,,0.032461756,,,,,,,,,,,,,,,,,,,,
1691,,0.193221904,,,,,,,,,,,,,,,,,,,,
1692,,0.052159626,,,,,,,,,,,,,,,,,,,,
1693,,0.049016102,,,,,,,,,,,,,,,,,,,,
1694,,0.479916602,,,,,,,,,,,,,,,,,,,,
1695,,0.048346098,,,,,,,,,,,,,,,,,,,,
1696,,0.782116219,,,,,,,,,,,,,,,,,,,,
1697,,0.054399008,,,,,,,,,,,,,,,,,,,,
1698,,0.047007915,,,,,,,,,,,,,,,,,,,,
1699,,0.871473173,,,,,,,,,,,,,,,,,,,,
1700,,0.048068133,,,,,,,,,,,,,,,,,,,,
1701,,0.281847316,,,,,,,,,,,,,,,,,,,,
1702,,0.18937619,,,,,,,,,,,,,,,,,,,,
1703,,0.12475756,,,,,,,,,,,,,,,,,,,,
1704,,0.067140222,,,,,,,,,,,,,,,,,,,,
1705,,0.049653049,,,,,,,,,,,,,,,,,,,,
1706,,0.462026893,,,,,,,,,,,,,,,,,,,,
1707,,0.367000824,,,,,,,,,,,,,,,,,,,,
1708,,0.087622209,,,,,,,,,,,,,,,,,,,,
1709,,0.447969287,,,,,,,,,,,,,,,,,,,,
1710,,0.054193342,,,,,,,,,,,,,,,,,,,,
1711,,0.04639216,,,,,,,,,,,,,,,,,,,,
1712,,0.341818691,,,,,,,,,,,,,,,,,,,,
1713,,0.367889723,,,,,,,,,,,,,,,,,,,,
1714,,0.049934735,,,,,,,,,,,,,,,,,,,,
1715,,0.053313572,,,,,,,,,,,,,,,,,,,,
1716,,0.271457029,,,,,,,,,,,,,,,,,,,,
1717,,0.327331111,,,,,,,,,,,,,,,,,,,,
1718,,0.634484042,,,,,,,,,,,,,,,,,,,,
1719,,0.050138745,,,,,,,,,,,,,,,,,,,,
1720,,0.031628794,,,,,,,,,,,,,,,,,,,,
1721,,0.054028903,,,,,,,,,,,,,,,,,,,,
1722,,0.242631698,,,,,,,,,,,,,,,,,,,,
1723,,0.061487041,,,,,,,,,,,,,,,,,,,,
1724,,0.26836506,,,,,,,,,,,,,,,,,,,,
1725,,0.131294068,,,,,,,,,,,,,,,,,,,,
1726,,0.049747896,,,,,,,,,,,,,,,,,,,,
1727,,0.059759754,,,,,,,,,,,,,,,,,,,,
1728,,0.194290526,,,,,,,,,,,,,,,,,,,,
1729,,0.052677434,,,,,,,,,,,,,,,,,,,,
1730,,0.050697688,,,,,,,,,,,,,,,,,,,,
1731,,0.250528036,,,,,,,,,,,,,,,,,,,,
1732,,0.428676147,,,,,,,,,,,,,,,,,,,,
1733,,0.271965795,,,,,,,,,,,,,,,,,,,,
1734,,0.194325214,,,,,,,,,,,,,,,,,,,,
1735,,0.047175357,,,,,,,,,,,,,,,,,,,,
1736,,0.050953456,,,,,,,,,,,,,,,,,,,,
1737,,0.050870213,,,,,,,,,,,,,,,,,,,,
1738,,0.285394459,,,,,,,,,,,,,,,,,,,,
1739,,0.076729754,,,,,,,,,,,,,,,,,,,,
1740,,0.192045711,,,,,,,,,,,,,,,,,,,,
1741,,0.047965894,,,,,,,,,,,,,,,,,,,,
1742,,0.053806522,,,,,,,,,,,,,,,,,,,,
1743,,0.431333791,,,,,,,,,,,,,,,,,,,,
1744,,0.272510608,,,,,,,,,,,,,,,,,,,,
1745,,0.057536816,,,,,,,,,,,,,,,,,,,,
1746,,0.041103381,,,,,,,,,,,,,,,,,,,,
1747,,0.276920242,,,,,,,,,,,,,,,,,,,,
1748,,0.407836767,,,,,,,,,,,,,,,,,,,,
1749,,0.305388825,,,,,,,,,,,,,,,,,,,,
1750,,0.072464705,,,,,,,,,,,,,,,,,,,,
1751,,0.047178507,,,,,,,,,,,,,,,,,,,,
1752,,0.007741744,,,,,,,,,,,,,,,,,,,,
1753,,0.192226609,,,,,,,,,,,,,,,,,,,,
1754,,0.239985433,,,,,,,,,,,,,,,,,,,,
1755,,0.063290427,,,,,,,,,,,,,,,,,,,,
1756,,0.104691844,,,,,,,,,,,,,,,,,,,,
1757,,0.009273738,,,,,,,,,,,,,,,,,,,,
1758,,0.047587243,,,,,,,,,,,,,,,,,,,,
1759,,0.196406404,,,,,,,,,,,,,,,,,,,,
1760,,0.286004469,,,,,,,,,,,,,,,,,,,,
1761,,0.06225372,,,,,,,,,,,,,,,,,,,,
1762,,0.064854318,,,,,,,,,,,,,,,,,,,,
1763,,0.475731363,,,,,,,,,,,,,,,,,,,,
1764,,0.050316205,,,,,,,,,,,,,,,,,,,,
1765,,0.11605555,,,,,,,,,,,,,,,,,,,,
1766,,0.067745852,,,,,,,,,,,,,,,,,,,,
1767,,0.047764425,,,,,,,,,,,,,,,,,,,,
1768,,0.394485098,,,,,,,,,,,,,,,,,,,,
1769,,0.048592893,,,,,,,,,,,,,,,,,,,,
1770,,0.114714671,,,,,,,,,,,,,,,,,,,,
1771,,0.210484665,,,,,,,,,,,,,,,,,,,,
1772,,0.049837613,,,,,,,,,,,,,,,,,,,,
1773,,0.014289011,,,,,,,,,,,,,,,,,,,,
1774,,0.04514555,,,,,,,,,,,,,,,,,,,,
1775,,0.04973322,,,,,,,,,,,,,,,,,,,,
1776,,0.432284899,,,,,,,,,,,,,,,,,,,,
1777,,0.342904665,,,,,,,,,,,,,,,,,,,,
1778,,0.356964557,,,,,,,,,,,,,,,,,,,,
1779,,0.0820355,,,,,,,,,,,,,,,,,,,,
1780,,0.193876365,,,,,,,,,,,,,,,,,,,,
1781,,0.050909797,,,,,,,,,,,,,,,,,,,,
1782,,0.286533411,,,,,,,,,,,,,,,,,,,,
1783,,0.724478722,,,,,,,,,,,,,,,,,,,,
1784,,0.327693153,,,,,,,,,,,,,,,,,,,,
1785,,,,,,,,,,,,,,,,,,,,,,
1786,,,,,,,,,,,,,,,,,,,,,,